image_path,cow_id,image_count_for_this_cow,split
BeefCattle_Muzzle_database/BeefCattle_Muzzle_Individualized/cattle_0100/cattle_0100_DSCF3860.jpg,cattle_0100,8,train
BeefCattle_Muzzle_database/BeefCattle_Muzzle_Individualized/cattle_0100/cattle_0100_DSCF3861.jpg,cattle_0100,8,train
BeefCattle_Muzzle_database/BeefCattle_Muzzle_Individualized/cattle_0100/cattle_0100_DSCF3865.jpg,cattle_0100,8,train
BeefCattle_Muzzle_database/BeefCattle_Muzzle_Individualized/cattle_0100/cattle_0100_DSCF3866.jpg,cattle_0100,8,train
BeefCattle_Muzzle_database/BeefCattle_Muzzle_Individualized/cattle_0100/cattle_0100_DSCF3859.jpg,cattle_0100,8,train
BeefCattle_Muzzle_database/BeefCattle_Muzzle_Individualized/cattle_0100/cattle_0100_DSCF3862.jpg,cattle_0100,8,val
BeefCattle_Muzzle_database/BeefCattle_Muzzle_Individualized/cattle_0100/cattle_0100_DSCF3856.jpg,cattle_0100,8,test
BeefCattle_Muzzle_database/BeefCattle_Muzzle_Individualized/cattle_0100/cattle_0100_DSCF3858.jpg,cattle_0100,8,test
BeefCattle_Muzzle_database/BeefCattle_Muzzle_Individualized/cattle_0200/cattle_0200_DSCF3876.jpg,cattle_0200,10,train
BeefCattle_Muzzle_database/BeefCattle_Muzzle_Individualized/cattle_0200/cattle_0200_DJI_0119.jpg,cattle_0200,10,train
BeefCattle_Muzzle_database/BeefCattle_Muzzle_Individualized/cattle_0200/cattle_0200_DSCF3871.jpg,cattle_0200,10,train
BeefCattle_Muzzle_database/BeefCattle_Muzzle_Individualized/cattle_0200/cattle_0200_DSCF3873.jpg,cattle_0200,10,train
BeefCattle_Muzzle_database/BeefCattle_Muzzle_Individualized/cattle_0200/cattle_0200_DJI_0115.jpg,cattle_0200,10,train
BeefCattle_Muzzle_database/BeefCattle_Muzzle_Individualized/cattle_0200/cattle_0200_DSCF3868.jpg,cattle_0200,10,train
BeefCattle_Muzzle_database/BeefCattle_Muzzle_Individualized/cattle_0200/cattle_0200_DSCF3870.jpg,cattle_0200,10,train
BeefCattle_Muzzle_database/BeefCattle_Muzzle_Individualized/cattle_0200/cattle_0200_DSCF3879.jpg,cattle_0200,10,val
BeefCattle_Muzzle_database/BeefCattle_Muzzle_Individualized/cattle_0200/cattle_0200_DSCF3877.jpg,cattle_0200,10,test
BeefCattle_Muzzle_database/BeefCattle_Muzzle_Individualized/cattle_0200/cattle_0200_DJI_0116.jpg,cattle_0200,10,test
BeefCattle_Muzzle_database/BeefCattle_Muzzle_Individualized/cattle_0300/cattle_0300_DSCF3884.jpg,cattle_0300,17,train
BeefCattle_Muzzle_database/BeefCattle_Muzzle_Individualized/cattle_0300/cattle_0300_DSCF3887.jpg,cattle_0300,17,train
BeefCattle_Muzzle_database/BeefCattle_Muzzle_Individualized/cattle_0300/cattle_0300_DSCF3880.jpg,cattle_0300,17,train
BeefCattle_Muzzle_database/BeefCattle_Muzzle_Individualized/cattle_0300/cattle_0300_DJI_0123.jpg,cattle_0300,17,train
BeefCattle_Muzzle_database/BeefCattle_Muzzle_Individualized/cattle_0300/cattle_0300_DSCF3890.jpg,cattle_0300,17,train
BeefCattle_Muzzle_database/BeefCattle_Muzzle_Individualized/cattle_0300/cattle_0300_DJI_0124.jpg,cattle_0300,17,train
BeefCattle_Muzzle_database/BeefCattle_Muzzle_Individualized/cattle_0300/cattle_0300_DJI_0128.jpg,cattle_0300,17,train
BeefCattle_Muzzle_database/BeefCattle_Muzzle_Individualized/cattle_0300/cattle_0300_DSCF3891.jpg,cattle_0300,17,train
BeefCattle_Muzzle_database/BeefCattle_Muzzle_Individualized/cattle_0300/cattle_0300_DSCF3888.jpg,cattle_0300,17,train
BeefCattle_Muzzle_database/BeefCattle_Muzzle_Individualized/cattle_0300/cattle_0300_DSCF3881.jpg,cattle_0300,17,train
BeefCattle_Muzzle_database/BeefCattle_Muzzle_Individualized/cattle_0300/cattle_0300_DSCF3889.jpg,cattle_0300,17,train
BeefCattle_Muzzle_database/BeefCattle_Muzzle_Individualized/cattle_0300/cattle_0300_DSCF3885.jpg,cattle_0300,17,val
BeefCattle_Muzzle_database/BeefCattle_Muzzle_Individualized/cattle_0300/cattle_0300_DSCF3886.jpg,cattle_0300,17,val
BeefCattle_Muzzle_database/BeefCattle_Muzzle_Individualized/cattle_0300/cattle_0300_DJI_0125.jpg,cattle_0300,17,test
BeefCattle_Muzzle_database/BeefCattle_Muzzle_Individualized/cattle_0300/cattle_0300_DSCF3883.jpg,cattle_0300,17,test
BeefCattle_Muzzle_database/BeefCattle_Muzzle_Individualized/cattle_0300/cattle_0300_DJI_0122.jpg,cattle_0300,17,test
BeefCattle_Muzzle_database/BeefCattle_Muzzle_Individualized/cattle_0300/cattle_0300_DSCF3882.jpg,cattle_0300,17,test
BeefCattle_Muzzle_database/BeefCattle_Muzzle_Individualized/cattle_0500/cattle_0500_DSCF3905.jpg,cattle_0500,14,train
BeefCattle_Muzzle_database/BeefCattle_Muzzle_Individualized/cattle_0500/cattle_0500_DSCF3903.jpg,cattle_0500,14,train
BeefCattle_Muzzle_database/BeefCattle_Muzzle_Individualized/cattle_0500/cattle_0500_DSCF3902.jpg,cattle_0500,14,train
BeefCattle_Muzzle_database/BeefCattle_Muzzle_Individualized/cattle_0500/cattle_0500_DSCF3908.jpg,cattle_0500,14,train
BeefCattle_Muzzle_database/BeefCattle_Muzzle_Individualized/cattle_0500/cattle_0500_DSCF3907.jpg,cattle_0500,14,train
BeefCattle_Muzzle_database/BeefCattle_Muzzle_Individualized/cattle_0500/cattle_0500_DJI_0135.jpg,cattle_0500,14,train
BeefCattle_Muzzle_database/BeefCattle_Muzzle_Individualized/cattle_0500/cattle_0500_DSCF3906.jpg,cattle_0500,14,train
BeefCattle_Muzzle_database/BeefCattle_Muzzle_Individualized/cattle_0500/cattle_0500_DSCF3904.jpg,cattle_0500,14,train
BeefCattle_Muzzle_database/BeefCattle_Muzzle_Individualized/cattle_0500/cattle_0500_DJI_0136.jpg,cattle_0500,14,train
BeefCattle_Muzzle_database/BeefCattle_Muzzle_Individualized/cattle_0500/cattle_0500_DSCF3909.jpg,cattle_0500,14,val
BeefCattle_Muzzle_database/BeefCattle_Muzzle_Individualized/cattle_0500/cattle_0500_DJI_0140.jpg,cattle_0500,14,val
BeefCattle_Muzzle_database/BeefCattle_Muzzle_Individualized/cattle_0500/cattle_0500_DJI_0139.jpg,cattle_0500,14,test
BeefCattle_Muzzle_database/BeefCattle_Muzzle_Individualized/cattle_0500/cattle_0500_DSCF3900.jpg,cattle_0500,14,test
BeefCattle_Muzzle_database/BeefCattle_Muzzle_Individualized/cattle_0500/cattle_0500_DSCF3901.jpg,cattle_0500,14,test
BeefCattle_Muzzle_database/BeefCattle_Muzzle_Individualized/cattle_0600/cattle_0600_DSCF3920.jpg,cattle_0600,19,train
BeefCattle_Muzzle_database/BeefCattle_Muzzle_Individualized/cattle_0600/cattle_0600_DSCF3918.jpg,cattle_0600,19,train
BeefCattle_Muzzle_database/BeefCattle_Muzzle_Individualized/cattle_0600/cattle_0600_DSCF3910.jpg,cattle_0600,19,train
BeefCattle_Muzzle_database/BeefCattle_Muzzle_Individualized/cattle_0600/cattle_0600_DJI_0143.jpg,cattle_0600,19,train
BeefCattle_Muzzle_database/BeefCattle_Muzzle_Individualized/cattle_0600/cattle_0600_DSCF3911.jpg,cattle_0600,19,train
BeefCattle_Muzzle_database/BeefCattle_Muzzle_Individualized/cattle_0600/cattle_0600_DSCF3916.jpg,cattle_0600,19,train
BeefCattle_Muzzle_database/BeefCattle_Muzzle_Individualized/cattle_0600/cattle_0600_DJI_0141.jpg,cattle_0600,19,train
BeefCattle_Muzzle_database/BeefCattle_Muzzle_Individualized/cattle_0600/cattle_0600_DSCF3922.jpg,cattle_0600,19,train
BeefCattle_Muzzle_database/BeefCattle_Muzzle_Individualized/cattle_0600/cattle_0600_DSCF3921.jpg,cattle_0600,19,train
BeefCattle_Muzzle_database/BeefCattle_Muzzle_Individualized/cattle_0600/cattle_0600_DJI_0147.jpg,cattle_0600,19,train
BeefCattle_Muzzle_database/BeefCattle_Muzzle_Individualized/cattle_0600/cattle_0600_DSCF3914.jpg,cattle_0600,19,train
BeefCattle_Muzzle_database/BeefCattle_Muzzle_Individualized/cattle_0600/cattle_0600_DSCF3915.jpg,cattle_0600,19,train
BeefCattle_Muzzle_database/BeefCattle_Muzzle_Individualized/cattle_0600/cattle_0600_DJI_0146.jpg,cattle_0600,19,train
BeefCattle_Muzzle_database/BeefCattle_Muzzle_Individualized/cattle_0600/cattle_0600_DSCF3913.jpg,cattle_0600,19,val
BeefCattle_Muzzle_database/BeefCattle_Muzzle_Individualized/cattle_0600/cattle_0600_DSCF3923.jpg,cattle_0600,19,val
BeefCattle_Muzzle_database/BeefCattle_Muzzle_Individualized/cattle_0600/cattle_0600_DSCF3917.jpg,cattle_0600,19,test
BeefCattle_Muzzle_database/BeefCattle_Muzzle_Individualized/cattle_0600/cattle_0600_DJI_0145.jpg,cattle_0600,19,test
BeefCattle_Muzzle_database/BeefCattle_Muzzle_Individualized/cattle_0600/cattle_0600_DSCF3919.jpg,cattle_0600,19,test
BeefCattle_Muzzle_database/BeefCattle_Muzzle_Individualized/cattle_0600/cattle_0600_DJI_0142.jpg,cattle_0600,19,test
BeefCattle_Muzzle_database/BeefCattle_Muzzle_Individualized/cattle_0700/cattle_0700_DSCF3935.jpg,cattle_0700,16,train
BeefCattle_Muzzle_database/BeefCattle_Muzzle_Individualized/cattle_0700/cattle_0700_DSCF3936.jpg,cattle_0700,16,train
BeefCattle_Muzzle_database/BeefCattle_Muzzle_Individualized/cattle_0700/cattle_0700_DSCF3934.jpg,cattle_0700,16,train
BeefCattle_Muzzle_database/BeefCattle_Muzzle_Individualized/cattle_0700/cattle_0700_DJI_0148.jpg,cattle_0700,16,train
BeefCattle_Muzzle_database/BeefCattle_Muzzle_Individualized/cattle_0700/cattle_0700_DSCF3930.jpg,cattle_0700,16,train
BeefCattle_Muzzle_database/BeefCattle_Muzzle_Individualized/cattle_0700/cattle_0700_DSCF3933.jpg,cattle_0700,16,train
BeefCattle_Muzzle_database/BeefCattle_Muzzle_Individualized/cattle_0700/cattle_0700_DJI_0154.jpg,cattle_0700,16,train
BeefCattle_Muzzle_database/BeefCattle_Muzzle_Individualized/cattle_0700/cattle_0700_DSCF3929.jpg,cattle_0700,16,train
BeefCattle_Muzzle_database/BeefCattle_Muzzle_Individualized/cattle_0700/cattle_0700_DSCF3932.jpg,cattle_0700,16,train
BeefCattle_Muzzle_database/BeefCattle_Muzzle_Individualized/cattle_0700/cattle_0700_DJI_0155.jpg,cattle_0700,16,train
BeefCattle_Muzzle_database/BeefCattle_Muzzle_Individualized/cattle_0700/cattle_0700_DSCF3926.jpg,cattle_0700,16,train
BeefCattle_Muzzle_database/BeefCattle_Muzzle_Individualized/cattle_0700/cattle_0700_DSCF3931.jpg,cattle_0700,16,val
BeefCattle_Muzzle_database/BeefCattle_Muzzle_Individualized/cattle_0700/cattle_0700_DSCF3928.jpg,cattle_0700,16,val
BeefCattle_Muzzle_database/BeefCattle_Muzzle_Individualized/cattle_0700/cattle_0700_DSCF3925.jpg,cattle_0700,16,test
BeefCattle_Muzzle_database/BeefCattle_Muzzle_Individualized/cattle_0700/cattle_0700_DSCF3927.jpg,cattle_0700,16,test
BeefCattle_Muzzle_database/BeefCattle_Muzzle_Individualized/cattle_0700/cattle_0700_DSCF3924.jpg,cattle_0700,16,test
BeefCattle_Muzzle_database/BeefCattle_Muzzle_Individualized/cattle_0800/cattle_0800_DSCF3943.jpg,cattle_0800,18,train
BeefCattle_Muzzle_database/BeefCattle_Muzzle_Individualized/cattle_0800/cattle_0800_DSCF3942.jpg,cattle_0800,18,train
BeefCattle_Muzzle_database/BeefCattle_Muzzle_Individualized/cattle_0800/cattle_0800_DSCF3944.jpg,cattle_0800,18,train
BeefCattle_Muzzle_database/BeefCattle_Muzzle_Individualized/cattle_0800/cattle_0800_DSCF3940.jpg,cattle_0800,18,train
BeefCattle_Muzzle_database/BeefCattle_Muzzle_Individualized/cattle_0800/cattle_0800_DJI_0158.jpg,cattle_0800,18,train
BeefCattle_Muzzle_database/BeefCattle_Muzzle_Individualized/cattle_0800/cattle_0800_DSCF3945.jpg,cattle_0800,18,train
BeefCattle_Muzzle_database/BeefCattle_Muzzle_Individualized/cattle_0800/cattle_0800_DJI_0157.jpg,cattle_0800,18,train
BeefCattle_Muzzle_database/BeefCattle_Muzzle_Individualized/cattle_0800/cattle_0800_DJI_0156.jpg,cattle_0800,18,train
BeefCattle_Muzzle_database/BeefCattle_Muzzle_Individualized/cattle_0800/cattle_0800_DSCF3946.jpg,cattle_0800,18,train
BeefCattle_Muzzle_database/BeefCattle_Muzzle_Individualized/cattle_0800/cattle_0800_DJI_0160.jpg,cattle_0800,18,train
BeefCattle_Muzzle_database/BeefCattle_Muzzle_Individualized/cattle_0800/cattle_0800_DSCF3939.jpg,cattle_0800,18,train
BeefCattle_Muzzle_database/BeefCattle_Muzzle_Individualized/cattle_0800/cattle_0800_DSCF3941.jpg,cattle_0800,18,train
BeefCattle_Muzzle_database/BeefCattle_Muzzle_Individualized/cattle_0800/cattle_0800_DJI_0161.jpg,cattle_0800,18,val
BeefCattle_Muzzle_database/BeefCattle_Muzzle_Individualized/cattle_0800/cattle_0800_DSCF3937.jpg,cattle_0800,18,val
BeefCattle_Muzzle_database/BeefCattle_Muzzle_Individualized/cattle_0800/cattle_0800_DSCF3947.jpg,cattle_0800,18,test
BeefCattle_Muzzle_database/BeefCattle_Muzzle_Individualized/cattle_0800/cattle_0800_DJI_0162.jpg,cattle_0800,18,test
BeefCattle_Muzzle_database/BeefCattle_Muzzle_Individualized/cattle_0800/cattle_0800_DSCF3938.jpg,cattle_0800,18,test
BeefCattle_Muzzle_database/BeefCattle_Muzzle_Individualized/cattle_0800/cattle_0800_DSCF3948.jpg,cattle_0800,18,test
BeefCattle_Muzzle_database/BeefCattle_Muzzle_Individualized/cattle_0900/cattle_0900_DJI_0165.jpg,cattle_0900,12,train
BeefCattle_Muzzle_database/BeefCattle_Muzzle_Individualized/cattle_0900/cattle_0900_DJI_0163.jpg,cattle_0900,12,train
BeefCattle_Muzzle_database/BeefCattle_Muzzle_Individualized/cattle_0900/cattle_0900_DSCF3950.jpg,cattle_0900,12,train
BeefCattle_Muzzle_database/BeefCattle_Muzzle_Individualized/cattle_0900/cattle_0900_DJI_0164.jpg,cattle_0900,12,train
BeefCattle_Muzzle_database/BeefCattle_Muzzle_Individualized/cattle_0900/cattle_0900_DSCF3952.jpg,cattle_0900,12,train
BeefCattle_Muzzle_database/BeefCattle_Muzzle_Individualized/cattle_0900/cattle_0900_DSCF3957.jpg,cattle_0900,12,train
BeefCattle_Muzzle_database/BeefCattle_Muzzle_Individualized/cattle_0900/cattle_0900_DSCF3954.jpg,cattle_0900,12,train
BeefCattle_Muzzle_database/BeefCattle_Muzzle_Individualized/cattle_0900/cattle_0900_DSCF3953.jpg,cattle_0900,12,train
BeefCattle_Muzzle_database/BeefCattle_Muzzle_Individualized/cattle_0900/cattle_0900_DSCF3958.jpg,cattle_0900,12,val
BeefCattle_Muzzle_database/BeefCattle_Muzzle_Individualized/cattle_0900/cattle_0900_DSCF3951.jpg,cattle_0900,12,test
BeefCattle_Muzzle_database/BeefCattle_Muzzle_Individualized/cattle_0900/cattle_0900_DSCF3956.jpg,cattle_0900,12,test
BeefCattle_Muzzle_database/BeefCattle_Muzzle_Individualized/cattle_0900/cattle_0900_DJI_0166.jpg,cattle_0900,12,test
BeefCattle_Muzzle_database/BeefCattle_Muzzle_Individualized/cattle_1000/cattle_1000_DSCF3963.jpg,cattle_1000,12,train
BeefCattle_Muzzle_database/BeefCattle_Muzzle_Individualized/cattle_1000/cattle_1000_DSCF3961.jpg,cattle_1000,12,train
BeefCattle_Muzzle_database/BeefCattle_Muzzle_Individualized/cattle_1000/cattle_1000_DJI_0170.jpg,cattle_1000,12,train
BeefCattle_Muzzle_database/BeefCattle_Muzzle_Individualized/cattle_1000/cattle_1000_DJI_0171.jpg,cattle_1000,12,train
BeefCattle_Muzzle_database/BeefCattle_Muzzle_Individualized/cattle_1000/cattle_1000_DJI_0176.jpg,cattle_1000,12,train
BeefCattle_Muzzle_database/BeefCattle_Muzzle_Individualized/cattle_1000/cattle_1000_DSCF3968.jpg,cattle_1000,12,train
BeefCattle_Muzzle_database/BeefCattle_Muzzle_Individualized/cattle_1000/cattle_1000_DSCF3966.jpg,cattle_1000,12,train
BeefCattle_Muzzle_database/BeefCattle_Muzzle_Individualized/cattle_1000/cattle_1000_DSCF3962.jpg,cattle_1000,12,train
BeefCattle_Muzzle_database/BeefCattle_Muzzle_Individualized/cattle_1000/cattle_1000_DSCF3960.jpg,cattle_1000,12,val
BeefCattle_Muzzle_database/BeefCattle_Muzzle_Individualized/cattle_1000/cattle_1000_DSCF3967.jpg,cattle_1000,12,test
BeefCattle_Muzzle_database/BeefCattle_Muzzle_Individualized/cattle_1000/cattle_1000_DSCF3965.jpg,cattle_1000,12,test
BeefCattle_Muzzle_database/BeefCattle_Muzzle_Individualized/cattle_1000/cattle_1000_DJI_0177.jpg,cattle_1000,12,test
BeefCattle_Muzzle_database/BeefCattle_Muzzle_Individualized/cattle_1100/cattle_1100_DSCF3973.jpg,cattle_1100,11,train
BeefCattle_Muzzle_database/BeefCattle_Muzzle_Individualized/cattle_1100/cattle_1100_DSCF3976.jpg,cattle_1100,11,train
BeefCattle_Muzzle_database/BeefCattle_Muzzle_Individualized/cattle_1100/cattle_1100_DSCF3975.jpg,cattle_1100,11,train
BeefCattle_Muzzle_database/BeefCattle_Muzzle_Individualized/cattle_1100/cattle_1100_DSCF3981.jpg,cattle_1100,11,train
BeefCattle_Muzzle_database/BeefCattle_Muzzle_Individualized/cattle_1100/cattle_1100_DSCF3972.jpg,cattle_1100,11,train
BeefCattle_Muzzle_database/BeefCattle_Muzzle_Individualized/cattle_1100/cattle_1100_DSCF3978.jpg,cattle_1100,11,train
BeefCattle_Muzzle_database/BeefCattle_Muzzle_Individualized/cattle_1100/cattle_1100_DSCF3974.jpg,cattle_1100,11,train
BeefCattle_Muzzle_database/BeefCattle_Muzzle_Individualized/cattle_1100/cattle_1100_DSCF3971.jpg,cattle_1100,11,val
BeefCattle_Muzzle_database/BeefCattle_Muzzle_Individualized/cattle_1100/cattle_1100_DSCF3982.jpg,cattle_1100,11,test
BeefCattle_Muzzle_database/BeefCattle_Muzzle_Individualized/cattle_1100/cattle_1100_DJI_0181.jpg,cattle_1100,11,test
BeefCattle_Muzzle_database/BeefCattle_Muzzle_Individualized/cattle_1100/cattle_1100_DJI_0185.jpg,cattle_1100,11,test
BeefCattle_Muzzle_database/BeefCattle_Muzzle_Individualized/cattle_1200/cattle_1200_DSCF3988.jpg,cattle_1200,11,train
BeefCattle_Muzzle_database/BeefCattle_Muzzle_Individualized/cattle_1200/cattle_1200_DJI_0190.jpg,cattle_1200,11,train
BeefCattle_Muzzle_database/BeefCattle_Muzzle_Individualized/cattle_1200/cattle_1200_DSCF3985.jpg,cattle_1200,11,train
BeefCattle_Muzzle_database/BeefCattle_Muzzle_Individualized/cattle_1200/cattle_1200_DSCF3984.jpg,cattle_1200,11,train
BeefCattle_Muzzle_database/BeefCattle_Muzzle_Individualized/cattle_1200/cattle_1200_DSCF3987.jpg,cattle_1200,11,train
BeefCattle_Muzzle_database/BeefCattle_Muzzle_Individualized/cattle_1200/cattle_1200_DJI_0188.jpg,cattle_1200,11,train
BeefCattle_Muzzle_database/BeefCattle_Muzzle_Individualized/cattle_1200/cattle_1200_DSCF3992.jpg,cattle_1200,11,train
BeefCattle_Muzzle_database/BeefCattle_Muzzle_Individualized/cattle_1200/cattle_1200_DSCF3986.jpg,cattle_1200,11,val
BeefCattle_Muzzle_database/BeefCattle_Muzzle_Individualized/cattle_1200/cattle_1200_DSCF3990.jpg,cattle_1200,11,test
BeefCattle_Muzzle_database/BeefCattle_Muzzle_Individualized/cattle_1200/cattle_1200_DSCF3989.jpg,cattle_1200,11,test
BeefCattle_Muzzle_database/BeefCattle_Muzzle_Individualized/cattle_1200/cattle_1200_DSCF3991.jpg,cattle_1200,11,test
BeefCattle_Muzzle_database/BeefCattle_Muzzle_Individualized/cattle_1300/cattle_1300_DSCF3995.jpg,cattle_1300,12,train
BeefCattle_Muzzle_database/BeefCattle_Muzzle_Individualized/cattle_1300/cattle_1300_DSCF4003.jpg,cattle_1300,12,train
BeefCattle_Muzzle_database/BeefCattle_Muzzle_Individualized/cattle_1300/cattle_1300_DSCF4004.jpg,cattle_1300,12,train
BeefCattle_Muzzle_database/BeefCattle_Muzzle_Individualized/cattle_1300/cattle_1300_DSCF4005.jpg,cattle_1300,12,train
BeefCattle_Muzzle_database/BeefCattle_Muzzle_Individualized/cattle_1300/cattle_1300_DSCF4002.jpg,cattle_1300,12,train
BeefCattle_Muzzle_database/BeefCattle_Muzzle_Individualized/cattle_1300/cattle_1300_DSCF3998.jpg,cattle_1300,12,train
BeefCattle_Muzzle_database/BeefCattle_Muzzle_Individualized/cattle_1300/cattle_1300_DJI_0198.jpg,cattle_1300,12,train
BeefCattle_Muzzle_database/BeefCattle_Muzzle_Individualized/cattle_1300/cattle_1300_DSCF4001.jpg,cattle_1300,12,train
BeefCattle_Muzzle_database/BeefCattle_Muzzle_Individualized/cattle_1300/cattle_1300_DJI_0202.jpg,cattle_1300,12,val
BeefCattle_Muzzle_database/BeefCattle_Muzzle_Individualized/cattle_1300/cattle_1300_DSCF3999.jpg,cattle_1300,12,test
BeefCattle_Muzzle_database/BeefCattle_Muzzle_Individualized/cattle_1300/cattle_1300_DSCF3996.jpg,cattle_1300,12,test
BeefCattle_Muzzle_database/BeefCattle_Muzzle_Individualized/cattle_1300/cattle_1300_DJI_0199.jpg,cattle_1300,12,test
BeefCattle_Muzzle_database/BeefCattle_Muzzle_Individualized/cattle_1400/cattle_1400_DSCF4011.jpg,cattle_1400,13,train
BeefCattle_Muzzle_database/BeefCattle_Muzzle_Individualized/cattle_1400/cattle_1400_DSCF4006.jpg,cattle_1400,13,train
BeefCattle_Muzzle_database/BeefCattle_Muzzle_Individualized/cattle_1400/cattle_1400_DSCF4007.jpg,cattle_1400,13,train
BeefCattle_Muzzle_database/BeefCattle_Muzzle_Individualized/cattle_1400/cattle_1400_DJI_0206.jpg,cattle_1400,13,train
BeefCattle_Muzzle_database/BeefCattle_Muzzle_Individualized/cattle_1400/cattle_1400_DSCF4014.jpg,cattle_1400,13,train
BeefCattle_Muzzle_database/BeefCattle_Muzzle_Individualized/cattle_1400/cattle_1400_DJI_0207.jpg,cattle_1400,13,train
BeefCattle_Muzzle_database/BeefCattle_Muzzle_Individualized/cattle_1400/cattle_1400_DSCF4008.jpg,cattle_1400,13,train
BeefCattle_Muzzle_database/BeefCattle_Muzzle_Individualized/cattle_1400/cattle_1400_DJI_0208.jpg,cattle_1400,13,train
BeefCattle_Muzzle_database/BeefCattle_Muzzle_Individualized/cattle_1400/cattle_1400_DJI_0209.jpg,cattle_1400,13,train
BeefCattle_Muzzle_database/BeefCattle_Muzzle_Individualized/cattle_1400/cattle_1400_DSCF4009.jpg,cattle_1400,13,val
BeefCattle_Muzzle_database/BeefCattle_Muzzle_Individualized/cattle_1400/cattle_1400_DSCF4015.jpg,cattle_1400,13,test
BeefCattle_Muzzle_database/BeefCattle_Muzzle_Individualized/cattle_1400/cattle_1400_DJI_0212.jpg,cattle_1400,13,test
BeefCattle_Muzzle_database/BeefCattle_Muzzle_Individualized/cattle_1400/cattle_1400_DSCF4013.jpg,cattle_1400,13,test
BeefCattle_Muzzle_database/BeefCattle_Muzzle_Individualized/cattle_1600/cattle_1600_DSCF7270.jpg,cattle_1600,14,train
BeefCattle_Muzzle_database/BeefCattle_Muzzle_Individualized/cattle_1600/cattle_1600_DSCF7268.jpg,cattle_1600,14,train
BeefCattle_Muzzle_database/BeefCattle_Muzzle_Individualized/cattle_1600/cattle_1600_DSCF7263.jpg,cattle_1600,14,train
BeefCattle_Muzzle_database/BeefCattle_Muzzle_Individualized/cattle_1600/cattle_1600_DSCF7272.jpg,cattle_1600,14,train
BeefCattle_Muzzle_database/BeefCattle_Muzzle_Individualized/cattle_1600/cattle_1600_DSCF7275.jpg,cattle_1600,14,train
BeefCattle_Muzzle_database/BeefCattle_Muzzle_Individualized/cattle_1600/cattle_1600_DSCF7271.jpg,cattle_1600,14,train
BeefCattle_Muzzle_database/BeefCattle_Muzzle_Individualized/cattle_1600/cattle_1600_DSCF7273.jpg,cattle_1600,14,train
BeefCattle_Muzzle_database/BeefCattle_Muzzle_Individualized/cattle_1600/cattle_1600_DSCF7274.jpg,cattle_1600,14,train
BeefCattle_Muzzle_database/BeefCattle_Muzzle_Individualized/cattle_1600/cattle_1600_DSCF7264.jpg,cattle_1600,14,train
BeefCattle_Muzzle_database/BeefCattle_Muzzle_Individualized/cattle_1600/cattle_1600_DSCF7265.jpg,cattle_1600,14,val
BeefCattle_Muzzle_database/BeefCattle_Muzzle_Individualized/cattle_1600/cattle_1600_DSCF7266.jpg,cattle_1600,14,val
BeefCattle_Muzzle_database/BeefCattle_Muzzle_Individualized/cattle_1600/cattle_1600_DSCF7262.jpg,cattle_1600,14,test
BeefCattle_Muzzle_database/BeefCattle_Muzzle_Individualized/cattle_1600/cattle_1600_DSCF7261.jpg,cattle_1600,14,test
BeefCattle_Muzzle_database/BeefCattle_Muzzle_Individualized/cattle_1600/cattle_1600_DSCF7269.jpg,cattle_1600,14,test
BeefCattle_Muzzle_database/BeefCattle_Muzzle_Individualized/cattle_1700/cattle_1700_DSCF7430.jpg,cattle_1700,12,train
BeefCattle_Muzzle_database/BeefCattle_Muzzle_Individualized/cattle_1700/cattle_1700_DSCF7431.jpg,cattle_1700,12,train
BeefCattle_Muzzle_database/BeefCattle_Muzzle_Individualized/cattle_1700/cattle_1700_DSCF7425.jpg,cattle_1700,12,train
BeefCattle_Muzzle_database/BeefCattle_Muzzle_Individualized/cattle_1700/cattle_1700_DSCF7428.jpg,cattle_1700,12,train
BeefCattle_Muzzle_database/BeefCattle_Muzzle_Individualized/cattle_1700/cattle_1700_DSCF7435.jpg,cattle_1700,12,train
BeefCattle_Muzzle_database/BeefCattle_Muzzle_Individualized/cattle_1700/cattle_1700_DSCF7436.jpg,cattle_1700,12,train
BeefCattle_Muzzle_database/BeefCattle_Muzzle_Individualized/cattle_1700/cattle_1700_DSCF7429.jpg,cattle_1700,12,train
BeefCattle_Muzzle_database/BeefCattle_Muzzle_Individualized/cattle_1700/cattle_1700_DSCF7432.jpg,cattle_1700,12,train
BeefCattle_Muzzle_database/BeefCattle_Muzzle_Individualized/cattle_1700/cattle_1700_DSCF7434.jpg,cattle_1700,12,val
BeefCattle_Muzzle_database/BeefCattle_Muzzle_Individualized/cattle_1700/cattle_1700_DSCF7427.jpg,cattle_1700,12,test
BeefCattle_Muzzle_database/BeefCattle_Muzzle_Individualized/cattle_1700/cattle_1700_DSCF7433.jpg,cattle_1700,12,test
BeefCattle_Muzzle_database/BeefCattle_Muzzle_Individualized/cattle_1700/cattle_1700_DSCF7426.jpg,cattle_1700,12,test
BeefCattle_Muzzle_database/BeefCattle_Muzzle_Individualized/cattle_1800/cattle_1800_DSCF7554.jpg,cattle_1800,22,train
BeefCattle_Muzzle_database/BeefCattle_Muzzle_Individualized/cattle_1800/cattle_1800_DSCF7542.jpg,cattle_1800,22,train
BeefCattle_Muzzle_database/BeefCattle_Muzzle_Individualized/cattle_1800/cattle_1800_DSCF7537.jpg,cattle_1800,22,train
BeefCattle_Muzzle_database/BeefCattle_Muzzle_Individualized/cattle_1800/cattle_1800_DSCF7541.jpg,cattle_1800,22,train
BeefCattle_Muzzle_database/BeefCattle_Muzzle_Individualized/cattle_1800/cattle_1800_DSCF7545.jpg,cattle_1800,22,train
BeefCattle_Muzzle_database/BeefCattle_Muzzle_Individualized/cattle_1800/cattle_1800_DSCF7555.jpg,cattle_1800,22,train
BeefCattle_Muzzle_database/BeefCattle_Muzzle_Individualized/cattle_1800/cattle_1800_DSCF7539.jpg,cattle_1800,22,train
BeefCattle_Muzzle_database/BeefCattle_Muzzle_Individualized/cattle_1800/cattle_1800_DSCF7548.jpg,cattle_1800,22,train
BeefCattle_Muzzle_database/BeefCattle_Muzzle_Individualized/cattle_1800/cattle_1800_DSCF7543.jpg,cattle_1800,22,train
BeefCattle_Muzzle_database/BeefCattle_Muzzle_Individualized/cattle_1800/cattle_1800_DSCF7556.jpg,cattle_1800,22,train
BeefCattle_Muzzle_database/BeefCattle_Muzzle_Individualized/cattle_1800/cattle_1800_DSCF7535.jpg,cattle_1800,22,train
BeefCattle_Muzzle_database/BeefCattle_Muzzle_Individualized/cattle_1800/cattle_1800_DSCF7540.jpg,cattle_1800,22,train
BeefCattle_Muzzle_database/BeefCattle_Muzzle_Individualized/cattle_1800/cattle_1800_DSCF7536.jpg,cattle_1800,22,train
BeefCattle_Muzzle_database/BeefCattle_Muzzle_Individualized/cattle_1800/cattle_1800_DSCF7552.jpg,cattle_1800,22,train
BeefCattle_Muzzle_database/BeefCattle_Muzzle_Individualized/cattle_1800/cattle_1800_DSCF7550.jpg,cattle_1800,22,train
BeefCattle_Muzzle_database/BeefCattle_Muzzle_Individualized/cattle_1800/cattle_1800_DSCF7538.jpg,cattle_1800,22,val
BeefCattle_Muzzle_database/BeefCattle_Muzzle_Individualized/cattle_1800/cattle_1800_DSCF7553.jpg,cattle_1800,22,val
BeefCattle_Muzzle_database/BeefCattle_Muzzle_Individualized/cattle_1800/cattle_1800_DSCF7551.jpg,cattle_1800,22,val
BeefCattle_Muzzle_database/BeefCattle_Muzzle_Individualized/cattle_1800/cattle_1800_DSCF7549.jpg,cattle_1800,22,test
BeefCattle_Muzzle_database/BeefCattle_Muzzle_Individualized/cattle_1800/cattle_1800_DSCF7546.jpg,cattle_1800,22,test
BeefCattle_Muzzle_database/BeefCattle_Muzzle_Individualized/cattle_1800/cattle_1800_DSCF7547.jpg,cattle_1800,22,test
BeefCattle_Muzzle_database/BeefCattle_Muzzle_Individualized/cattle_1800/cattle_1800_DSCF7544.jpg,cattle_1800,22,test
BeefCattle_Muzzle_database/BeefCattle_Muzzle_Individualized/cattle_1900/cattle_1900_DSCF6805.jpg,cattle_1900,8,train
BeefCattle_Muzzle_database/BeefCattle_Muzzle_Individualized/cattle_1900/cattle_1900_DSCF6811.jpg,cattle_1900,8,train
BeefCattle_Muzzle_database/BeefCattle_Muzzle_Individualized/cattle_1900/cattle_1900_DSCF6808.jpg,cattle_1900,8,train
BeefCattle_Muzzle_database/BeefCattle_Muzzle_Individualized/cattle_1900/cattle_1900_DSCF6809.jpg,cattle_1900,8,train
BeefCattle_Muzzle_database/BeefCattle_Muzzle_Individualized/cattle_1900/cattle_1900_DSCF6806.jpg,cattle_1900,8,train
BeefCattle_Muzzle_database/BeefCattle_Muzzle_Individualized/cattle_1900/cattle_1900_DSCF6810.jpg,cattle_1900,8,val
BeefCattle_Muzzle_database/BeefCattle_Muzzle_Individualized/cattle_1900/cattle_1900_DSCF6804.jpg,cattle_1900,8,test
BeefCattle_Muzzle_database/BeefCattle_Muzzle_Individualized/cattle_1900/cattle_1900_DSCF6807.jpg,cattle_1900,8,test
BeefCattle_Muzzle_database/BeefCattle_Muzzle_Individualized/cattle_2000/cattle_2000_DSCF8501.jpg,cattle_2000,14,train
BeefCattle_Muzzle_database/BeefCattle_Muzzle_Individualized/cattle_2000/cattle_2000_DSCF8497.jpg,cattle_2000,14,train
BeefCattle_Muzzle_database/BeefCattle_Muzzle_Individualized/cattle_2000/cattle_2000_DSCF8470.jpg,cattle_2000,14,train
BeefCattle_Muzzle_database/BeefCattle_Muzzle_Individualized/cattle_2000/cattle_2000_DSCF8494.jpg,cattle_2000,14,train
BeefCattle_Muzzle_database/BeefCattle_Muzzle_Individualized/cattle_2000/cattle_2000_DSCF8493.jpg,cattle_2000,14,train
BeefCattle_Muzzle_database/BeefCattle_Muzzle_Individualized/cattle_2000/cattle_2000_DSCF8500.jpg,cattle_2000,14,train
BeefCattle_Muzzle_database/BeefCattle_Muzzle_Individualized/cattle_2000/cattle_2000_DSCF8471.jpg,cattle_2000,14,train
BeefCattle_Muzzle_database/BeefCattle_Muzzle_Individualized/cattle_2000/cattle_2000_DSCF8499.jpg,cattle_2000,14,train
BeefCattle_Muzzle_database/BeefCattle_Muzzle_Individualized/cattle_2000/cattle_2000_DSCF8472.jpg,cattle_2000,14,train
BeefCattle_Muzzle_database/BeefCattle_Muzzle_Individualized/cattle_2000/cattle_2000_DSCF8496.jpg,cattle_2000,14,val
BeefCattle_Muzzle_database/BeefCattle_Muzzle_Individualized/cattle_2000/cattle_2000_DSCF8473.jpg,cattle_2000,14,val
BeefCattle_Muzzle_database/BeefCattle_Muzzle_Individualized/cattle_2000/cattle_2000_DSCF8495.jpg,cattle_2000,14,test
BeefCattle_Muzzle_database/BeefCattle_Muzzle_Individualized/cattle_2000/cattle_2000_DSCF8498.jpg,cattle_2000,14,test
BeefCattle_Muzzle_database/BeefCattle_Muzzle_Individualized/cattle_2000/cattle_2000_DSCF8492.jpg,cattle_2000,14,test
BeefCattle_Muzzle_database/BeefCattle_Muzzle_Individualized/cattle_2300/cattle_2300_DSCF8863.jpg,cattle_2300,22,train
BeefCattle_Muzzle_database/BeefCattle_Muzzle_Individualized/cattle_2300/cattle_2300_DSCF8865.jpg,cattle_2300,22,train
BeefCattle_Muzzle_database/BeefCattle_Muzzle_Individualized/cattle_2300/cattle_2300_DSCF8873.jpg,cattle_2300,22,train
BeefCattle_Muzzle_database/BeefCattle_Muzzle_Individualized/cattle_2300/cattle_2300_DSCF8864.jpg,cattle_2300,22,train
BeefCattle_Muzzle_database/BeefCattle_Muzzle_Individualized/cattle_2300/cattle_2300_DSCF8869.jpg,cattle_2300,22,train
BeefCattle_Muzzle_database/BeefCattle_Muzzle_Individualized/cattle_2300/cattle_2300_DSCF8870.jpg,cattle_2300,22,train
BeefCattle_Muzzle_database/BeefCattle_Muzzle_Individualized/cattle_2300/cattle_2300_DSCF8868.jpg,cattle_2300,22,train
BeefCattle_Muzzle_database/BeefCattle_Muzzle_Individualized/cattle_2300/cattle_2300_DSCF8880.jpg,cattle_2300,22,train
BeefCattle_Muzzle_database/BeefCattle_Muzzle_Individualized/cattle_2300/cattle_2300_DSCF8866.jpg,cattle_2300,22,train
BeefCattle_Muzzle_database/BeefCattle_Muzzle_Individualized/cattle_2300/cattle_2300_DSCF8867.jpg,cattle_2300,22,train
BeefCattle_Muzzle_database/BeefCattle_Muzzle_Individualized/cattle_2300/cattle_2300_DSCF8861.jpg,cattle_2300,22,train
BeefCattle_Muzzle_database/BeefCattle_Muzzle_Individualized/cattle_2300/cattle_2300_DSCF8876.jpg,cattle_2300,22,train
BeefCattle_Muzzle_database/BeefCattle_Muzzle_Individualized/cattle_2300/cattle_2300_DSCF8878.jpg,cattle_2300,22,train
BeefCattle_Muzzle_database/BeefCattle_Muzzle_Individualized/cattle_2300/cattle_2300_DSCF8877.jpg,cattle_2300,22,train
BeefCattle_Muzzle_database/BeefCattle_Muzzle_Individualized/cattle_2300/cattle_2300_DSCF8871.jpg,cattle_2300,22,train
BeefCattle_Muzzle_database/BeefCattle_Muzzle_Individualized/cattle_2300/cattle_2300_DSCF8862.jpg,cattle_2300,22,val
BeefCattle_Muzzle_database/BeefCattle_Muzzle_Individualized/cattle_2300/cattle_2300_DSCF8875.jpg,cattle_2300,22,val
BeefCattle_Muzzle_database/BeefCattle_Muzzle_Individualized/cattle_2300/cattle_2300_DSCF8879.jpg,cattle_2300,22,val
BeefCattle_Muzzle_database/BeefCattle_Muzzle_Individualized/cattle_2300/cattle_2300_DSCF8881.jpg,cattle_2300,22,test
BeefCattle_Muzzle_database/BeefCattle_Muzzle_Individualized/cattle_2300/cattle_2300_DSCF8872.jpg,cattle_2300,22,test
BeefCattle_Muzzle_database/BeefCattle_Muzzle_Individualized/cattle_2300/cattle_2300_DSCF8874.jpg,cattle_2300,22,test
BeefCattle_Muzzle_database/BeefCattle_Muzzle_Individualized/cattle_2300/cattle_2300_DSCF8882.jpg,cattle_2300,22,test
BeefCattle_Muzzle_database/BeefCattle_Muzzle_Individualized/cattle_2320/cattle_2320_DSCF1681.jpg,cattle_2320,14,train
BeefCattle_Muzzle_database/BeefCattle_Muzzle_Individualized/cattle_2320/cattle_2320_DSCF1686.jpg,cattle_2320,14,train
BeefCattle_Muzzle_database/BeefCattle_Muzzle_Individualized/cattle_2320/cattle_2320_DSCF1683.jpg,cattle_2320,14,train
BeefCattle_Muzzle_database/BeefCattle_Muzzle_Individualized/cattle_2320/cattle_2320_DSCF1679.jpg,cattle_2320,14,train
BeefCattle_Muzzle_database/BeefCattle_Muzzle_Individualized/cattle_2320/cattle_2320_DSCF1685.jpg,cattle_2320,14,train
BeefCattle_Muzzle_database/BeefCattle_Muzzle_Individualized/cattle_2320/cattle_2320_DSCF1678.jpg,cattle_2320,14,train
BeefCattle_Muzzle_database/BeefCattle_Muzzle_Individualized/cattle_2320/cattle_2320_DSCF1673.jpg,cattle_2320,14,train
BeefCattle_Muzzle_database/BeefCattle_Muzzle_Individualized/cattle_2320/cattle_2320_DSCF1682.jpg,cattle_2320,14,train
BeefCattle_Muzzle_database/BeefCattle_Muzzle_Individualized/cattle_2320/cattle_2320_DSCF1684.jpg,cattle_2320,14,train
BeefCattle_Muzzle_database/BeefCattle_Muzzle_Individualized/cattle_2320/cattle_2320_DSCF1674.jpg,cattle_2320,14,val
BeefCattle_Muzzle_database/BeefCattle_Muzzle_Individualized/cattle_2320/cattle_2320_DSCF1676.jpg,cattle_2320,14,val
BeefCattle_Muzzle_database/BeefCattle_Muzzle_Individualized/cattle_2320/cattle_2320_DSCF1680.jpg,cattle_2320,14,test
BeefCattle_Muzzle_database/BeefCattle_Muzzle_Individualized/cattle_2320/cattle_2320_DSCF1677.jpg,cattle_2320,14,test
BeefCattle_Muzzle_database/BeefCattle_Muzzle_Individualized/cattle_2320/cattle_2320_DSCF1675.jpg,cattle_2320,14,test
BeefCattle_Muzzle_database/BeefCattle_Muzzle_Individualized/cattle_2400/cattle_2400_DSCF8890.jpg,cattle_2400,23,train
BeefCattle_Muzzle_database/BeefCattle_Muzzle_Individualized/cattle_2400/cattle_2400_DSCF8896.jpg,cattle_2400,23,train
BeefCattle_Muzzle_database/BeefCattle_Muzzle_Individualized/cattle_2400/cattle_2400_DSCF8908.jpg,cattle_2400,23,train
BeefCattle_Muzzle_database/BeefCattle_Muzzle_Individualized/cattle_2400/cattle_2400_DSCF8906.jpg,cattle_2400,23,train
BeefCattle_Muzzle_database/BeefCattle_Muzzle_Individualized/cattle_2400/cattle_2400_DSCF8889.jpg,cattle_2400,23,train
BeefCattle_Muzzle_database/BeefCattle_Muzzle_Individualized/cattle_2400/cattle_2400_DSCF8895.jpg,cattle_2400,23,train
BeefCattle_Muzzle_database/BeefCattle_Muzzle_Individualized/cattle_2400/cattle_2400_DSCF8903.jpg,cattle_2400,23,train
BeefCattle_Muzzle_database/BeefCattle_Muzzle_Individualized/cattle_2400/cattle_2400_DSCF8897.jpg,cattle_2400,23,train
BeefCattle_Muzzle_database/BeefCattle_Muzzle_Individualized/cattle_2400/cattle_2400_DSCF8904.jpg,cattle_2400,23,train
BeefCattle_Muzzle_database/BeefCattle_Muzzle_Individualized/cattle_2400/cattle_2400_DSCF8898.jpg,cattle_2400,23,train
BeefCattle_Muzzle_database/BeefCattle_Muzzle_Individualized/cattle_2400/cattle_2400_DSCF8894.jpg,cattle_2400,23,train
BeefCattle_Muzzle_database/BeefCattle_Muzzle_Individualized/cattle_2400/cattle_2400_DSCF8891.jpg,cattle_2400,23,train
BeefCattle_Muzzle_database/BeefCattle_Muzzle_Individualized/cattle_2400/cattle_2400_DSCF8901.jpg,cattle_2400,23,train
BeefCattle_Muzzle_database/BeefCattle_Muzzle_Individualized/cattle_2400/cattle_2400_DSCF8887.jpg,cattle_2400,23,train
BeefCattle_Muzzle_database/BeefCattle_Muzzle_Individualized/cattle_2400/cattle_2400_DSCF8905.jpg,cattle_2400,23,train
BeefCattle_Muzzle_database/BeefCattle_Muzzle_Individualized/cattle_2400/cattle_2400_DSCF8909.jpg,cattle_2400,23,train
BeefCattle_Muzzle_database/BeefCattle_Muzzle_Individualized/cattle_2400/cattle_2400_DSCF8888.jpg,cattle_2400,23,val
BeefCattle_Muzzle_database/BeefCattle_Muzzle_Individualized/cattle_2400/cattle_2400_DSCF8899.jpg,cattle_2400,23,val
BeefCattle_Muzzle_database/BeefCattle_Muzzle_Individualized/cattle_2400/cattle_2400_DSCF8893.jpg,cattle_2400,23,val
BeefCattle_Muzzle_database/BeefCattle_Muzzle_Individualized/cattle_2400/cattle_2400_DSCF8907.jpg,cattle_2400,23,test
BeefCattle_Muzzle_database/BeefCattle_Muzzle_Individualized/cattle_2400/cattle_2400_DSCF8902.jpg,cattle_2400,23,test
BeefCattle_Muzzle_database/BeefCattle_Muzzle_Individualized/cattle_2400/cattle_2400_DSCF8900.jpg,cattle_2400,23,test
BeefCattle_Muzzle_database/BeefCattle_Muzzle_Individualized/cattle_2400/cattle_2400_DSCF8892.jpg,cattle_2400,23,test
BeefCattle_Muzzle_database/BeefCattle_Muzzle_Individualized/cattle_2500/cattle_2500_DSCF8982.jpg,cattle_2500,33,train
BeefCattle_Muzzle_database/BeefCattle_Muzzle_Individualized/cattle_2500/cattle_2500_DSCF8969.jpg,cattle_2500,33,train
BeefCattle_Muzzle_database/BeefCattle_Muzzle_Individualized/cattle_2500/cattle_2500_DSCF8967.jpg,cattle_2500,33,train
BeefCattle_Muzzle_database/BeefCattle_Muzzle_Individualized/cattle_2500/cattle_2500_DSCF8988.jpg,cattle_2500,33,train
BeefCattle_Muzzle_database/BeefCattle_Muzzle_Individualized/cattle_2500/cattle_2500_DSCF8976.jpg,cattle_2500,33,train
BeefCattle_Muzzle_database/BeefCattle_Muzzle_Individualized/cattle_2500/cattle_2500_DSCF8963.jpg,cattle_2500,33,train
BeefCattle_Muzzle_database/BeefCattle_Muzzle_Individualized/cattle_2500/cattle_2500_DSCF8980.jpg,cattle_2500,33,train
BeefCattle_Muzzle_database/BeefCattle_Muzzle_Individualized/cattle_2500/cattle_2500_DSCF8965.jpg,cattle_2500,33,train
BeefCattle_Muzzle_database/BeefCattle_Muzzle_Individualized/cattle_2500/cattle_2500_DSCF8983.jpg,cattle_2500,33,train
BeefCattle_Muzzle_database/BeefCattle_Muzzle_Individualized/cattle_2500/cattle_2500_DSCF8959.jpg,cattle_2500,33,train
BeefCattle_Muzzle_database/BeefCattle_Muzzle_Individualized/cattle_2500/cattle_2500_DSCF8970.jpg,cattle_2500,33,train
BeefCattle_Muzzle_database/BeefCattle_Muzzle_Individualized/cattle_2500/cattle_2500_DSCF8972.jpg,cattle_2500,33,train
BeefCattle_Muzzle_database/BeefCattle_Muzzle_Individualized/cattle_2500/cattle_2500_DSCF8987.jpg,cattle_2500,33,train
BeefCattle_Muzzle_database/BeefCattle_Muzzle_Individualized/cattle_2500/cattle_2500_DSCF8968.jpg,cattle_2500,33,train
BeefCattle_Muzzle_database/BeefCattle_Muzzle_Individualized/cattle_2500/cattle_2500_DSCF8973.jpg,cattle_2500,33,train
BeefCattle_Muzzle_database/BeefCattle_Muzzle_Individualized/cattle_2500/cattle_2500_DSCF8990.jpg,cattle_2500,33,train
BeefCattle_Muzzle_database/BeefCattle_Muzzle_Individualized/cattle_2500/cattle_2500_DSCF8971.jpg,cattle_2500,33,train
BeefCattle_Muzzle_database/BeefCattle_Muzzle_Individualized/cattle_2500/cattle_2500_DSCF8966.jpg,cattle_2500,33,train
BeefCattle_Muzzle_database/BeefCattle_Muzzle_Individualized/cattle_2500/cattle_2500_DSCF8991.jpg,cattle_2500,33,train
BeefCattle_Muzzle_database/BeefCattle_Muzzle_Individualized/cattle_2500/cattle_2500_DSCF8978.jpg,cattle_2500,33,train
BeefCattle_Muzzle_database/BeefCattle_Muzzle_Individualized/cattle_2500/cattle_2500_DSCF8981.jpg,cattle_2500,33,train
BeefCattle_Muzzle_database/BeefCattle_Muzzle_Individualized/cattle_2500/cattle_2500_DSCF8984.jpg,cattle_2500,33,train
BeefCattle_Muzzle_database/BeefCattle_Muzzle_Individualized/cattle_2500/cattle_2500_DSCF8961.jpg,cattle_2500,33,train
BeefCattle_Muzzle_database/BeefCattle_Muzzle_Individualized/cattle_2500/cattle_2500_DSCF8985.jpg,cattle_2500,33,val
BeefCattle_Muzzle_database/BeefCattle_Muzzle_Individualized/cattle_2500/cattle_2500_DSCF8989.jpg,cattle_2500,33,val
BeefCattle_Muzzle_database/BeefCattle_Muzzle_Individualized/cattle_2500/cattle_2500_DSCF8964.jpg,cattle_2500,33,val
BeefCattle_Muzzle_database/BeefCattle_Muzzle_Individualized/cattle_2500/cattle_2500_DSCF8986.jpg,cattle_2500,33,val
BeefCattle_Muzzle_database/BeefCattle_Muzzle_Individualized/cattle_2500/cattle_2500_DSCF8975.jpg,cattle_2500,33,test
BeefCattle_Muzzle_database/BeefCattle_Muzzle_Individualized/cattle_2500/cattle_2500_DSCF8974.jpg,cattle_2500,33,test
BeefCattle_Muzzle_database/BeefCattle_Muzzle_Individualized/cattle_2500/cattle_2500_DSCF8977.jpg,cattle_2500,33,test
BeefCattle_Muzzle_database/BeefCattle_Muzzle_Individualized/cattle_2500/cattle_2500_DSCF8960.jpg,cattle_2500,33,test
BeefCattle_Muzzle_database/BeefCattle_Muzzle_Individualized/cattle_2500/cattle_2500_DSCF8962.jpg,cattle_2500,33,test
BeefCattle_Muzzle_database/BeefCattle_Muzzle_Individualized/cattle_2500/cattle_2500_DSCF8979.jpg,cattle_2500,33,test
BeefCattle_Muzzle_database/BeefCattle_Muzzle_Individualized/cattle_2510/cattle_2510_DSCF1757.jpg,cattle_2510,10,train
BeefCattle_Muzzle_database/BeefCattle_Muzzle_Individualized/cattle_2510/cattle_2510_DSCF1750.jpg,cattle_2510,10,train
BeefCattle_Muzzle_database/BeefCattle_Muzzle_Individualized/cattle_2510/cattle_2510_DSCF1759.jpg,cattle_2510,10,train
BeefCattle_Muzzle_database/BeefCattle_Muzzle_Individualized/cattle_2510/cattle_2510_DSCF1756.jpg,cattle_2510,10,train
BeefCattle_Muzzle_database/BeefCattle_Muzzle_Individualized/cattle_2510/cattle_2510_DSCF1752.jpg,cattle_2510,10,train
BeefCattle_Muzzle_database/BeefCattle_Muzzle_Individualized/cattle_2510/cattle_2510_DSCF1751.jpg,cattle_2510,10,train
BeefCattle_Muzzle_database/BeefCattle_Muzzle_Individualized/cattle_2510/cattle_2510_DSCF1758.jpg,cattle_2510,10,train
BeefCattle_Muzzle_database/BeefCattle_Muzzle_Individualized/cattle_2510/cattle_2510_DSCF1754.jpg,cattle_2510,10,val
BeefCattle_Muzzle_database/BeefCattle_Muzzle_Individualized/cattle_2510/cattle_2510_DSCF1753.jpg,cattle_2510,10,test
BeefCattle_Muzzle_database/BeefCattle_Muzzle_Individualized/cattle_2510/cattle_2510_DSCF1755.jpg,cattle_2510,10,test
BeefCattle_Muzzle_database/BeefCattle_Muzzle_Individualized/cattle_2600/cattle_2600_DSCF0902.jpg,cattle_2600,27,train
BeefCattle_Muzzle_database/BeefCattle_Muzzle_Individualized/cattle_2600/cattle_2600_DSCF0903.jpg,cattle_2600,27,train
BeefCattle_Muzzle_database/BeefCattle_Muzzle_Individualized/cattle_2600/cattle_2600_DSCF0899.jpg,cattle_2600,27,train
BeefCattle_Muzzle_database/BeefCattle_Muzzle_Individualized/cattle_2600/cattle_2600_DSCF0916.jpg,cattle_2600,27,train
BeefCattle_Muzzle_database/BeefCattle_Muzzle_Individualized/cattle_2600/cattle_2600_DSCF0914.jpg,cattle_2600,27,train
BeefCattle_Muzzle_database/BeefCattle_Muzzle_Individualized/cattle_2600/cattle_2600_DSCF0905.jpg,cattle_2600,27,train
BeefCattle_Muzzle_database/BeefCattle_Muzzle_Individualized/cattle_2600/cattle_2600_DSCF0910.jpg,cattle_2600,27,train
BeefCattle_Muzzle_database/BeefCattle_Muzzle_Individualized/cattle_2600/cattle_2600_DSCF0900.jpg,cattle_2600,27,train
BeefCattle_Muzzle_database/BeefCattle_Muzzle_Individualized/cattle_2600/cattle_2600_DSCF0897.jpg,cattle_2600,27,train
BeefCattle_Muzzle_database/BeefCattle_Muzzle_Individualized/cattle_2600/cattle_2600_DSCF0911.jpg,cattle_2600,27,train
BeefCattle_Muzzle_database/BeefCattle_Muzzle_Individualized/cattle_2600/cattle_2600_DSCF0913.jpg,cattle_2600,27,train
BeefCattle_Muzzle_database/BeefCattle_Muzzle_Individualized/cattle_2600/cattle_2600_DSCF0895.jpg,cattle_2600,27,train
BeefCattle_Muzzle_database/BeefCattle_Muzzle_Individualized/cattle_2600/cattle_2600_DSCF0912.jpg,cattle_2600,27,train
BeefCattle_Muzzle_database/BeefCattle_Muzzle_Individualized/cattle_2600/cattle_2600_DSCF0891.jpg,cattle_2600,27,train
BeefCattle_Muzzle_database/BeefCattle_Muzzle_Individualized/cattle_2600/cattle_2600_DSCF0915.jpg,cattle_2600,27,train
BeefCattle_Muzzle_database/BeefCattle_Muzzle_Individualized/cattle_2600/cattle_2600_DSCF0901.jpg,cattle_2600,27,train
BeefCattle_Muzzle_database/BeefCattle_Muzzle_Individualized/cattle_2600/cattle_2600_DSCF0894.jpg,cattle_2600,27,train
BeefCattle_Muzzle_database/BeefCattle_Muzzle_Individualized/cattle_2600/cattle_2600_DSCF0898.jpg,cattle_2600,27,train
BeefCattle_Muzzle_database/BeefCattle_Muzzle_Individualized/cattle_2600/cattle_2600_DSCF0906.jpg,cattle_2600,27,val
BeefCattle_Muzzle_database/BeefCattle_Muzzle_Individualized/cattle_2600/cattle_2600_DSCF0896.jpg,cattle_2600,27,val
BeefCattle_Muzzle_database/BeefCattle_Muzzle_Individualized/cattle_2600/cattle_2600_DSCF0907.jpg,cattle_2600,27,val
BeefCattle_Muzzle_database/BeefCattle_Muzzle_Individualized/cattle_2600/cattle_2600_DSCF0892.jpg,cattle_2600,27,val
BeefCattle_Muzzle_database/BeefCattle_Muzzle_Individualized/cattle_2600/cattle_2600_DSCF0893.jpg,cattle_2600,27,test
BeefCattle_Muzzle_database/BeefCattle_Muzzle_Individualized/cattle_2600/cattle_2600_DSCF0908.jpg,cattle_2600,27,test
BeefCattle_Muzzle_database/BeefCattle_Muzzle_Individualized/cattle_2600/cattle_2600_DSCF0909.jpg,cattle_2600,27,test
BeefCattle_Muzzle_database/BeefCattle_Muzzle_Individualized/cattle_2600/cattle_2600_DSCF0904.jpg,cattle_2600,27,test
BeefCattle_Muzzle_database/BeefCattle_Muzzle_Individualized/cattle_2600/cattle_2600_DSCF0890.jpg,cattle_2600,27,test
BeefCattle_Muzzle_database/BeefCattle_Muzzle_Individualized/cattle_2700/cattle_2700_DSCF1267.jpg,cattle_2700,17,train
BeefCattle_Muzzle_database/BeefCattle_Muzzle_Individualized/cattle_2700/cattle_2700_DSCF1283.jpg,cattle_2700,17,train
BeefCattle_Muzzle_database/BeefCattle_Muzzle_Individualized/cattle_2700/cattle_2700_DSCF1273.jpg,cattle_2700,17,train
BeefCattle_Muzzle_database/BeefCattle_Muzzle_Individualized/cattle_2700/cattle_2700_DSCF1272.jpg,cattle_2700,17,train
BeefCattle_Muzzle_database/BeefCattle_Muzzle_Individualized/cattle_2700/cattle_2700_DSCF1276.jpg,cattle_2700,17,train
BeefCattle_Muzzle_database/BeefCattle_Muzzle_Individualized/cattle_2700/cattle_2700_DSCF1279.jpg,cattle_2700,17,train
BeefCattle_Muzzle_database/BeefCattle_Muzzle_Individualized/cattle_2700/cattle_2700_DSCF1274.jpg,cattle_2700,17,train
BeefCattle_Muzzle_database/BeefCattle_Muzzle_Individualized/cattle_2700/cattle_2700_DSCF1277.jpg,cattle_2700,17,train
BeefCattle_Muzzle_database/BeefCattle_Muzzle_Individualized/cattle_2700/cattle_2700_DSCF1281.jpg,cattle_2700,17,train
BeefCattle_Muzzle_database/BeefCattle_Muzzle_Individualized/cattle_2700/cattle_2700_DSCF1269.jpg,cattle_2700,17,train
BeefCattle_Muzzle_database/BeefCattle_Muzzle_Individualized/cattle_2700/cattle_2700_DSCF1275.jpg,cattle_2700,17,train
BeefCattle_Muzzle_database/BeefCattle_Muzzle_Individualized/cattle_2700/cattle_2700_DSCF1278.jpg,cattle_2700,17,val
BeefCattle_Muzzle_database/BeefCattle_Muzzle_Individualized/cattle_2700/cattle_2700_DSCF1280.jpg,cattle_2700,17,val
BeefCattle_Muzzle_database/BeefCattle_Muzzle_Individualized/cattle_2700/cattle_2700_DSCF1268.jpg,cattle_2700,17,test
BeefCattle_Muzzle_database/BeefCattle_Muzzle_Individualized/cattle_2700/cattle_2700_DSCF1282.jpg,cattle_2700,17,test
BeefCattle_Muzzle_database/BeefCattle_Muzzle_Individualized/cattle_2700/cattle_2700_DSCF1271.jpg,cattle_2700,17,test
BeefCattle_Muzzle_database/BeefCattle_Muzzle_Individualized/cattle_2700/cattle_2700_DSCF1270.jpg,cattle_2700,17,test
BeefCattle_Muzzle_database/BeefCattle_Muzzle_Individualized/cattle_2710/cattle_2710_DSCF1738.jpg,cattle_2710,15,train
BeefCattle_Muzzle_database/BeefCattle_Muzzle_Individualized/cattle_2710/cattle_2710_DSCF1749.jpg,cattle_2710,15,train
BeefCattle_Muzzle_database/BeefCattle_Muzzle_Individualized/cattle_2710/cattle_2710_DSCF1744.jpg,cattle_2710,15,train
BeefCattle_Muzzle_database/BeefCattle_Muzzle_Individualized/cattle_2710/cattle_2710_DSCF1740.jpg,cattle_2710,15,train
BeefCattle_Muzzle_database/BeefCattle_Muzzle_Individualized/cattle_2710/cattle_2710_DSCF1745.jpg,cattle_2710,15,train
BeefCattle_Muzzle_database/BeefCattle_Muzzle_Individualized/cattle_2710/cattle_2710_DSCF1737.jpg,cattle_2710,15,train
BeefCattle_Muzzle_database/BeefCattle_Muzzle_Individualized/cattle_2710/cattle_2710_DSCF1748.jpg,cattle_2710,15,train
BeefCattle_Muzzle_database/BeefCattle_Muzzle_Individualized/cattle_2710/cattle_2710_DSCF1746.jpg,cattle_2710,15,train
BeefCattle_Muzzle_database/BeefCattle_Muzzle_Individualized/cattle_2710/cattle_2710_DSCF1747.jpg,cattle_2710,15,train
BeefCattle_Muzzle_database/BeefCattle_Muzzle_Individualized/cattle_2710/cattle_2710_DSCF1741.jpg,cattle_2710,15,train
BeefCattle_Muzzle_database/BeefCattle_Muzzle_Individualized/cattle_2710/cattle_2710_DSCF1736.jpg,cattle_2710,15,val
BeefCattle_Muzzle_database/BeefCattle_Muzzle_Individualized/cattle_2710/cattle_2710_DSCF1735.jpg,cattle_2710,15,val
BeefCattle_Muzzle_database/BeefCattle_Muzzle_Individualized/cattle_2710/cattle_2710_DSCF1739.jpg,cattle_2710,15,test
BeefCattle_Muzzle_database/BeefCattle_Muzzle_Individualized/cattle_2710/cattle_2710_DSCF1742.jpg,cattle_2710,15,test
BeefCattle_Muzzle_database/BeefCattle_Muzzle_Individualized/cattle_2710/cattle_2710_DSCF1743.jpg,cattle_2710,15,test
BeefCattle_Muzzle_database/BeefCattle_Muzzle_Individualized/cattle_2740/cattle_2740_DSCF1544.jpg,cattle_2740,8,train
BeefCattle_Muzzle_database/BeefCattle_Muzzle_Individualized/cattle_2740/cattle_2740_DSCF1546.jpg,cattle_2740,8,train
BeefCattle_Muzzle_database/BeefCattle_Muzzle_Individualized/cattle_2740/cattle_2740_DSCF1545.jpg,cattle_2740,8,train
BeefCattle_Muzzle_database/BeefCattle_Muzzle_Individualized/cattle_2740/cattle_2740_DSCF1550.jpg,cattle_2740,8,train
BeefCattle_Muzzle_database/BeefCattle_Muzzle_Individualized/cattle_2740/cattle_2740_DSCF1548.jpg,cattle_2740,8,train
BeefCattle_Muzzle_database/BeefCattle_Muzzle_Individualized/cattle_2740/cattle_2740_DSCF1543.jpg,cattle_2740,8,val
BeefCattle_Muzzle_database/BeefCattle_Muzzle_Individualized/cattle_2740/cattle_2740_DSCF1547.jpg,cattle_2740,8,test
BeefCattle_Muzzle_database/BeefCattle_Muzzle_Individualized/cattle_2740/cattle_2740_DSCF1549.jpg,cattle_2740,8,test
BeefCattle_Muzzle_database/BeefCattle_Muzzle_Individualized/cattle_2800/cattle_2800_DSCF1462.jpg,cattle_2800,24,train
BeefCattle_Muzzle_database/BeefCattle_Muzzle_Individualized/cattle_2800/cattle_2800_DSCF1458.jpg,cattle_2800,24,train
BeefCattle_Muzzle_database/BeefCattle_Muzzle_Individualized/cattle_2800/cattle_2800_DSCF1473.jpg,cattle_2800,24,train
BeefCattle_Muzzle_database/BeefCattle_Muzzle_Individualized/cattle_2800/cattle_2800_DSCF1459.jpg,cattle_2800,24,train
BeefCattle_Muzzle_database/BeefCattle_Muzzle_Individualized/cattle_2800/cattle_2800_DSCF1460.jpg,cattle_2800,24,train
BeefCattle_Muzzle_database/BeefCattle_Muzzle_Individualized/cattle_2800/cattle_2800_DSCF1466.jpg,cattle_2800,24,train
BeefCattle_Muzzle_database/BeefCattle_Muzzle_Individualized/cattle_2800/cattle_2800_DSCF1454.jpg,cattle_2800,24,train
BeefCattle_Muzzle_database/BeefCattle_Muzzle_Individualized/cattle_2800/cattle_2800_DSCF1467.jpg,cattle_2800,24,train
BeefCattle_Muzzle_database/BeefCattle_Muzzle_Individualized/cattle_2800/cattle_2800_DSCF1461.jpg,cattle_2800,24,train
BeefCattle_Muzzle_database/BeefCattle_Muzzle_Individualized/cattle_2800/cattle_2800_DSCF1455.jpg,cattle_2800,24,train
BeefCattle_Muzzle_database/BeefCattle_Muzzle_Individualized/cattle_2800/cattle_2800_DSCF1471.jpg,cattle_2800,24,train
BeefCattle_Muzzle_database/BeefCattle_Muzzle_Individualized/cattle_2800/cattle_2800_DSCF1452.jpg,cattle_2800,24,train
BeefCattle_Muzzle_database/BeefCattle_Muzzle_Individualized/cattle_2800/cattle_2800_DSCF1464.jpg,cattle_2800,24,train
BeefCattle_Muzzle_database/BeefCattle_Muzzle_Individualized/cattle_2800/cattle_2800_DSCF1457.jpg,cattle_2800,24,train
BeefCattle_Muzzle_database/BeefCattle_Muzzle_Individualized/cattle_2800/cattle_2800_DSCF1468.jpg,cattle_2800,24,train
BeefCattle_Muzzle_database/BeefCattle_Muzzle_Individualized/cattle_2800/cattle_2800_DSCF1474.jpg,cattle_2800,24,train
BeefCattle_Muzzle_database/BeefCattle_Muzzle_Individualized/cattle_2800/cattle_2800_DSCF1472.jpg,cattle_2800,24,val
BeefCattle_Muzzle_database/BeefCattle_Muzzle_Individualized/cattle_2800/cattle_2800_DSCF1465.jpg,cattle_2800,24,val
BeefCattle_Muzzle_database/BeefCattle_Muzzle_Individualized/cattle_2800/cattle_2800_DSCF1456.jpg,cattle_2800,24,val
BeefCattle_Muzzle_database/BeefCattle_Muzzle_Individualized/cattle_2800/cattle_2800_DSCF1475.jpg,cattle_2800,24,test
BeefCattle_Muzzle_database/BeefCattle_Muzzle_Individualized/cattle_2800/cattle_2800_DSCF1470.jpg,cattle_2800,24,test
BeefCattle_Muzzle_database/BeefCattle_Muzzle_Individualized/cattle_2800/cattle_2800_DSCF1463.jpg,cattle_2800,24,test
BeefCattle_Muzzle_database/BeefCattle_Muzzle_Individualized/cattle_2800/cattle_2800_DSCF1453.jpg,cattle_2800,24,test
BeefCattle_Muzzle_database/BeefCattle_Muzzle_Individualized/cattle_2800/cattle_2800_DSCF1469.jpg,cattle_2800,24,test
BeefCattle_Muzzle_database/BeefCattle_Muzzle_Individualized/cattle_2900/cattle_2900_DSCF1532.jpg,cattle_2900,15,train
BeefCattle_Muzzle_database/BeefCattle_Muzzle_Individualized/cattle_2900/cattle_2900_DSCF1531.jpg,cattle_2900,15,train
BeefCattle_Muzzle_database/BeefCattle_Muzzle_Individualized/cattle_2900/cattle_2900_DSCF1538.jpg,cattle_2900,15,train
BeefCattle_Muzzle_database/BeefCattle_Muzzle_Individualized/cattle_2900/cattle_2900_DSCF1537.jpg,cattle_2900,15,train
BeefCattle_Muzzle_database/BeefCattle_Muzzle_Individualized/cattle_2900/cattle_2900_DSCF1529.jpg,cattle_2900,15,train
BeefCattle_Muzzle_database/BeefCattle_Muzzle_Individualized/cattle_2900/cattle_2900_DSCF1536.jpg,cattle_2900,15,train
BeefCattle_Muzzle_database/BeefCattle_Muzzle_Individualized/cattle_2900/cattle_2900_DSCF1535.jpg,cattle_2900,15,train
BeefCattle_Muzzle_database/BeefCattle_Muzzle_Individualized/cattle_2900/cattle_2900_DSCF1539.jpg,cattle_2900,15,train
BeefCattle_Muzzle_database/BeefCattle_Muzzle_Individualized/cattle_2900/cattle_2900_DSCF1533.jpg,cattle_2900,15,train
BeefCattle_Muzzle_database/BeefCattle_Muzzle_Individualized/cattle_2900/cattle_2900_DSCF1541.jpg,cattle_2900,15,train
BeefCattle_Muzzle_database/BeefCattle_Muzzle_Individualized/cattle_2900/cattle_2900_DSCF1528.jpg,cattle_2900,15,val
BeefCattle_Muzzle_database/BeefCattle_Muzzle_Individualized/cattle_2900/cattle_2900_DSCF1534.jpg,cattle_2900,15,val
BeefCattle_Muzzle_database/BeefCattle_Muzzle_Individualized/cattle_2900/cattle_2900_DSCF1530.jpg,cattle_2900,15,test
BeefCattle_Muzzle_database/BeefCattle_Muzzle_Individualized/cattle_2900/cattle_2900_DSCF1542.jpg,cattle_2900,15,test
BeefCattle_Muzzle_database/BeefCattle_Muzzle_Individualized/cattle_2900/cattle_2900_DSCF1540.jpg,cattle_2900,15,test
BeefCattle_Muzzle_database/BeefCattle_Muzzle_Individualized/cattle_3000/cattle_3000_DSCF1641.jpg,cattle_3000,15,train
BeefCattle_Muzzle_database/BeefCattle_Muzzle_Individualized/cattle_3000/cattle_3000_DSCF1646.jpg,cattle_3000,15,train
BeefCattle_Muzzle_database/BeefCattle_Muzzle_Individualized/cattle_3000/cattle_3000_DSCF1651.jpg,cattle_3000,15,train
BeefCattle_Muzzle_database/BeefCattle_Muzzle_Individualized/cattle_3000/cattle_3000_DSCF1649.jpg,cattle_3000,15,train
BeefCattle_Muzzle_database/BeefCattle_Muzzle_Individualized/cattle_3000/cattle_3000_DSCF1645.jpg,cattle_3000,15,train
BeefCattle_Muzzle_database/BeefCattle_Muzzle_Individualized/cattle_3000/cattle_3000_DSCF1638.jpg,cattle_3000,15,train
BeefCattle_Muzzle_database/BeefCattle_Muzzle_Individualized/cattle_3000/cattle_3000_DSCF1639.jpg,cattle_3000,15,train
BeefCattle_Muzzle_database/BeefCattle_Muzzle_Individualized/cattle_3000/cattle_3000_DSCF1642.jpg,cattle_3000,15,train
BeefCattle_Muzzle_database/BeefCattle_Muzzle_Individualized/cattle_3000/cattle_3000_DSCF1648.jpg,cattle_3000,15,train
BeefCattle_Muzzle_database/BeefCattle_Muzzle_Individualized/cattle_3000/cattle_3000_DSCF1647.jpg,cattle_3000,15,train
BeefCattle_Muzzle_database/BeefCattle_Muzzle_Individualized/cattle_3000/cattle_3000_DSCF1640.jpg,cattle_3000,15,val
BeefCattle_Muzzle_database/BeefCattle_Muzzle_Individualized/cattle_3000/cattle_3000_DSCF1644.jpg,cattle_3000,15,val
BeefCattle_Muzzle_database/BeefCattle_Muzzle_Individualized/cattle_3000/cattle_3000_DSCF1637.jpg,cattle_3000,15,test
BeefCattle_Muzzle_database/BeefCattle_Muzzle_Individualized/cattle_3000/cattle_3000_DSCF1650.jpg,cattle_3000,15,test
BeefCattle_Muzzle_database/BeefCattle_Muzzle_Individualized/cattle_3000/cattle_3000_DSCF1643.jpg,cattle_3000,15,test
BeefCattle_Muzzle_database/BeefCattle_Muzzle_Individualized/cattle_3100/cattle_3100_DSCF1696.jpg,cattle_3100,13,train
BeefCattle_Muzzle_database/BeefCattle_Muzzle_Individualized/cattle_3100/cattle_3100_DSCF1699.jpg,cattle_3100,13,train
BeefCattle_Muzzle_database/BeefCattle_Muzzle_Individualized/cattle_3100/cattle_3100_DSCF1687.jpg,cattle_3100,13,train
BeefCattle_Muzzle_database/BeefCattle_Muzzle_Individualized/cattle_3100/cattle_3100_DSCF1689.jpg,cattle_3100,13,train
BeefCattle_Muzzle_database/BeefCattle_Muzzle_Individualized/cattle_3100/cattle_3100_DSCF1690.jpg,cattle_3100,13,train
BeefCattle_Muzzle_database/BeefCattle_Muzzle_Individualized/cattle_3100/cattle_3100_DSCF1695.jpg,cattle_3100,13,train
BeefCattle_Muzzle_database/BeefCattle_Muzzle_Individualized/cattle_3100/cattle_3100_DSCF1694.jpg,cattle_3100,13,train
BeefCattle_Muzzle_database/BeefCattle_Muzzle_Individualized/cattle_3100/cattle_3100_DSCF1698.jpg,cattle_3100,13,train
BeefCattle_Muzzle_database/BeefCattle_Muzzle_Individualized/cattle_3100/cattle_3100_DSCF1697.jpg,cattle_3100,13,train
BeefCattle_Muzzle_database/BeefCattle_Muzzle_Individualized/cattle_3100/cattle_3100_DSCF1688.jpg,cattle_3100,13,val
BeefCattle_Muzzle_database/BeefCattle_Muzzle_Individualized/cattle_3100/cattle_3100_DSCF1691.jpg,cattle_3100,13,test
BeefCattle_Muzzle_database/BeefCattle_Muzzle_Individualized/cattle_3100/cattle_3100_DSCF1692.jpg,cattle_3100,13,test
BeefCattle_Muzzle_database/BeefCattle_Muzzle_Individualized/cattle_3100/cattle_3100_DSCF1693.jpg,cattle_3100,13,test
BeefCattle_Muzzle_database/BeefCattle_Muzzle_Individualized/cattle_3200/cattle_3200_DSCF1721.jpg,cattle_3200,16,train
BeefCattle_Muzzle_database/BeefCattle_Muzzle_Individualized/cattle_3200/cattle_3200_DSCF1718.jpg,cattle_3200,16,train
BeefCattle_Muzzle_database/BeefCattle_Muzzle_Individualized/cattle_3200/cattle_3200_DSCF1716.jpg,cattle_3200,16,train
BeefCattle_Muzzle_database/BeefCattle_Muzzle_Individualized/cattle_3200/cattle_3200_DSCF1717.jpg,cattle_3200,16,train
BeefCattle_Muzzle_database/BeefCattle_Muzzle_Individualized/cattle_3200/cattle_3200_DSCF1709.jpg,cattle_3200,16,train
BeefCattle_Muzzle_database/BeefCattle_Muzzle_Individualized/cattle_3200/cattle_3200_DSCF1720.jpg,cattle_3200,16,train
BeefCattle_Muzzle_database/BeefCattle_Muzzle_Individualized/cattle_3200/cattle_3200_DSCF1713.jpg,cattle_3200,16,train
BeefCattle_Muzzle_database/BeefCattle_Muzzle_Individualized/cattle_3200/cattle_3200_DSCF1711.jpg,cattle_3200,16,train
BeefCattle_Muzzle_database/BeefCattle_Muzzle_Individualized/cattle_3200/cattle_3200_DSCF1712.jpg,cattle_3200,16,train
BeefCattle_Muzzle_database/BeefCattle_Muzzle_Individualized/cattle_3200/cattle_3200_DSCF1719.jpg,cattle_3200,16,train
BeefCattle_Muzzle_database/BeefCattle_Muzzle_Individualized/cattle_3200/cattle_3200_DSCF1707.jpg,cattle_3200,16,train
BeefCattle_Muzzle_database/BeefCattle_Muzzle_Individualized/cattle_3200/cattle_3200_DSCF1706.jpg,cattle_3200,16,val
BeefCattle_Muzzle_database/BeefCattle_Muzzle_Individualized/cattle_3200/cattle_3200_DSCF1710.jpg,cattle_3200,16,val
BeefCattle_Muzzle_database/BeefCattle_Muzzle_Individualized/cattle_3200/cattle_3200_DSCF1715.jpg,cattle_3200,16,test
BeefCattle_Muzzle_database/BeefCattle_Muzzle_Individualized/cattle_3200/cattle_3200_DSCF1708.jpg,cattle_3200,16,test
BeefCattle_Muzzle_database/BeefCattle_Muzzle_Individualized/cattle_3200/cattle_3200_DSCF1714.jpg,cattle_3200,16,test
BeefCattle_Muzzle_database/BeefCattle_Muzzle_Individualized/cattle_3300/cattle_3300_DSCF1734.jpg,cattle_3300,13,train
BeefCattle_Muzzle_database/BeefCattle_Muzzle_Individualized/cattle_3300/cattle_3300_DSCF1723.jpg,cattle_3300,13,train
BeefCattle_Muzzle_database/BeefCattle_Muzzle_Individualized/cattle_3300/cattle_3300_DSCF1727.jpg,cattle_3300,13,train
BeefCattle_Muzzle_database/BeefCattle_Muzzle_Individualized/cattle_3300/cattle_3300_DSCF1732.jpg,cattle_3300,13,train
BeefCattle_Muzzle_database/BeefCattle_Muzzle_Individualized/cattle_3300/cattle_3300_DSCF1731.jpg,cattle_3300,13,train
BeefCattle_Muzzle_database/BeefCattle_Muzzle_Individualized/cattle_3300/cattle_3300_DSCF1729.jpg,cattle_3300,13,train
BeefCattle_Muzzle_database/BeefCattle_Muzzle_Individualized/cattle_3300/cattle_3300_DSCF1724.jpg,cattle_3300,13,train
BeefCattle_Muzzle_database/BeefCattle_Muzzle_Individualized/cattle_3300/cattle_3300_DSCF1725.jpg,cattle_3300,13,train
BeefCattle_Muzzle_database/BeefCattle_Muzzle_Individualized/cattle_3300/cattle_3300_DSCF1730.jpg,cattle_3300,13,train
BeefCattle_Muzzle_database/BeefCattle_Muzzle_Individualized/cattle_3300/cattle_3300_DSCF1733.jpg,cattle_3300,13,val
BeefCattle_Muzzle_database/BeefCattle_Muzzle_Individualized/cattle_3300/cattle_3300_DSCF1728.jpg,cattle_3300,13,test
BeefCattle_Muzzle_database/BeefCattle_Muzzle_Individualized/cattle_3300/cattle_3300_DSCF1722.jpg,cattle_3300,13,test
BeefCattle_Muzzle_database/BeefCattle_Muzzle_Individualized/cattle_3300/cattle_3300_DSCF1726.jpg,cattle_3300,13,test
BeefCattle_Muzzle_database/BeefCattle_Muzzle_Individualized/cattle_3802/cattle_3802_DSCF1543.jpg,cattle_3802,8,train
BeefCattle_Muzzle_database/BeefCattle_Muzzle_Individualized/cattle_3802/cattle_3802_DSCF1550.jpg,cattle_3802,8,train
BeefCattle_Muzzle_database/BeefCattle_Muzzle_Individualized/cattle_3802/cattle_3802_DSCF1546.jpg,cattle_3802,8,train
BeefCattle_Muzzle_database/BeefCattle_Muzzle_Individualized/cattle_3802/cattle_3802_DSCF1549.jpg,cattle_3802,8,train
BeefCattle_Muzzle_database/BeefCattle_Muzzle_Individualized/cattle_3802/cattle_3802_DSCF1547.jpg,cattle_3802,8,train
BeefCattle_Muzzle_database/BeefCattle_Muzzle_Individualized/cattle_3802/cattle_3802_DSCF1545.jpg,cattle_3802,8,val
BeefCattle_Muzzle_database/BeefCattle_Muzzle_Individualized/cattle_3802/cattle_3802_DSCF1548.jpg,cattle_3802,8,test
BeefCattle_Muzzle_database/BeefCattle_Muzzle_Individualized/cattle_3802/cattle_3802_DSCF1544.jpg,cattle_3802,8,test
BeefCattle_Muzzle_database/BeefCattle_Muzzle_Individualized/cattle_3812/cattle_3812_DSCF1564.jpg,cattle_3812,12,train
BeefCattle_Muzzle_database/BeefCattle_Muzzle_Individualized/cattle_3812/cattle_3812_DSCF1573.jpg,cattle_3812,12,train
BeefCattle_Muzzle_database/BeefCattle_Muzzle_Individualized/cattle_3812/cattle_3812_DSCF1571.jpg,cattle_3812,12,train
BeefCattle_Muzzle_database/BeefCattle_Muzzle_Individualized/cattle_3812/cattle_3812_DSCF1574.jpg,cattle_3812,12,train
BeefCattle_Muzzle_database/BeefCattle_Muzzle_Individualized/cattle_3812/cattle_3812_DSCF1575.jpg,cattle_3812,12,train
BeefCattle_Muzzle_database/BeefCattle_Muzzle_Individualized/cattle_3812/cattle_3812_DSCF1567.jpg,cattle_3812,12,train
BeefCattle_Muzzle_database/BeefCattle_Muzzle_Individualized/cattle_3812/cattle_3812_DSCF1565.jpg,cattle_3812,12,train
BeefCattle_Muzzle_database/BeefCattle_Muzzle_Individualized/cattle_3812/cattle_3812_DSCF1566.jpg,cattle_3812,12,train
BeefCattle_Muzzle_database/BeefCattle_Muzzle_Individualized/cattle_3812/cattle_3812_DSCF1572.jpg,cattle_3812,12,val
BeefCattle_Muzzle_database/BeefCattle_Muzzle_Individualized/cattle_3812/cattle_3812_DSCF1568.jpg,cattle_3812,12,test
BeefCattle_Muzzle_database/BeefCattle_Muzzle_Individualized/cattle_3812/cattle_3812_DSCF1570.jpg,cattle_3812,12,test
BeefCattle_Muzzle_database/BeefCattle_Muzzle_Individualized/cattle_3812/cattle_3812_DSCF1569.jpg,cattle_3812,12,test
BeefCattle_Muzzle_database/BeefCattle_Muzzle_Individualized/cattle_3814/cattle_3814_DSCF1561.jpg,cattle_3814,13,train
BeefCattle_Muzzle_database/BeefCattle_Muzzle_Individualized/cattle_3814/cattle_3814_DSCF1563.jpg,cattle_3814,13,train
BeefCattle_Muzzle_database/BeefCattle_Muzzle_Individualized/cattle_3814/cattle_3814_DSCF1552.jpg,cattle_3814,13,train
BeefCattle_Muzzle_database/BeefCattle_Muzzle_Individualized/cattle_3814/cattle_3814_DSCF1553.jpg,cattle_3814,13,train
BeefCattle_Muzzle_database/BeefCattle_Muzzle_Individualized/cattle_3814/cattle_3814_DSCF1556.jpg,cattle_3814,13,train
BeefCattle_Muzzle_database/BeefCattle_Muzzle_Individualized/cattle_3814/cattle_3814_DSCF1562.jpg,cattle_3814,13,train
BeefCattle_Muzzle_database/BeefCattle_Muzzle_Individualized/cattle_3814/cattle_3814_DSCF1558.jpg,cattle_3814,13,train
BeefCattle_Muzzle_database/BeefCattle_Muzzle_Individualized/cattle_3814/cattle_3814_DSCF1554.jpg,cattle_3814,13,train
BeefCattle_Muzzle_database/BeefCattle_Muzzle_Individualized/cattle_3814/cattle_3814_DSCF1560.jpg,cattle_3814,13,train
BeefCattle_Muzzle_database/BeefCattle_Muzzle_Individualized/cattle_3814/cattle_3814_DSCF1555.jpg,cattle_3814,13,val
BeefCattle_Muzzle_database/BeefCattle_Muzzle_Individualized/cattle_3814/cattle_3814_DSCF1551.jpg,cattle_3814,13,test
BeefCattle_Muzzle_database/BeefCattle_Muzzle_Individualized/cattle_3814/cattle_3814_DSCF1559.jpg,cattle_3814,13,test
BeefCattle_Muzzle_database/BeefCattle_Muzzle_Individualized/cattle_3814/cattle_3814_DSCF1557.jpg,cattle_3814,13,test
BeefCattle_Muzzle_database/BeefCattle_Muzzle_Individualized/cattle_3819/cattle_3819_DSCF8679.jpg,cattle_3819,19,train
BeefCattle_Muzzle_database/BeefCattle_Muzzle_Individualized/cattle_3819/cattle_3819_DSCF8685.jpg,cattle_3819,19,train
BeefCattle_Muzzle_database/BeefCattle_Muzzle_Individualized/cattle_3819/cattle_3819_DSCF8694.jpg,cattle_3819,19,train
BeefCattle_Muzzle_database/BeefCattle_Muzzle_Individualized/cattle_3819/cattle_3819_DSCF8684.jpg,cattle_3819,19,train
BeefCattle_Muzzle_database/BeefCattle_Muzzle_Individualized/cattle_3819/cattle_3819_DSCF8690.jpg,cattle_3819,19,train
BeefCattle_Muzzle_database/BeefCattle_Muzzle_Individualized/cattle_3819/cattle_3819_DSCF8686.jpg,cattle_3819,19,train
BeefCattle_Muzzle_database/BeefCattle_Muzzle_Individualized/cattle_3819/cattle_3819_DSCF8676.jpg,cattle_3819,19,train
BeefCattle_Muzzle_database/BeefCattle_Muzzle_Individualized/cattle_3819/cattle_3819_DSCF8682.jpg,cattle_3819,19,train
BeefCattle_Muzzle_database/BeefCattle_Muzzle_Individualized/cattle_3819/cattle_3819_DSCF8680.jpg,cattle_3819,19,train
BeefCattle_Muzzle_database/BeefCattle_Muzzle_Individualized/cattle_3819/cattle_3819_DSCF8677.jpg,cattle_3819,19,train
BeefCattle_Muzzle_database/BeefCattle_Muzzle_Individualized/cattle_3819/cattle_3819_DSCF8687.jpg,cattle_3819,19,train
BeefCattle_Muzzle_database/BeefCattle_Muzzle_Individualized/cattle_3819/cattle_3819_DSCF8678.jpg,cattle_3819,19,train
BeefCattle_Muzzle_database/BeefCattle_Muzzle_Individualized/cattle_3819/cattle_3819_DSCF8688.jpg,cattle_3819,19,train
BeefCattle_Muzzle_database/BeefCattle_Muzzle_Individualized/cattle_3819/cattle_3819_DSCF8695.jpg,cattle_3819,19,val
BeefCattle_Muzzle_database/BeefCattle_Muzzle_Individualized/cattle_3819/cattle_3819_DSCF8689.jpg,cattle_3819,19,val
BeefCattle_Muzzle_database/BeefCattle_Muzzle_Individualized/cattle_3819/cattle_3819_DSCF8692.jpg,cattle_3819,19,test
BeefCattle_Muzzle_database/BeefCattle_Muzzle_Individualized/cattle_3819/cattle_3819_DSCF8693.jpg,cattle_3819,19,test
BeefCattle_Muzzle_database/BeefCattle_Muzzle_Individualized/cattle_3819/cattle_3819_DSCF8683.jpg,cattle_3819,19,test
BeefCattle_Muzzle_database/BeefCattle_Muzzle_Individualized/cattle_3819/cattle_3819_DSCF8691.jpg,cattle_3819,19,test
BeefCattle_Muzzle_database/BeefCattle_Muzzle_Individualized/cattle_3832/cattle_3832_DSCF8720.jpg,cattle_3832,42,train
BeefCattle_Muzzle_database/BeefCattle_Muzzle_Individualized/cattle_3832/cattle_3832_DSCF8673.jpg,cattle_3832,42,train
BeefCattle_Muzzle_database/BeefCattle_Muzzle_Individualized/cattle_3832/cattle_3832_DSCF8712.jpg,cattle_3832,42,train
BeefCattle_Muzzle_database/BeefCattle_Muzzle_Individualized/cattle_3832/cattle_3832_DSCF8667.jpg,cattle_3832,42,train
BeefCattle_Muzzle_database/BeefCattle_Muzzle_Individualized/cattle_3832/cattle_3832_DSCF8721.jpg,cattle_3832,42,train
BeefCattle_Muzzle_database/BeefCattle_Muzzle_Individualized/cattle_3832/cattle_3832_DSCF8724.jpg,cattle_3832,42,train
BeefCattle_Muzzle_database/BeefCattle_Muzzle_Individualized/cattle_3832/cattle_3832_DSCF8662.jpg,cattle_3832,42,train
BeefCattle_Muzzle_database/BeefCattle_Muzzle_Individualized/cattle_3832/cattle_3832_DSCF8713.jpg,cattle_3832,42,train
BeefCattle_Muzzle_database/BeefCattle_Muzzle_Individualized/cattle_3832/cattle_3832_DSCF8665.jpg,cattle_3832,42,train
BeefCattle_Muzzle_database/BeefCattle_Muzzle_Individualized/cattle_3832/cattle_3832_DSCF8664.jpg,cattle_3832,42,train
BeefCattle_Muzzle_database/BeefCattle_Muzzle_Individualized/cattle_3832/cattle_3832_DSCF8666.jpg,cattle_3832,42,train
BeefCattle_Muzzle_database/BeefCattle_Muzzle_Individualized/cattle_3832/cattle_3832_DSCF8674.jpg,cattle_3832,42,train
BeefCattle_Muzzle_database/BeefCattle_Muzzle_Individualized/cattle_3832/cattle_3832_DSCF8719.jpg,cattle_3832,42,train
BeefCattle_Muzzle_database/BeefCattle_Muzzle_Individualized/cattle_3832/cattle_3832_DSCF8725.jpg,cattle_3832,42,train
BeefCattle_Muzzle_database/BeefCattle_Muzzle_Individualized/cattle_3832/cattle_3832_DSCF8675.jpg,cattle_3832,42,train
BeefCattle_Muzzle_database/BeefCattle_Muzzle_Individualized/cattle_3832/cattle_3832_DSCF8708.jpg,cattle_3832,42,train
BeefCattle_Muzzle_database/BeefCattle_Muzzle_Individualized/cattle_3832/cattle_3832_DSCF8706.jpg,cattle_3832,42,train
BeefCattle_Muzzle_database/BeefCattle_Muzzle_Individualized/cattle_3832/cattle_3832_DSCF8726.jpg,cattle_3832,42,train
BeefCattle_Muzzle_database/BeefCattle_Muzzle_Individualized/cattle_3832/cattle_3832_DSCF8670.jpg,cattle_3832,42,train
BeefCattle_Muzzle_database/BeefCattle_Muzzle_Individualized/cattle_3832/cattle_3832_DSCF8672.jpg,cattle_3832,42,train
BeefCattle_Muzzle_database/BeefCattle_Muzzle_Individualized/cattle_3832/cattle_3832_DSCF8661.jpg,cattle_3832,42,train
BeefCattle_Muzzle_database/BeefCattle_Muzzle_Individualized/cattle_3832/cattle_3832_DSCF8723.jpg,cattle_3832,42,train
BeefCattle_Muzzle_database/BeefCattle_Muzzle_Individualized/cattle_3832/cattle_3832_DSCF8669.jpg,cattle_3832,42,train
BeefCattle_Muzzle_database/BeefCattle_Muzzle_Individualized/cattle_3832/cattle_3832_DSCF8659.jpg,cattle_3832,42,train
BeefCattle_Muzzle_database/BeefCattle_Muzzle_Individualized/cattle_3832/cattle_3832_DSCF8717.jpg,cattle_3832,42,train
BeefCattle_Muzzle_database/BeefCattle_Muzzle_Individualized/cattle_3832/cattle_3832_DSCF8718.jpg,cattle_3832,42,train
BeefCattle_Muzzle_database/BeefCattle_Muzzle_Individualized/cattle_3832/cattle_3832_DSCF8656.jpg,cattle_3832,42,train
BeefCattle_Muzzle_database/BeefCattle_Muzzle_Individualized/cattle_3832/cattle_3832_DSCF8707.jpg,cattle_3832,42,train
BeefCattle_Muzzle_database/BeefCattle_Muzzle_Individualized/cattle_3832/cattle_3832_DSCF8705.jpg,cattle_3832,42,train
BeefCattle_Muzzle_database/BeefCattle_Muzzle_Individualized/cattle_3832/cattle_3832_DSCF8722.jpg,cattle_3832,42,val
BeefCattle_Muzzle_database/BeefCattle_Muzzle_Individualized/cattle_3832/cattle_3832_DSCF8663.jpg,cattle_3832,42,val
BeefCattle_Muzzle_database/BeefCattle_Muzzle_Individualized/cattle_3832/cattle_3832_DSCF8710.jpg,cattle_3832,42,val
BeefCattle_Muzzle_database/BeefCattle_Muzzle_Individualized/cattle_3832/cattle_3832_DSCF8716.jpg,cattle_3832,42,val
BeefCattle_Muzzle_database/BeefCattle_Muzzle_Individualized/cattle_3832/cattle_3832_DSCF8709.jpg,cattle_3832,42,val
BeefCattle_Muzzle_database/BeefCattle_Muzzle_Individualized/cattle_3832/cattle_3832_DSCF8668.jpg,cattle_3832,42,val
BeefCattle_Muzzle_database/BeefCattle_Muzzle_Individualized/cattle_3832/cattle_3832_DSCF8711.jpg,cattle_3832,42,test
BeefCattle_Muzzle_database/BeefCattle_Muzzle_Individualized/cattle_3832/cattle_3832_DSCF8714.jpg,cattle_3832,42,test
BeefCattle_Muzzle_database/BeefCattle_Muzzle_Individualized/cattle_3832/cattle_3832_DSCF8660.jpg,cattle_3832,42,test
BeefCattle_Muzzle_database/BeefCattle_Muzzle_Individualized/cattle_3832/cattle_3832_DSCF8715.jpg,cattle_3832,42,test
BeefCattle_Muzzle_database/BeefCattle_Muzzle_Individualized/cattle_3832/cattle_3832_DSCF8671.jpg,cattle_3832,42,test
BeefCattle_Muzzle_database/BeefCattle_Muzzle_Individualized/cattle_3832/cattle_3832_DSCF8658.jpg,cattle_3832,42,test
BeefCattle_Muzzle_database/BeefCattle_Muzzle_Individualized/cattle_3832/cattle_3832_DSCF8657.jpg,cattle_3832,42,test
BeefCattle_Muzzle_database/BeefCattle_Muzzle_Individualized/cattle_3842/cattle_3842_DSCF1605.jpg,cattle_3842,14,train
BeefCattle_Muzzle_database/BeefCattle_Muzzle_Individualized/cattle_3842/cattle_3842_DSCF1621.jpg,cattle_3842,14,train
BeefCattle_Muzzle_database/BeefCattle_Muzzle_Individualized/cattle_3842/cattle_3842_DSCF1613.jpg,cattle_3842,14,train
BeefCattle_Muzzle_database/BeefCattle_Muzzle_Individualized/cattle_3842/cattle_3842_DSCF1609.jpg,cattle_3842,14,train
BeefCattle_Muzzle_database/BeefCattle_Muzzle_Individualized/cattle_3842/cattle_3842_DSCF1616.jpg,cattle_3842,14,train
BeefCattle_Muzzle_database/BeefCattle_Muzzle_Individualized/cattle_3842/cattle_3842_DSCF1618.jpg,cattle_3842,14,train
BeefCattle_Muzzle_database/BeefCattle_Muzzle_Individualized/cattle_3842/cattle_3842_DSCF1614.jpg,cattle_3842,14,train
BeefCattle_Muzzle_database/BeefCattle_Muzzle_Individualized/cattle_3842/cattle_3842_DSCF1617.jpg,cattle_3842,14,train
BeefCattle_Muzzle_database/BeefCattle_Muzzle_Individualized/cattle_3842/cattle_3842_DSCF1611.jpg,cattle_3842,14,train
BeefCattle_Muzzle_database/BeefCattle_Muzzle_Individualized/cattle_3842/cattle_3842_DSCF1612.jpg,cattle_3842,14,val
BeefCattle_Muzzle_database/BeefCattle_Muzzle_Individualized/cattle_3842/cattle_3842_DSCF1620.jpg,cattle_3842,14,val
BeefCattle_Muzzle_database/BeefCattle_Muzzle_Individualized/cattle_3842/cattle_3842_DSCF1615.jpg,cattle_3842,14,test
BeefCattle_Muzzle_database/BeefCattle_Muzzle_Individualized/cattle_3842/cattle_3842_DSCF1619.jpg,cattle_3842,14,test
BeefCattle_Muzzle_database/BeefCattle_Muzzle_Individualized/cattle_3842/cattle_3842_DSCF1610.jpg,cattle_3842,14,test
BeefCattle_Muzzle_database/BeefCattle_Muzzle_Individualized/cattle_3844/cattle_3844_DSCF1632.jpg,cattle_3844,15,train
BeefCattle_Muzzle_database/BeefCattle_Muzzle_Individualized/cattle_3844/cattle_3844_DSCF1622.jpg,cattle_3844,15,train
BeefCattle_Muzzle_database/BeefCattle_Muzzle_Individualized/cattle_3844/cattle_3844_DSCF1624.jpg,cattle_3844,15,train
BeefCattle_Muzzle_database/BeefCattle_Muzzle_Individualized/cattle_3844/cattle_3844_DSCF1635.jpg,cattle_3844,15,train
BeefCattle_Muzzle_database/BeefCattle_Muzzle_Individualized/cattle_3844/cattle_3844_DSCF1630.jpg,cattle_3844,15,train
BeefCattle_Muzzle_database/BeefCattle_Muzzle_Individualized/cattle_3844/cattle_3844_DSCF1628.jpg,cattle_3844,15,train
BeefCattle_Muzzle_database/BeefCattle_Muzzle_Individualized/cattle_3844/cattle_3844_DSCF1629.jpg,cattle_3844,15,train
BeefCattle_Muzzle_database/BeefCattle_Muzzle_Individualized/cattle_3844/cattle_3844_DSCF1636.jpg,cattle_3844,15,train
BeefCattle_Muzzle_database/BeefCattle_Muzzle_Individualized/cattle_3844/cattle_3844_DSCF1631.jpg,cattle_3844,15,train
BeefCattle_Muzzle_database/BeefCattle_Muzzle_Individualized/cattle_3844/cattle_3844_DSCF1627.jpg,cattle_3844,15,train
BeefCattle_Muzzle_database/BeefCattle_Muzzle_Individualized/cattle_3844/cattle_3844_DSCF1634.jpg,cattle_3844,15,val
BeefCattle_Muzzle_database/BeefCattle_Muzzle_Individualized/cattle_3844/cattle_3844_DSCF1625.jpg,cattle_3844,15,val
BeefCattle_Muzzle_database/BeefCattle_Muzzle_Individualized/cattle_3844/cattle_3844_DSCF1626.jpg,cattle_3844,15,test
BeefCattle_Muzzle_database/BeefCattle_Muzzle_Individualized/cattle_3844/cattle_3844_DSCF1633.jpg,cattle_3844,15,test
BeefCattle_Muzzle_database/BeefCattle_Muzzle_Individualized/cattle_3844/cattle_3844_DSCF1623.jpg,cattle_3844,15,test
BeefCattle_Muzzle_database/BeefCattle_Muzzle_Individualized/cattle_3847/cattle_3847_DSCF1657.jpg,cattle_3847,21,train
BeefCattle_Muzzle_database/BeefCattle_Muzzle_Individualized/cattle_3847/cattle_3847_DSCF1659.jpg,cattle_3847,21,train
BeefCattle_Muzzle_database/BeefCattle_Muzzle_Individualized/cattle_3847/cattle_3847_DSCF1653.jpg,cattle_3847,21,train
BeefCattle_Muzzle_database/BeefCattle_Muzzle_Individualized/cattle_3847/cattle_3847_DSCF1656.jpg,cattle_3847,21,train
BeefCattle_Muzzle_database/BeefCattle_Muzzle_Individualized/cattle_3847/cattle_3847_DSCF1671.jpg,cattle_3847,21,train
BeefCattle_Muzzle_database/BeefCattle_Muzzle_Individualized/cattle_3847/cattle_3847_DSCF1660.jpg,cattle_3847,21,train
BeefCattle_Muzzle_database/BeefCattle_Muzzle_Individualized/cattle_3847/cattle_3847_DSCF1664.jpg,cattle_3847,21,train
BeefCattle_Muzzle_database/BeefCattle_Muzzle_Individualized/cattle_3847/cattle_3847_DSCF1668.jpg,cattle_3847,21,train
BeefCattle_Muzzle_database/BeefCattle_Muzzle_Individualized/cattle_3847/cattle_3847_DSCF1669.jpg,cattle_3847,21,train
BeefCattle_Muzzle_database/BeefCattle_Muzzle_Individualized/cattle_3847/cattle_3847_DSCF1661.jpg,cattle_3847,21,train
BeefCattle_Muzzle_database/BeefCattle_Muzzle_Individualized/cattle_3847/cattle_3847_DSCF1663.jpg,cattle_3847,21,train
BeefCattle_Muzzle_database/BeefCattle_Muzzle_Individualized/cattle_3847/cattle_3847_DSCF1667.jpg,cattle_3847,21,train
BeefCattle_Muzzle_database/BeefCattle_Muzzle_Individualized/cattle_3847/cattle_3847_DSCF1655.jpg,cattle_3847,21,train
BeefCattle_Muzzle_database/BeefCattle_Muzzle_Individualized/cattle_3847/cattle_3847_DSCF1652.jpg,cattle_3847,21,train
BeefCattle_Muzzle_database/BeefCattle_Muzzle_Individualized/cattle_3847/cattle_3847_DSCF1672.jpg,cattle_3847,21,val
BeefCattle_Muzzle_database/BeefCattle_Muzzle_Individualized/cattle_3847/cattle_3847_DSCF1666.jpg,cattle_3847,21,val
BeefCattle_Muzzle_database/BeefCattle_Muzzle_Individualized/cattle_3847/cattle_3847_DSCF1662.jpg,cattle_3847,21,val
BeefCattle_Muzzle_database/BeefCattle_Muzzle_Individualized/cattle_3847/cattle_3847_DSCF1670.jpg,cattle_3847,21,test
BeefCattle_Muzzle_database/BeefCattle_Muzzle_Individualized/cattle_3847/cattle_3847_DSCF1665.jpg,cattle_3847,21,test
BeefCattle_Muzzle_database/BeefCattle_Muzzle_Individualized/cattle_3847/cattle_3847_DSCF1654.jpg,cattle_3847,21,test
BeefCattle_Muzzle_database/BeefCattle_Muzzle_Individualized/cattle_3847/cattle_3847_DSCF1658.jpg,cattle_3847,21,test
BeefCattle_Muzzle_database/BeefCattle_Muzzle_Individualized/cattle_3852/cattle_3852_DSCF1596.jpg,cattle_3852,29,train
BeefCattle_Muzzle_database/BeefCattle_Muzzle_Individualized/cattle_3852/cattle_3852_DSCF1577.jpg,cattle_3852,29,train
BeefCattle_Muzzle_database/BeefCattle_Muzzle_Individualized/cattle_3852/cattle_3852_DSCF1587.jpg,cattle_3852,29,train
BeefCattle_Muzzle_database/BeefCattle_Muzzle_Individualized/cattle_3852/cattle_3852_DSCF1585.jpg,cattle_3852,29,train
BeefCattle_Muzzle_database/BeefCattle_Muzzle_Individualized/cattle_3852/cattle_3852_DSCF1581.jpg,cattle_3852,29,train
BeefCattle_Muzzle_database/BeefCattle_Muzzle_Individualized/cattle_3852/cattle_3852_DSCF1580.jpg,cattle_3852,29,train
BeefCattle_Muzzle_database/BeefCattle_Muzzle_Individualized/cattle_3852/cattle_3852_DSCF1579.jpg,cattle_3852,29,train
BeefCattle_Muzzle_database/BeefCattle_Muzzle_Individualized/cattle_3852/cattle_3852_DSCF1601.jpg,cattle_3852,29,train
BeefCattle_Muzzle_database/BeefCattle_Muzzle_Individualized/cattle_3852/cattle_3852_DSCF1600.jpg,cattle_3852,29,train
BeefCattle_Muzzle_database/BeefCattle_Muzzle_Individualized/cattle_3852/cattle_3852_DSCF1597.jpg,cattle_3852,29,train
BeefCattle_Muzzle_database/BeefCattle_Muzzle_Individualized/cattle_3852/cattle_3852_DSCF1578.jpg,cattle_3852,29,train
BeefCattle_Muzzle_database/BeefCattle_Muzzle_Individualized/cattle_3852/cattle_3852_DSCF1582.jpg,cattle_3852,29,train
BeefCattle_Muzzle_database/BeefCattle_Muzzle_Individualized/cattle_3852/cattle_3852_DSCF1592.jpg,cattle_3852,29,train
BeefCattle_Muzzle_database/BeefCattle_Muzzle_Individualized/cattle_3852/cattle_3852_DSCF1590.jpg,cattle_3852,29,train
BeefCattle_Muzzle_database/BeefCattle_Muzzle_Individualized/cattle_3852/cattle_3852_DSCF1594.jpg,cattle_3852,29,train
BeefCattle_Muzzle_database/BeefCattle_Muzzle_Individualized/cattle_3852/cattle_3852_DSCF1586.jpg,cattle_3852,29,train
BeefCattle_Muzzle_database/BeefCattle_Muzzle_Individualized/cattle_3852/cattle_3852_DSCF1588.jpg,cattle_3852,29,train
BeefCattle_Muzzle_database/BeefCattle_Muzzle_Individualized/cattle_3852/cattle_3852_DSCF1576.jpg,cattle_3852,29,train
BeefCattle_Muzzle_database/BeefCattle_Muzzle_Individualized/cattle_3852/cattle_3852_DSCF1598.jpg,cattle_3852,29,train
BeefCattle_Muzzle_database/BeefCattle_Muzzle_Individualized/cattle_3852/cattle_3852_DSCF1589.jpg,cattle_3852,29,train
BeefCattle_Muzzle_database/BeefCattle_Muzzle_Individualized/cattle_3852/cattle_3852_DSCF1584.jpg,cattle_3852,29,val
BeefCattle_Muzzle_database/BeefCattle_Muzzle_Individualized/cattle_3852/cattle_3852_DSCF1602.jpg,cattle_3852,29,val
BeefCattle_Muzzle_database/BeefCattle_Muzzle_Individualized/cattle_3852/cattle_3852_DSCF1591.jpg,cattle_3852,29,val
BeefCattle_Muzzle_database/BeefCattle_Muzzle_Individualized/cattle_3852/cattle_3852_DSCF1583.jpg,cattle_3852,29,val
BeefCattle_Muzzle_database/BeefCattle_Muzzle_Individualized/cattle_3852/cattle_3852_DSCF1595.jpg,cattle_3852,29,test
BeefCattle_Muzzle_database/BeefCattle_Muzzle_Individualized/cattle_3852/cattle_3852_DSCF1604.jpg,cattle_3852,29,test
BeefCattle_Muzzle_database/BeefCattle_Muzzle_Individualized/cattle_3852/cattle_3852_DSCF1603.jpg,cattle_3852,29,test
BeefCattle_Muzzle_database/BeefCattle_Muzzle_Individualized/cattle_3852/cattle_3852_DSCF1599.jpg,cattle_3852,29,test
BeefCattle_Muzzle_database/BeefCattle_Muzzle_Individualized/cattle_3852/cattle_3852_DSCF1593.jpg,cattle_3852,29,test
BeefCattle_Muzzle_database/BeefCattle_Muzzle_Individualized/cattle_3856/cattle_3856_DSCF1523.jpg,cattle_3856,16,train
BeefCattle_Muzzle_database/BeefCattle_Muzzle_Individualized/cattle_3856/cattle_3856_DSCF1522.jpg,cattle_3856,16,train
BeefCattle_Muzzle_database/BeefCattle_Muzzle_Individualized/cattle_3856/cattle_3856_DSCF1513.jpg,cattle_3856,16,train
BeefCattle_Muzzle_database/BeefCattle_Muzzle_Individualized/cattle_3856/cattle_3856_DSCF1521.jpg,cattle_3856,16,train
BeefCattle_Muzzle_database/BeefCattle_Muzzle_Individualized/cattle_3856/cattle_3856_DSCF1520.jpg,cattle_3856,16,train
BeefCattle_Muzzle_database/BeefCattle_Muzzle_Individualized/cattle_3856/cattle_3856_DSCF1524.jpg,cattle_3856,16,train
BeefCattle_Muzzle_database/BeefCattle_Muzzle_Individualized/cattle_3856/cattle_3856_DSCF1526.jpg,cattle_3856,16,train
BeefCattle_Muzzle_database/BeefCattle_Muzzle_Individualized/cattle_3856/cattle_3856_DSCF1515.jpg,cattle_3856,16,train
BeefCattle_Muzzle_database/BeefCattle_Muzzle_Individualized/cattle_3856/cattle_3856_DSCF1517.jpg,cattle_3856,16,train
BeefCattle_Muzzle_database/BeefCattle_Muzzle_Individualized/cattle_3856/cattle_3856_DSCF1518.jpg,cattle_3856,16,train
BeefCattle_Muzzle_database/BeefCattle_Muzzle_Individualized/cattle_3856/cattle_3856_DSCF1527.jpg,cattle_3856,16,train
BeefCattle_Muzzle_database/BeefCattle_Muzzle_Individualized/cattle_3856/cattle_3856_DSCF1512.jpg,cattle_3856,16,val
BeefCattle_Muzzle_database/BeefCattle_Muzzle_Individualized/cattle_3856/cattle_3856_DSCF1514.jpg,cattle_3856,16,val
BeefCattle_Muzzle_database/BeefCattle_Muzzle_Individualized/cattle_3856/cattle_3856_DSCF1519.jpg,cattle_3856,16,test
BeefCattle_Muzzle_database/BeefCattle_Muzzle_Individualized/cattle_3856/cattle_3856_DSCF1525.jpg,cattle_3856,16,test
BeefCattle_Muzzle_database/BeefCattle_Muzzle_Individualized/cattle_3856/cattle_3856_DSCF1516.jpg,cattle_3856,16,test
BeefCattle_Muzzle_database/BeefCattle_Muzzle_Individualized/cattle_4208/cattle_4208_DSCF6844.jpg,cattle_4208,18,train
BeefCattle_Muzzle_database/BeefCattle_Muzzle_Individualized/cattle_4208/cattle_4208_DSCF6851.jpg,cattle_4208,18,train
BeefCattle_Muzzle_database/BeefCattle_Muzzle_Individualized/cattle_4208/cattle_4208_DSCF6845.jpg,cattle_4208,18,train
BeefCattle_Muzzle_database/BeefCattle_Muzzle_Individualized/cattle_4208/cattle_4208_DSCF6836.jpg,cattle_4208,18,train
BeefCattle_Muzzle_database/BeefCattle_Muzzle_Individualized/cattle_4208/cattle_4208_DSCF6847.jpg,cattle_4208,18,train
BeefCattle_Muzzle_database/BeefCattle_Muzzle_Individualized/cattle_4208/cattle_4208_DSCF6841.jpg,cattle_4208,18,train
BeefCattle_Muzzle_database/BeefCattle_Muzzle_Individualized/cattle_4208/cattle_4208_DSCF6838.jpg,cattle_4208,18,train
BeefCattle_Muzzle_database/BeefCattle_Muzzle_Individualized/cattle_4208/cattle_4208_DSCF6848.jpg,cattle_4208,18,train
BeefCattle_Muzzle_database/BeefCattle_Muzzle_Individualized/cattle_4208/cattle_4208_DSCF6833.jpg,cattle_4208,18,train
BeefCattle_Muzzle_database/BeefCattle_Muzzle_Individualized/cattle_4208/cattle_4208_DSCF6835.jpg,cattle_4208,18,train
BeefCattle_Muzzle_database/BeefCattle_Muzzle_Individualized/cattle_4208/cattle_4208_DSCF6837.jpg,cattle_4208,18,train
BeefCattle_Muzzle_database/BeefCattle_Muzzle_Individualized/cattle_4208/cattle_4208_DSCF6849.jpg,cattle_4208,18,train
BeefCattle_Muzzle_database/BeefCattle_Muzzle_Individualized/cattle_4208/cattle_4208_DSCF6852.jpg,cattle_4208,18,val
BeefCattle_Muzzle_database/BeefCattle_Muzzle_Individualized/cattle_4208/cattle_4208_DSCF6846.jpg,cattle_4208,18,val
BeefCattle_Muzzle_database/BeefCattle_Muzzle_Individualized/cattle_4208/cattle_4208_DSCF6832.jpg,cattle_4208,18,test
BeefCattle_Muzzle_database/BeefCattle_Muzzle_Individualized/cattle_4208/cattle_4208_DSCF6850.jpg,cattle_4208,18,test
BeefCattle_Muzzle_database/BeefCattle_Muzzle_Individualized/cattle_4208/cattle_4208_DSCF6834.jpg,cattle_4208,18,test
BeefCattle_Muzzle_database/BeefCattle_Muzzle_Individualized/cattle_4208/cattle_4208_DSCF6842.jpg,cattle_4208,18,test
BeefCattle_Muzzle_database/BeefCattle_Muzzle_Individualized/cattle_4323/cattle_4323_DSCF0231.jpg,cattle_4323,19,train
BeefCattle_Muzzle_database/BeefCattle_Muzzle_Individualized/cattle_4323/cattle_4323_DSCF0230.jpg,cattle_4323,19,train
BeefCattle_Muzzle_database/BeefCattle_Muzzle_Individualized/cattle_4323/cattle_4323_DSCF0227.jpg,cattle_4323,19,train
BeefCattle_Muzzle_database/BeefCattle_Muzzle_Individualized/cattle_4323/cattle_4323_DSCF0217.jpg,cattle_4323,19,train
BeefCattle_Muzzle_database/BeefCattle_Muzzle_Individualized/cattle_4323/cattle_4323_DSCF0225.jpg,cattle_4323,19,train
BeefCattle_Muzzle_database/BeefCattle_Muzzle_Individualized/cattle_4323/cattle_4323_DSCF0229.jpg,cattle_4323,19,train
BeefCattle_Muzzle_database/BeefCattle_Muzzle_Individualized/cattle_4323/cattle_4323_DSCF0223.jpg,cattle_4323,19,train
BeefCattle_Muzzle_database/BeefCattle_Muzzle_Individualized/cattle_4323/cattle_4323_DSCF0218.jpg,cattle_4323,19,train
BeefCattle_Muzzle_database/BeefCattle_Muzzle_Individualized/cattle_4323/cattle_4323_DSCF0219.jpg,cattle_4323,19,train
BeefCattle_Muzzle_database/BeefCattle_Muzzle_Individualized/cattle_4323/cattle_4323_DSCF0222.jpg,cattle_4323,19,train
BeefCattle_Muzzle_database/BeefCattle_Muzzle_Individualized/cattle_4323/cattle_4323_DSCF0234.jpg,cattle_4323,19,train
BeefCattle_Muzzle_database/BeefCattle_Muzzle_Individualized/cattle_4323/cattle_4323_DSCF0228.jpg,cattle_4323,19,train
BeefCattle_Muzzle_database/BeefCattle_Muzzle_Individualized/cattle_4323/cattle_4323_DSCF0235.jpg,cattle_4323,19,train
BeefCattle_Muzzle_database/BeefCattle_Muzzle_Individualized/cattle_4323/cattle_4323_DSCF0233.jpg,cattle_4323,19,val
BeefCattle_Muzzle_database/BeefCattle_Muzzle_Individualized/cattle_4323/cattle_4323_DSCF0226.jpg,cattle_4323,19,val
BeefCattle_Muzzle_database/BeefCattle_Muzzle_Individualized/cattle_4323/cattle_4323_DSCF0220.jpg,cattle_4323,19,test
BeefCattle_Muzzle_database/BeefCattle_Muzzle_Individualized/cattle_4323/cattle_4323_DSCF0232.jpg,cattle_4323,19,test
BeefCattle_Muzzle_database/BeefCattle_Muzzle_Individualized/cattle_4323/cattle_4323_DSCF0221.jpg,cattle_4323,19,test
BeefCattle_Muzzle_database/BeefCattle_Muzzle_Individualized/cattle_4323/cattle_4323_DSCF0224.jpg,cattle_4323,19,test
BeefCattle_Muzzle_database/BeefCattle_Muzzle_Individualized/cattle_4326/cattle_4326_DSCF7021.jpg,cattle_4326,10,train
BeefCattle_Muzzle_database/BeefCattle_Muzzle_Individualized/cattle_4326/cattle_4326_DSCF7022.jpg,cattle_4326,10,train
BeefCattle_Muzzle_database/BeefCattle_Muzzle_Individualized/cattle_4326/cattle_4326_DSCF7028.jpg,cattle_4326,10,train
BeefCattle_Muzzle_database/BeefCattle_Muzzle_Individualized/cattle_4326/cattle_4326_DSCF7026.jpg,cattle_4326,10,train
BeefCattle_Muzzle_database/BeefCattle_Muzzle_Individualized/cattle_4326/cattle_4326_DSCF7019.jpg,cattle_4326,10,train
BeefCattle_Muzzle_database/BeefCattle_Muzzle_Individualized/cattle_4326/cattle_4326_DSCF7020.jpg,cattle_4326,10,train
BeefCattle_Muzzle_database/BeefCattle_Muzzle_Individualized/cattle_4326/cattle_4326_DSCF7024.jpg,cattle_4326,10,train
BeefCattle_Muzzle_database/BeefCattle_Muzzle_Individualized/cattle_4326/cattle_4326_DSCF7027.jpg,cattle_4326,10,val
BeefCattle_Muzzle_database/BeefCattle_Muzzle_Individualized/cattle_4326/cattle_4326_DSCF7025.jpg,cattle_4326,10,test
BeefCattle_Muzzle_database/BeefCattle_Muzzle_Individualized/cattle_4326/cattle_4326_DSCF7023.jpg,cattle_4326,10,test
BeefCattle_Muzzle_database/BeefCattle_Muzzle_Individualized/cattle_4330/cattle_4330_DSCF0829.jpg,cattle_4330,28,train
BeefCattle_Muzzle_database/BeefCattle_Muzzle_Individualized/cattle_4330/cattle_4330_DSCF0819.jpg,cattle_4330,28,train
BeefCattle_Muzzle_database/BeefCattle_Muzzle_Individualized/cattle_4330/cattle_4330_DSCF0835.jpg,cattle_4330,28,train
BeefCattle_Muzzle_database/BeefCattle_Muzzle_Individualized/cattle_4330/cattle_4330_DSCF0824.jpg,cattle_4330,28,train
BeefCattle_Muzzle_database/BeefCattle_Muzzle_Individualized/cattle_4330/cattle_4330_DSCF0839.jpg,cattle_4330,28,train
BeefCattle_Muzzle_database/BeefCattle_Muzzle_Individualized/cattle_4330/cattle_4330_DSCF0830.jpg,cattle_4330,28,train
BeefCattle_Muzzle_database/BeefCattle_Muzzle_Individualized/cattle_4330/cattle_4330_DSCF0823.jpg,cattle_4330,28,train
BeefCattle_Muzzle_database/BeefCattle_Muzzle_Individualized/cattle_4330/cattle_4330_DSCF0838.jpg,cattle_4330,28,train
BeefCattle_Muzzle_database/BeefCattle_Muzzle_Individualized/cattle_4330/cattle_4330_DSCF0820.jpg,cattle_4330,28,train
BeefCattle_Muzzle_database/BeefCattle_Muzzle_Individualized/cattle_4330/cattle_4330_DSCF0827.jpg,cattle_4330,28,train
BeefCattle_Muzzle_database/BeefCattle_Muzzle_Individualized/cattle_4330/cattle_4330_DSCF0837.jpg,cattle_4330,28,train
BeefCattle_Muzzle_database/BeefCattle_Muzzle_Individualized/cattle_4330/cattle_4330_DSCF0822.jpg,cattle_4330,28,train
BeefCattle_Muzzle_database/BeefCattle_Muzzle_Individualized/cattle_4330/cattle_4330_DSCF0821.jpg,cattle_4330,28,train
BeefCattle_Muzzle_database/BeefCattle_Muzzle_Individualized/cattle_4330/cattle_4330_DSCF0840.jpg,cattle_4330,28,train
BeefCattle_Muzzle_database/BeefCattle_Muzzle_Individualized/cattle_4330/cattle_4330_DSCF0815.jpg,cattle_4330,28,train
BeefCattle_Muzzle_database/BeefCattle_Muzzle_Individualized/cattle_4330/cattle_4330_DSCF0825.jpg,cattle_4330,28,train
BeefCattle_Muzzle_database/BeefCattle_Muzzle_Individualized/cattle_4330/cattle_4330_DSCF0831.jpg,cattle_4330,28,train
BeefCattle_Muzzle_database/BeefCattle_Muzzle_Individualized/cattle_4330/cattle_4330_DSCF0817.jpg,cattle_4330,28,train
BeefCattle_Muzzle_database/BeefCattle_Muzzle_Individualized/cattle_4330/cattle_4330_DSCF0841.jpg,cattle_4330,28,train
BeefCattle_Muzzle_database/BeefCattle_Muzzle_Individualized/cattle_4330/cattle_4330_DSCF0828.jpg,cattle_4330,28,val
BeefCattle_Muzzle_database/BeefCattle_Muzzle_Individualized/cattle_4330/cattle_4330_DSCF0832.jpg,cattle_4330,28,val
BeefCattle_Muzzle_database/BeefCattle_Muzzle_Individualized/cattle_4330/cattle_4330_DSCF0826.jpg,cattle_4330,28,val
BeefCattle_Muzzle_database/BeefCattle_Muzzle_Individualized/cattle_4330/cattle_4330_DSCF0816.jpg,cattle_4330,28,val
BeefCattle_Muzzle_database/BeefCattle_Muzzle_Individualized/cattle_4330/cattle_4330_DSCF0833.jpg,cattle_4330,28,test
BeefCattle_Muzzle_database/BeefCattle_Muzzle_Individualized/cattle_4330/cattle_4330_DSCF0818.jpg,cattle_4330,28,test
BeefCattle_Muzzle_database/BeefCattle_Muzzle_Individualized/cattle_4330/cattle_4330_DSCF0834.jpg,cattle_4330,28,test
BeefCattle_Muzzle_database/BeefCattle_Muzzle_Individualized/cattle_4330/cattle_4330_DSCF0836.jpg,cattle_4330,28,test
BeefCattle_Muzzle_database/BeefCattle_Muzzle_Individualized/cattle_4330/cattle_4330_DSCF0842.jpg,cattle_4330,28,test
BeefCattle_Muzzle_database/BeefCattle_Muzzle_Individualized/cattle_4339/cattle_4339_DSCF6834.jpg,cattle_4339,20,train
BeefCattle_Muzzle_database/BeefCattle_Muzzle_Individualized/cattle_4339/cattle_4339_DSCF6832.jpg,cattle_4339,20,train
BeefCattle_Muzzle_database/BeefCattle_Muzzle_Individualized/cattle_4339/cattle_4339_DSCF6844.jpg,cattle_4339,20,train
BeefCattle_Muzzle_database/BeefCattle_Muzzle_Individualized/cattle_4339/cattle_4339_DSCF6840.jpg,cattle_4339,20,train
BeefCattle_Muzzle_database/BeefCattle_Muzzle_Individualized/cattle_4339/cattle_4339_DSCF6838.jpg,cattle_4339,20,train
BeefCattle_Muzzle_database/BeefCattle_Muzzle_Individualized/cattle_4339/cattle_4339_DSCF6841.jpg,cattle_4339,20,train
BeefCattle_Muzzle_database/BeefCattle_Muzzle_Individualized/cattle_4339/cattle_4339_DSCF6846.jpg,cattle_4339,20,train
BeefCattle_Muzzle_database/BeefCattle_Muzzle_Individualized/cattle_4339/cattle_4339_DSCF6850.jpg,cattle_4339,20,train
BeefCattle_Muzzle_database/BeefCattle_Muzzle_Individualized/cattle_4339/cattle_4339_DSCF6833.jpg,cattle_4339,20,train
BeefCattle_Muzzle_database/BeefCattle_Muzzle_Individualized/cattle_4339/cattle_4339_DSCF6835.jpg,cattle_4339,20,train
BeefCattle_Muzzle_database/BeefCattle_Muzzle_Individualized/cattle_4339/cattle_4339_DSCF6837.jpg,cattle_4339,20,train
BeefCattle_Muzzle_database/BeefCattle_Muzzle_Individualized/cattle_4339/cattle_4339_DSCF6836.jpg,cattle_4339,20,train
BeefCattle_Muzzle_database/BeefCattle_Muzzle_Individualized/cattle_4339/cattle_4339_DSCF6842.jpg,cattle_4339,20,train
BeefCattle_Muzzle_database/BeefCattle_Muzzle_Individualized/cattle_4339/cattle_4339_DSCF6845.jpg,cattle_4339,20,train
BeefCattle_Muzzle_database/BeefCattle_Muzzle_Individualized/cattle_4339/cattle_4339_DSCF6852.jpg,cattle_4339,20,val
BeefCattle_Muzzle_database/BeefCattle_Muzzle_Individualized/cattle_4339/cattle_4339_DSCF6847.jpg,cattle_4339,20,val
BeefCattle_Muzzle_database/BeefCattle_Muzzle_Individualized/cattle_4339/cattle_4339_DSCF6848.jpg,cattle_4339,20,val
BeefCattle_Muzzle_database/BeefCattle_Muzzle_Individualized/cattle_4339/cattle_4339_DSCF6849.jpg,cattle_4339,20,test
BeefCattle_Muzzle_database/BeefCattle_Muzzle_Individualized/cattle_4339/cattle_4339_DSCF6851.jpg,cattle_4339,20,test
BeefCattle_Muzzle_database/BeefCattle_Muzzle_Individualized/cattle_4339/cattle_4339_DSCF6853.jpg,cattle_4339,20,test
BeefCattle_Muzzle_database/BeefCattle_Muzzle_Individualized/cattle_4347/cattle_4347_DSCF1397.jpg,cattle_4347,19,train
BeefCattle_Muzzle_database/BeefCattle_Muzzle_Individualized/cattle_4347/cattle_4347_DSCF1405.jpg,cattle_4347,19,train
BeefCattle_Muzzle_database/BeefCattle_Muzzle_Individualized/cattle_4347/cattle_4347_DSCF1393.jpg,cattle_4347,19,train
BeefCattle_Muzzle_database/BeefCattle_Muzzle_Individualized/cattle_4347/cattle_4347_DSCF1408.jpg,cattle_4347,19,train
BeefCattle_Muzzle_database/BeefCattle_Muzzle_Individualized/cattle_4347/cattle_4347_DSCF1398.jpg,cattle_4347,19,train
BeefCattle_Muzzle_database/BeefCattle_Muzzle_Individualized/cattle_4347/cattle_4347_DSCF1392.jpg,cattle_4347,19,train
BeefCattle_Muzzle_database/BeefCattle_Muzzle_Individualized/cattle_4347/cattle_4347_DSCF1399.jpg,cattle_4347,19,train
BeefCattle_Muzzle_database/BeefCattle_Muzzle_Individualized/cattle_4347/cattle_4347_DSCF1391.jpg,cattle_4347,19,train
BeefCattle_Muzzle_database/BeefCattle_Muzzle_Individualized/cattle_4347/cattle_4347_DSCF1400.jpg,cattle_4347,19,train
BeefCattle_Muzzle_database/BeefCattle_Muzzle_Individualized/cattle_4347/cattle_4347_DSCF1402.jpg,cattle_4347,19,train
BeefCattle_Muzzle_database/BeefCattle_Muzzle_Individualized/cattle_4347/cattle_4347_DSCF1404.jpg,cattle_4347,19,train
BeefCattle_Muzzle_database/BeefCattle_Muzzle_Individualized/cattle_4347/cattle_4347_DSCF1395.jpg,cattle_4347,19,train
BeefCattle_Muzzle_database/BeefCattle_Muzzle_Individualized/cattle_4347/cattle_4347_DSCF1403.jpg,cattle_4347,19,train
BeefCattle_Muzzle_database/BeefCattle_Muzzle_Individualized/cattle_4347/cattle_4347_DSCF1407.jpg,cattle_4347,19,val
BeefCattle_Muzzle_database/BeefCattle_Muzzle_Individualized/cattle_4347/cattle_4347_DSCF1394.jpg,cattle_4347,19,val
BeefCattle_Muzzle_database/BeefCattle_Muzzle_Individualized/cattle_4347/cattle_4347_DSCF1409.jpg,cattle_4347,19,test
BeefCattle_Muzzle_database/BeefCattle_Muzzle_Individualized/cattle_4347/cattle_4347_DSCF1396.jpg,cattle_4347,19,test
BeefCattle_Muzzle_database/BeefCattle_Muzzle_Individualized/cattle_4347/cattle_4347_DSCF1401.jpg,cattle_4347,19,test
BeefCattle_Muzzle_database/BeefCattle_Muzzle_Individualized/cattle_4347/cattle_4347_DSCF1406.jpg,cattle_4347,19,test
BeefCattle_Muzzle_database/BeefCattle_Muzzle_Individualized/cattle_4363/cattle_4363_DSCF0807.jpg,cattle_4363,21,train
BeefCattle_Muzzle_database/BeefCattle_Muzzle_Individualized/cattle_4363/cattle_4363_DSCF0810.jpg,cattle_4363,21,train
BeefCattle_Muzzle_database/BeefCattle_Muzzle_Individualized/cattle_4363/cattle_4363_DSCF0803.jpg,cattle_4363,21,train
BeefCattle_Muzzle_database/BeefCattle_Muzzle_Individualized/cattle_4363/cattle_4363_DSCF0802.jpg,cattle_4363,21,train
BeefCattle_Muzzle_database/BeefCattle_Muzzle_Individualized/cattle_4363/cattle_4363_DSCF0796.jpg,cattle_4363,21,train
BeefCattle_Muzzle_database/BeefCattle_Muzzle_Individualized/cattle_4363/cattle_4363_DSCF0812.jpg,cattle_4363,21,train
BeefCattle_Muzzle_database/BeefCattle_Muzzle_Individualized/cattle_4363/cattle_4363_DSCF0799.jpg,cattle_4363,21,train
BeefCattle_Muzzle_database/BeefCattle_Muzzle_Individualized/cattle_4363/cattle_4363_DSCF0805.jpg,cattle_4363,21,train
BeefCattle_Muzzle_database/BeefCattle_Muzzle_Individualized/cattle_4363/cattle_4363_DSCF0804.jpg,cattle_4363,21,train
BeefCattle_Muzzle_database/BeefCattle_Muzzle_Individualized/cattle_4363/cattle_4363_DSCF0800.jpg,cattle_4363,21,train
BeefCattle_Muzzle_database/BeefCattle_Muzzle_Individualized/cattle_4363/cattle_4363_DSCF0797.jpg,cattle_4363,21,train
BeefCattle_Muzzle_database/BeefCattle_Muzzle_Individualized/cattle_4363/cattle_4363_DSCF0798.jpg,cattle_4363,21,train
BeefCattle_Muzzle_database/BeefCattle_Muzzle_Individualized/cattle_4363/cattle_4363_DSCF0795.jpg,cattle_4363,21,train
BeefCattle_Muzzle_database/BeefCattle_Muzzle_Individualized/cattle_4363/cattle_4363_DSCF0794.jpg,cattle_4363,21,train
BeefCattle_Muzzle_database/BeefCattle_Muzzle_Individualized/cattle_4363/cattle_4363_DSCF0806.jpg,cattle_4363,21,val
BeefCattle_Muzzle_database/BeefCattle_Muzzle_Individualized/cattle_4363/cattle_4363_DSCF0808.jpg,cattle_4363,21,val
BeefCattle_Muzzle_database/BeefCattle_Muzzle_Individualized/cattle_4363/cattle_4363_DSCF0813.jpg,cattle_4363,21,val
BeefCattle_Muzzle_database/BeefCattle_Muzzle_Individualized/cattle_4363/cattle_4363_DSCF0814.jpg,cattle_4363,21,test
BeefCattle_Muzzle_database/BeefCattle_Muzzle_Individualized/cattle_4363/cattle_4363_DSCF0801.jpg,cattle_4363,21,test
BeefCattle_Muzzle_database/BeefCattle_Muzzle_Individualized/cattle_4363/cattle_4363_DSCF0811.jpg,cattle_4363,21,test
BeefCattle_Muzzle_database/BeefCattle_Muzzle_Individualized/cattle_4363/cattle_4363_DSCF0809.jpg,cattle_4363,21,test
BeefCattle_Muzzle_database/BeefCattle_Muzzle_Individualized/cattle_4369/cattle_4369_DSCF6760.jpg,cattle_4369,16,train
BeefCattle_Muzzle_database/BeefCattle_Muzzle_Individualized/cattle_4369/cattle_4369_DSCF6753.jpg,cattle_4369,16,train
BeefCattle_Muzzle_database/BeefCattle_Muzzle_Individualized/cattle_4369/cattle_4369_DSCF6889.jpg,cattle_4369,16,train
BeefCattle_Muzzle_database/BeefCattle_Muzzle_Individualized/cattle_4369/cattle_4369_DSCF6752.jpg,cattle_4369,16,train
BeefCattle_Muzzle_database/BeefCattle_Muzzle_Individualized/cattle_4369/cattle_4369_DSCF6756.jpg,cattle_4369,16,train
BeefCattle_Muzzle_database/BeefCattle_Muzzle_Individualized/cattle_4369/cattle_4369_DSCF6750.jpg,cattle_4369,16,train
BeefCattle_Muzzle_database/BeefCattle_Muzzle_Individualized/cattle_4369/cattle_4369_DSCF6751.jpg,cattle_4369,16,train
BeefCattle_Muzzle_database/BeefCattle_Muzzle_Individualized/cattle_4369/cattle_4369_DSCF6891.jpg,cattle_4369,16,train
BeefCattle_Muzzle_database/BeefCattle_Muzzle_Individualized/cattle_4369/cattle_4369_DSCF6759.jpg,cattle_4369,16,train
BeefCattle_Muzzle_database/BeefCattle_Muzzle_Individualized/cattle_4369/cattle_4369_DSCF6754.jpg,cattle_4369,16,train
BeefCattle_Muzzle_database/BeefCattle_Muzzle_Individualized/cattle_4369/cattle_4369_DSCF6757.jpg,cattle_4369,16,train
BeefCattle_Muzzle_database/BeefCattle_Muzzle_Individualized/cattle_4369/cattle_4369_DSCF6886.jpg,cattle_4369,16,val
BeefCattle_Muzzle_database/BeefCattle_Muzzle_Individualized/cattle_4369/cattle_4369_DSCF6755.jpg,cattle_4369,16,val
BeefCattle_Muzzle_database/BeefCattle_Muzzle_Individualized/cattle_4369/cattle_4369_DSCF6758.jpg,cattle_4369,16,test
BeefCattle_Muzzle_database/BeefCattle_Muzzle_Individualized/cattle_4369/cattle_4369_DSCF6761.jpg,cattle_4369,16,test
BeefCattle_Muzzle_database/BeefCattle_Muzzle_Individualized/cattle_4369/cattle_4369_DSCF6888.jpg,cattle_4369,16,test
BeefCattle_Muzzle_database/BeefCattle_Muzzle_Individualized/cattle_4381/cattle_4381_DSCF0092.jpg,cattle_4381,24,train
BeefCattle_Muzzle_database/BeefCattle_Muzzle_Individualized/cattle_4381/cattle_4381_DSCF0101.jpg,cattle_4381,24,train
BeefCattle_Muzzle_database/BeefCattle_Muzzle_Individualized/cattle_4381/cattle_4381_DSCF0104.jpg,cattle_4381,24,train
BeefCattle_Muzzle_database/BeefCattle_Muzzle_Individualized/cattle_4381/cattle_4381_DSCF0112.jpg,cattle_4381,24,train
BeefCattle_Muzzle_database/BeefCattle_Muzzle_Individualized/cattle_4381/cattle_4381_DSCF0103.jpg,cattle_4381,24,train
BeefCattle_Muzzle_database/BeefCattle_Muzzle_Individualized/cattle_4381/cattle_4381_DSCF0108.jpg,cattle_4381,24,train
BeefCattle_Muzzle_database/BeefCattle_Muzzle_Individualized/cattle_4381/cattle_4381_DSCF0098.jpg,cattle_4381,24,train
BeefCattle_Muzzle_database/BeefCattle_Muzzle_Individualized/cattle_4381/cattle_4381_DSCF0102.jpg,cattle_4381,24,train
BeefCattle_Muzzle_database/BeefCattle_Muzzle_Individualized/cattle_4381/cattle_4381_DSCF0111.jpg,cattle_4381,24,train
BeefCattle_Muzzle_database/BeefCattle_Muzzle_Individualized/cattle_4381/cattle_4381_DSCF0091.jpg,cattle_4381,24,train
BeefCattle_Muzzle_database/BeefCattle_Muzzle_Individualized/cattle_4381/cattle_4381_DSCF0105.jpg,cattle_4381,24,train
BeefCattle_Muzzle_database/BeefCattle_Muzzle_Individualized/cattle_4381/cattle_4381_DSCF0093.jpg,cattle_4381,24,train
BeefCattle_Muzzle_database/BeefCattle_Muzzle_Individualized/cattle_4381/cattle_4381_DSCF0096.jpg,cattle_4381,24,train
BeefCattle_Muzzle_database/BeefCattle_Muzzle_Individualized/cattle_4381/cattle_4381_DSCF0110.jpg,cattle_4381,24,train
BeefCattle_Muzzle_database/BeefCattle_Muzzle_Individualized/cattle_4381/cattle_4381_DSCF0095.jpg,cattle_4381,24,train
BeefCattle_Muzzle_database/BeefCattle_Muzzle_Individualized/cattle_4381/cattle_4381_DSCF0113.jpg,cattle_4381,24,train
BeefCattle_Muzzle_database/BeefCattle_Muzzle_Individualized/cattle_4381/cattle_4381_DSCF0094.jpg,cattle_4381,24,val
BeefCattle_Muzzle_database/BeefCattle_Muzzle_Individualized/cattle_4381/cattle_4381_DSCF0100.jpg,cattle_4381,24,val
BeefCattle_Muzzle_database/BeefCattle_Muzzle_Individualized/cattle_4381/cattle_4381_DSCF0107.jpg,cattle_4381,24,val
BeefCattle_Muzzle_database/BeefCattle_Muzzle_Individualized/cattle_4381/cattle_4381_DSCF0109.jpg,cattle_4381,24,test
BeefCattle_Muzzle_database/BeefCattle_Muzzle_Individualized/cattle_4381/cattle_4381_DSCF0099.jpg,cattle_4381,24,test
BeefCattle_Muzzle_database/BeefCattle_Muzzle_Individualized/cattle_4381/cattle_4381_DSCF0106.jpg,cattle_4381,24,test
BeefCattle_Muzzle_database/BeefCattle_Muzzle_Individualized/cattle_4381/cattle_4381_DSCF0114.jpg,cattle_4381,24,test
BeefCattle_Muzzle_database/BeefCattle_Muzzle_Individualized/cattle_4381/cattle_4381_DSCF0097.jpg,cattle_4381,24,test
BeefCattle_Muzzle_database/BeefCattle_Muzzle_Individualized/cattle_4385/cattle_4385_DSCF0155.jpg,cattle_4385,23,train
BeefCattle_Muzzle_database/BeefCattle_Muzzle_Individualized/cattle_4385/cattle_4385_DSCF0150.jpg,cattle_4385,23,train
BeefCattle_Muzzle_database/BeefCattle_Muzzle_Individualized/cattle_4385/cattle_4385_DSCF0151.jpg,cattle_4385,23,train
BeefCattle_Muzzle_database/BeefCattle_Muzzle_Individualized/cattle_4385/cattle_4385_DSCF0148.jpg,cattle_4385,23,train
BeefCattle_Muzzle_database/BeefCattle_Muzzle_Individualized/cattle_4385/cattle_4385_DSCF0149.jpg,cattle_4385,23,train
BeefCattle_Muzzle_database/BeefCattle_Muzzle_Individualized/cattle_4385/cattle_4385_DSCF0144.jpg,cattle_4385,23,train
BeefCattle_Muzzle_database/BeefCattle_Muzzle_Individualized/cattle_4385/cattle_4385_DSCF0160.jpg,cattle_4385,23,train
BeefCattle_Muzzle_database/BeefCattle_Muzzle_Individualized/cattle_4385/cattle_4385_DSCF0146.jpg,cattle_4385,23,train
BeefCattle_Muzzle_database/BeefCattle_Muzzle_Individualized/cattle_4385/cattle_4385_DSCF0139.jpg,cattle_4385,23,train
BeefCattle_Muzzle_database/BeefCattle_Muzzle_Individualized/cattle_4385/cattle_4385_DSCF0152.jpg,cattle_4385,23,train
BeefCattle_Muzzle_database/BeefCattle_Muzzle_Individualized/cattle_4385/cattle_4385_DSCF0142.jpg,cattle_4385,23,train
BeefCattle_Muzzle_database/BeefCattle_Muzzle_Individualized/cattle_4385/cattle_4385_DSCF0157.jpg,cattle_4385,23,train
BeefCattle_Muzzle_database/BeefCattle_Muzzle_Individualized/cattle_4385/cattle_4385_DSCF0140.jpg,cattle_4385,23,train
BeefCattle_Muzzle_database/BeefCattle_Muzzle_Individualized/cattle_4385/cattle_4385_DSCF0143.jpg,cattle_4385,23,train
BeefCattle_Muzzle_database/BeefCattle_Muzzle_Individualized/cattle_4385/cattle_4385_DSCF0145.jpg,cattle_4385,23,train
BeefCattle_Muzzle_database/BeefCattle_Muzzle_Individualized/cattle_4385/cattle_4385_DSCF0154.jpg,cattle_4385,23,train
BeefCattle_Muzzle_database/BeefCattle_Muzzle_Individualized/cattle_4385/cattle_4385_DSCF0159.jpg,cattle_4385,23,val
BeefCattle_Muzzle_database/BeefCattle_Muzzle_Individualized/cattle_4385/cattle_4385_DSCF0147.jpg,cattle_4385,23,val
BeefCattle_Muzzle_database/BeefCattle_Muzzle_Individualized/cattle_4385/cattle_4385_DSCF0156.jpg,cattle_4385,23,val
BeefCattle_Muzzle_database/BeefCattle_Muzzle_Individualized/cattle_4385/cattle_4385_DSCF0138.jpg,cattle_4385,23,test
BeefCattle_Muzzle_database/BeefCattle_Muzzle_Individualized/cattle_4385/cattle_4385_DSCF0141.jpg,cattle_4385,23,test
BeefCattle_Muzzle_database/BeefCattle_Muzzle_Individualized/cattle_4385/cattle_4385_DSCF0153.jpg,cattle_4385,23,test
BeefCattle_Muzzle_database/BeefCattle_Muzzle_Individualized/cattle_4385/cattle_4385_DSCF0158.jpg,cattle_4385,23,test
BeefCattle_Muzzle_database/BeefCattle_Muzzle_Individualized/cattle_4421/cattle_4421_DSCF8157.jpg,cattle_4421,32,train
BeefCattle_Muzzle_database/BeefCattle_Muzzle_Individualized/cattle_4421/cattle_4421_DSCF8142.jpg,cattle_4421,32,train
BeefCattle_Muzzle_database/BeefCattle_Muzzle_Individualized/cattle_4421/cattle_4421_DSCF8163.jpg,cattle_4421,32,train
BeefCattle_Muzzle_database/BeefCattle_Muzzle_Individualized/cattle_4421/cattle_4421_DSCF8146.jpg,cattle_4421,32,train
BeefCattle_Muzzle_database/BeefCattle_Muzzle_Individualized/cattle_4421/cattle_4421_DSCF8147.jpg,cattle_4421,32,train
BeefCattle_Muzzle_database/BeefCattle_Muzzle_Individualized/cattle_4421/cattle_4421_DSCF8141.jpg,cattle_4421,32,train
BeefCattle_Muzzle_database/BeefCattle_Muzzle_Individualized/cattle_4421/cattle_4421_DSCF8192.jpg,cattle_4421,32,train
BeefCattle_Muzzle_database/BeefCattle_Muzzle_Individualized/cattle_4421/cattle_4421_DSCF8144.jpg,cattle_4421,32,train
BeefCattle_Muzzle_database/BeefCattle_Muzzle_Individualized/cattle_4421/cattle_4421_DSCF8164.jpg,cattle_4421,32,train
BeefCattle_Muzzle_database/BeefCattle_Muzzle_Individualized/cattle_4421/cattle_4421_DSCF8137.jpg,cattle_4421,32,train
BeefCattle_Muzzle_database/BeefCattle_Muzzle_Individualized/cattle_4421/cattle_4421_DSCF8158.jpg,cattle_4421,32,train
BeefCattle_Muzzle_database/BeefCattle_Muzzle_Individualized/cattle_4421/cattle_4421_DSCF8136.jpg,cattle_4421,32,train
BeefCattle_Muzzle_database/BeefCattle_Muzzle_Individualized/cattle_4421/cattle_4421_DSCF8151.jpg,cattle_4421,32,train
BeefCattle_Muzzle_database/BeefCattle_Muzzle_Individualized/cattle_4421/cattle_4421_DSCF8156.jpg,cattle_4421,32,train
BeefCattle_Muzzle_database/BeefCattle_Muzzle_Individualized/cattle_4421/cattle_4421_DSCF8140.jpg,cattle_4421,32,train
BeefCattle_Muzzle_database/BeefCattle_Muzzle_Individualized/cattle_4421/cattle_4421_DSCF8161.jpg,cattle_4421,32,train
BeefCattle_Muzzle_database/BeefCattle_Muzzle_Individualized/cattle_4421/cattle_4421_DSCF8145.jpg,cattle_4421,32,train
BeefCattle_Muzzle_database/BeefCattle_Muzzle_Individualized/cattle_4421/cattle_4421_DSCF8154.jpg,cattle_4421,32,train
BeefCattle_Muzzle_database/BeefCattle_Muzzle_Individualized/cattle_4421/cattle_4421_DSCF8150.jpg,cattle_4421,32,train
BeefCattle_Muzzle_database/BeefCattle_Muzzle_Individualized/cattle_4421/cattle_4421_DSCF8148.jpg,cattle_4421,32,train
BeefCattle_Muzzle_database/BeefCattle_Muzzle_Individualized/cattle_4421/cattle_4421_DSCF8152.jpg,cattle_4421,32,train
BeefCattle_Muzzle_database/BeefCattle_Muzzle_Individualized/cattle_4421/cattle_4421_DSCF8191.jpg,cattle_4421,32,train
BeefCattle_Muzzle_database/BeefCattle_Muzzle_Individualized/cattle_4421/cattle_4421_DSCF8159.jpg,cattle_4421,32,val
BeefCattle_Muzzle_database/BeefCattle_Muzzle_Individualized/cattle_4421/cattle_4421_DSCF8162.jpg,cattle_4421,32,val
BeefCattle_Muzzle_database/BeefCattle_Muzzle_Individualized/cattle_4421/cattle_4421_DSCF8193.jpg,cattle_4421,32,val
BeefCattle_Muzzle_database/BeefCattle_Muzzle_Individualized/cattle_4421/cattle_4421_DSCF8149.jpg,cattle_4421,32,val
BeefCattle_Muzzle_database/BeefCattle_Muzzle_Individualized/cattle_4421/cattle_4421_DSCF8160.jpg,cattle_4421,32,test
BeefCattle_Muzzle_database/BeefCattle_Muzzle_Individualized/cattle_4421/cattle_4421_DSCF8153.jpg,cattle_4421,32,test
BeefCattle_Muzzle_database/BeefCattle_Muzzle_Individualized/cattle_4421/cattle_4421_DSCF8139.jpg,cattle_4421,32,test
BeefCattle_Muzzle_database/BeefCattle_Muzzle_Individualized/cattle_4421/cattle_4421_DSCF8143.jpg,cattle_4421,32,test
BeefCattle_Muzzle_database/BeefCattle_Muzzle_Individualized/cattle_4421/cattle_4421_DSCF8138.jpg,cattle_4421,32,test
BeefCattle_Muzzle_database/BeefCattle_Muzzle_Individualized/cattle_4421/cattle_4421_DSCF8155.jpg,cattle_4421,32,test
BeefCattle_Muzzle_database/BeefCattle_Muzzle_Individualized/cattle_4422/cattle_4422_DSCF1232.jpg,cattle_4422,22,train
BeefCattle_Muzzle_database/BeefCattle_Muzzle_Individualized/cattle_4422/cattle_4422_DSCF1247.jpg,cattle_4422,22,train
BeefCattle_Muzzle_database/BeefCattle_Muzzle_Individualized/cattle_4422/cattle_4422_DSCF1235.jpg,cattle_4422,22,train
BeefCattle_Muzzle_database/BeefCattle_Muzzle_Individualized/cattle_4422/cattle_4422_DSCF1234.jpg,cattle_4422,22,train
BeefCattle_Muzzle_database/BeefCattle_Muzzle_Individualized/cattle_4422/cattle_4422_DSCF1236.jpg,cattle_4422,22,train
BeefCattle_Muzzle_database/BeefCattle_Muzzle_Individualized/cattle_4422/cattle_4422_DSCF1245.jpg,cattle_4422,22,train
BeefCattle_Muzzle_database/BeefCattle_Muzzle_Individualized/cattle_4422/cattle_4422_DSCF1246.jpg,cattle_4422,22,train
BeefCattle_Muzzle_database/BeefCattle_Muzzle_Individualized/cattle_4422/cattle_4422_DSCF1238.jpg,cattle_4422,22,train
BeefCattle_Muzzle_database/BeefCattle_Muzzle_Individualized/cattle_4422/cattle_4422_DSCF1227.jpg,cattle_4422,22,train
BeefCattle_Muzzle_database/BeefCattle_Muzzle_Individualized/cattle_4422/cattle_4422_DSCF1233.jpg,cattle_4422,22,train
BeefCattle_Muzzle_database/BeefCattle_Muzzle_Individualized/cattle_4422/cattle_4422_DSCF1237.jpg,cattle_4422,22,train
BeefCattle_Muzzle_database/BeefCattle_Muzzle_Individualized/cattle_4422/cattle_4422_DSCF1242.jpg,cattle_4422,22,train
BeefCattle_Muzzle_database/BeefCattle_Muzzle_Individualized/cattle_4422/cattle_4422_DSCF1229.jpg,cattle_4422,22,train
BeefCattle_Muzzle_database/BeefCattle_Muzzle_Individualized/cattle_4422/cattle_4422_DSCF1244.jpg,cattle_4422,22,train
BeefCattle_Muzzle_database/BeefCattle_Muzzle_Individualized/cattle_4422/cattle_4422_DSCF1230.jpg,cattle_4422,22,train
BeefCattle_Muzzle_database/BeefCattle_Muzzle_Individualized/cattle_4422/cattle_4422_DSCF1241.jpg,cattle_4422,22,val
BeefCattle_Muzzle_database/BeefCattle_Muzzle_Individualized/cattle_4422/cattle_4422_DSCF1240.jpg,cattle_4422,22,val
BeefCattle_Muzzle_database/BeefCattle_Muzzle_Individualized/cattle_4422/cattle_4422_DSCF1239.jpg,cattle_4422,22,val
BeefCattle_Muzzle_database/BeefCattle_Muzzle_Individualized/cattle_4422/cattle_4422_DSCF1226.jpg,cattle_4422,22,test
BeefCattle_Muzzle_database/BeefCattle_Muzzle_Individualized/cattle_4422/cattle_4422_DSCF1231.jpg,cattle_4422,22,test
BeefCattle_Muzzle_database/BeefCattle_Muzzle_Individualized/cattle_4422/cattle_4422_DSCF1228.jpg,cattle_4422,22,test
BeefCattle_Muzzle_database/BeefCattle_Muzzle_Individualized/cattle_4422/cattle_4422_DSCF1243.jpg,cattle_4422,22,test
BeefCattle_Muzzle_database/BeefCattle_Muzzle_Individualized/cattle_4454/cattle_4454_DSCF6827.jpg,cattle_4454,26,train
BeefCattle_Muzzle_database/BeefCattle_Muzzle_Individualized/cattle_4454/cattle_4454_DSCF6831.jpg,cattle_4454,26,train
BeefCattle_Muzzle_database/BeefCattle_Muzzle_Individualized/cattle_4454/cattle_4454_DSCF6825.jpg,cattle_4454,26,train
BeefCattle_Muzzle_database/BeefCattle_Muzzle_Individualized/cattle_4454/cattle_4454_DSCF6863.jpg,cattle_4454,26,train
BeefCattle_Muzzle_database/BeefCattle_Muzzle_Individualized/cattle_4454/cattle_4454_DSCF6858.jpg,cattle_4454,26,train
BeefCattle_Muzzle_database/BeefCattle_Muzzle_Individualized/cattle_4454/cattle_4454_DSCF6812.jpg,cattle_4454,26,train
BeefCattle_Muzzle_database/BeefCattle_Muzzle_Individualized/cattle_4454/cattle_4454_DSCF6815.jpg,cattle_4454,26,train
BeefCattle_Muzzle_database/BeefCattle_Muzzle_Individualized/cattle_4454/cattle_4454_DSCF6824.jpg,cattle_4454,26,train
BeefCattle_Muzzle_database/BeefCattle_Muzzle_Individualized/cattle_4454/cattle_4454_DSCF6822.jpg,cattle_4454,26,train
BeefCattle_Muzzle_database/BeefCattle_Muzzle_Individualized/cattle_4454/cattle_4454_DSCF6818.jpg,cattle_4454,26,train
BeefCattle_Muzzle_database/BeefCattle_Muzzle_Individualized/cattle_4454/cattle_4454_DSCF6860.jpg,cattle_4454,26,train
BeefCattle_Muzzle_database/BeefCattle_Muzzle_Individualized/cattle_4454/cattle_4454_DSCF6823.jpg,cattle_4454,26,train
BeefCattle_Muzzle_database/BeefCattle_Muzzle_Individualized/cattle_4454/cattle_4454_DSCF6826.jpg,cattle_4454,26,train
BeefCattle_Muzzle_database/BeefCattle_Muzzle_Individualized/cattle_4454/cattle_4454_DSCF6830.jpg,cattle_4454,26,train
BeefCattle_Muzzle_database/BeefCattle_Muzzle_Individualized/cattle_4454/cattle_4454_DSCF6862.jpg,cattle_4454,26,train
BeefCattle_Muzzle_database/BeefCattle_Muzzle_Individualized/cattle_4454/cattle_4454_DSCF6828.jpg,cattle_4454,26,train
BeefCattle_Muzzle_database/BeefCattle_Muzzle_Individualized/cattle_4454/cattle_4454_DSCF6821.jpg,cattle_4454,26,train
BeefCattle_Muzzle_database/BeefCattle_Muzzle_Individualized/cattle_4454/cattle_4454_DSCF6817.jpg,cattle_4454,26,train
BeefCattle_Muzzle_database/BeefCattle_Muzzle_Individualized/cattle_4454/cattle_4454_DSCF6813.jpg,cattle_4454,26,val
BeefCattle_Muzzle_database/BeefCattle_Muzzle_Individualized/cattle_4454/cattle_4454_DSCF6814.jpg,cattle_4454,26,val
BeefCattle_Muzzle_database/BeefCattle_Muzzle_Individualized/cattle_4454/cattle_4454_DSCF6859.jpg,cattle_4454,26,val
BeefCattle_Muzzle_database/BeefCattle_Muzzle_Individualized/cattle_4454/cattle_4454_DSCF6820.jpg,cattle_4454,26,test
BeefCattle_Muzzle_database/BeefCattle_Muzzle_Individualized/cattle_4454/cattle_4454_DSCF6816.jpg,cattle_4454,26,test
BeefCattle_Muzzle_database/BeefCattle_Muzzle_Individualized/cattle_4454/cattle_4454_DSCF6857.jpg,cattle_4454,26,test
BeefCattle_Muzzle_database/BeefCattle_Muzzle_Individualized/cattle_4454/cattle_4454_DSCF6819.jpg,cattle_4454,26,test
BeefCattle_Muzzle_database/BeefCattle_Muzzle_Individualized/cattle_4454/cattle_4454_DSCF6829.jpg,cattle_4454,26,test
BeefCattle_Muzzle_database/BeefCattle_Muzzle_Individualized/cattle_4456/cattle_4456_DSCF1376.jpg,cattle_4456,29,train
BeefCattle_Muzzle_database/BeefCattle_Muzzle_Individualized/cattle_4456/cattle_4456_DSCF1373.jpg,cattle_4456,29,train
BeefCattle_Muzzle_database/BeefCattle_Muzzle_Individualized/cattle_4456/cattle_4456_DSCF1379.jpg,cattle_4456,29,train
BeefCattle_Muzzle_database/BeefCattle_Muzzle_Individualized/cattle_4456/cattle_4456_DSCF1378.jpg,cattle_4456,29,train
BeefCattle_Muzzle_database/BeefCattle_Muzzle_Individualized/cattle_4456/cattle_4456_DSCF1375.jpg,cattle_4456,29,train
BeefCattle_Muzzle_database/BeefCattle_Muzzle_Individualized/cattle_4456/cattle_4456_DSCF1365.jpg,cattle_4456,29,train
BeefCattle_Muzzle_database/BeefCattle_Muzzle_Individualized/cattle_4456/cattle_4456_DSCF1382.jpg,cattle_4456,29,train
BeefCattle_Muzzle_database/BeefCattle_Muzzle_Individualized/cattle_4456/cattle_4456_DSCF1374.jpg,cattle_4456,29,train
BeefCattle_Muzzle_database/BeefCattle_Muzzle_Individualized/cattle_4456/cattle_4456_DSCF1368.jpg,cattle_4456,29,train
BeefCattle_Muzzle_database/BeefCattle_Muzzle_Individualized/cattle_4456/cattle_4456_DSCF1371.jpg,cattle_4456,29,train
BeefCattle_Muzzle_database/BeefCattle_Muzzle_Individualized/cattle_4456/cattle_4456_DSCF1387.jpg,cattle_4456,29,train
BeefCattle_Muzzle_database/BeefCattle_Muzzle_Individualized/cattle_4456/cattle_4456_DSCF1366.jpg,cattle_4456,29,train
BeefCattle_Muzzle_database/BeefCattle_Muzzle_Individualized/cattle_4456/cattle_4456_DSCF1386.jpg,cattle_4456,29,train
BeefCattle_Muzzle_database/BeefCattle_Muzzle_Individualized/cattle_4456/cattle_4456_DSCF1372.jpg,cattle_4456,29,train
BeefCattle_Muzzle_database/BeefCattle_Muzzle_Individualized/cattle_4456/cattle_4456_DSCF1390.jpg,cattle_4456,29,train
BeefCattle_Muzzle_database/BeefCattle_Muzzle_Individualized/cattle_4456/cattle_4456_DSCF1377.jpg,cattle_4456,29,train
BeefCattle_Muzzle_database/BeefCattle_Muzzle_Individualized/cattle_4456/cattle_4456_DSCF1367.jpg,cattle_4456,29,train
BeefCattle_Muzzle_database/BeefCattle_Muzzle_Individualized/cattle_4456/cattle_4456_DSCF1363.jpg,cattle_4456,29,train
BeefCattle_Muzzle_database/BeefCattle_Muzzle_Individualized/cattle_4456/cattle_4456_DSCF1385.jpg,cattle_4456,29,train
BeefCattle_Muzzle_database/BeefCattle_Muzzle_Individualized/cattle_4456/cattle_4456_DSCF1389.jpg,cattle_4456,29,train
BeefCattle_Muzzle_database/BeefCattle_Muzzle_Individualized/cattle_4456/cattle_4456_DSCF1388.jpg,cattle_4456,29,val
BeefCattle_Muzzle_database/BeefCattle_Muzzle_Individualized/cattle_4456/cattle_4456_DSCF1384.jpg,cattle_4456,29,val
BeefCattle_Muzzle_database/BeefCattle_Muzzle_Individualized/cattle_4456/cattle_4456_DSCF1380.jpg,cattle_4456,29,val
BeefCattle_Muzzle_database/BeefCattle_Muzzle_Individualized/cattle_4456/cattle_4456_DSCF1383.jpg,cattle_4456,29,val
BeefCattle_Muzzle_database/BeefCattle_Muzzle_Individualized/cattle_4456/cattle_4456_DSCF1369.jpg,cattle_4456,29,test
BeefCattle_Muzzle_database/BeefCattle_Muzzle_Individualized/cattle_4456/cattle_4456_DSCF1364.jpg,cattle_4456,29,test
BeefCattle_Muzzle_database/BeefCattle_Muzzle_Individualized/cattle_4456/cattle_4456_DSCF1362.jpg,cattle_4456,29,test
BeefCattle_Muzzle_database/BeefCattle_Muzzle_Individualized/cattle_4456/cattle_4456_DSCF1370.jpg,cattle_4456,29,test
BeefCattle_Muzzle_database/BeefCattle_Muzzle_Individualized/cattle_4456/cattle_4456_DSCF1381.jpg,cattle_4456,29,test
BeefCattle_Muzzle_database/BeefCattle_Muzzle_Individualized/cattle_4479/cattle_4479_DSCF0635.jpg,cattle_4479,25,train
BeefCattle_Muzzle_database/BeefCattle_Muzzle_Individualized/cattle_4479/cattle_4479_DSCF0613.jpg,cattle_4479,25,train
BeefCattle_Muzzle_database/BeefCattle_Muzzle_Individualized/cattle_4479/cattle_4479_DSCF0618.jpg,cattle_4479,25,train
BeefCattle_Muzzle_database/BeefCattle_Muzzle_Individualized/cattle_4479/cattle_4479_DSCF0629.jpg,cattle_4479,25,train
BeefCattle_Muzzle_database/BeefCattle_Muzzle_Individualized/cattle_4479/cattle_4479_DSCF0634.jpg,cattle_4479,25,train
BeefCattle_Muzzle_database/BeefCattle_Muzzle_Individualized/cattle_4479/cattle_4479_DSCF0628.jpg,cattle_4479,25,train
BeefCattle_Muzzle_database/BeefCattle_Muzzle_Individualized/cattle_4479/cattle_4479_DSCF0622.jpg,cattle_4479,25,train
BeefCattle_Muzzle_database/BeefCattle_Muzzle_Individualized/cattle_4479/cattle_4479_DSCF0611.jpg,cattle_4479,25,train
BeefCattle_Muzzle_database/BeefCattle_Muzzle_Individualized/cattle_4479/cattle_4479_DSCF0619.jpg,cattle_4479,25,train
BeefCattle_Muzzle_database/BeefCattle_Muzzle_Individualized/cattle_4479/cattle_4479_DSCF0617.jpg,cattle_4479,25,train
BeefCattle_Muzzle_database/BeefCattle_Muzzle_Individualized/cattle_4479/cattle_4479_DSCF0630.jpg,cattle_4479,25,train
BeefCattle_Muzzle_database/BeefCattle_Muzzle_Individualized/cattle_4479/cattle_4479_DSCF0631.jpg,cattle_4479,25,train
BeefCattle_Muzzle_database/BeefCattle_Muzzle_Individualized/cattle_4479/cattle_4479_DSCF0615.jpg,cattle_4479,25,train
BeefCattle_Muzzle_database/BeefCattle_Muzzle_Individualized/cattle_4479/cattle_4479_DSCF0633.jpg,cattle_4479,25,train
BeefCattle_Muzzle_database/BeefCattle_Muzzle_Individualized/cattle_4479/cattle_4479_DSCF0627.jpg,cattle_4479,25,train
BeefCattle_Muzzle_database/BeefCattle_Muzzle_Individualized/cattle_4479/cattle_4479_DSCF0625.jpg,cattle_4479,25,train
BeefCattle_Muzzle_database/BeefCattle_Muzzle_Individualized/cattle_4479/cattle_4479_DSCF0612.jpg,cattle_4479,25,train
BeefCattle_Muzzle_database/BeefCattle_Muzzle_Individualized/cattle_4479/cattle_4479_DSCF0623.jpg,cattle_4479,25,val
BeefCattle_Muzzle_database/BeefCattle_Muzzle_Individualized/cattle_4479/cattle_4479_DSCF0620.jpg,cattle_4479,25,val
BeefCattle_Muzzle_database/BeefCattle_Muzzle_Individualized/cattle_4479/cattle_4479_DSCF0626.jpg,cattle_4479,25,val
BeefCattle_Muzzle_database/BeefCattle_Muzzle_Individualized/cattle_4479/cattle_4479_DSCF0624.jpg,cattle_4479,25,test
BeefCattle_Muzzle_database/BeefCattle_Muzzle_Individualized/cattle_4479/cattle_4479_DSCF0621.jpg,cattle_4479,25,test
BeefCattle_Muzzle_database/BeefCattle_Muzzle_Individualized/cattle_4479/cattle_4479_DSCF0616.jpg,cattle_4479,25,test
BeefCattle_Muzzle_database/BeefCattle_Muzzle_Individualized/cattle_4479/cattle_4479_DSCF0614.jpg,cattle_4479,25,test
BeefCattle_Muzzle_database/BeefCattle_Muzzle_Individualized/cattle_4479/cattle_4479_DSCF0632.jpg,cattle_4479,25,test
BeefCattle_Muzzle_database/BeefCattle_Muzzle_Individualized/cattle_4488/cattle_4488_DSCF6899.jpg,cattle_4488,11,train
BeefCattle_Muzzle_database/BeefCattle_Muzzle_Individualized/cattle_4488/cattle_4488_DSCF6904.jpg,cattle_4488,11,train
BeefCattle_Muzzle_database/BeefCattle_Muzzle_Individualized/cattle_4488/cattle_4488_DSCF6898.jpg,cattle_4488,11,train
BeefCattle_Muzzle_database/BeefCattle_Muzzle_Individualized/cattle_4488/cattle_4488_DSCF6897.jpg,cattle_4488,11,train
BeefCattle_Muzzle_database/BeefCattle_Muzzle_Individualized/cattle_4488/cattle_4488_DSCF6896.jpg,cattle_4488,11,train
BeefCattle_Muzzle_database/BeefCattle_Muzzle_Individualized/cattle_4488/cattle_4488_DSCF6895.jpg,cattle_4488,11,train
BeefCattle_Muzzle_database/BeefCattle_Muzzle_Individualized/cattle_4488/cattle_4488_DSCF6901.jpg,cattle_4488,11,train
BeefCattle_Muzzle_database/BeefCattle_Muzzle_Individualized/cattle_4488/cattle_4488_DSCF6905.jpg,cattle_4488,11,val
BeefCattle_Muzzle_database/BeefCattle_Muzzle_Individualized/cattle_4488/cattle_4488_DSCF6902.jpg,cattle_4488,11,test
BeefCattle_Muzzle_database/BeefCattle_Muzzle_Individualized/cattle_4488/cattle_4488_DSCF6900.jpg,cattle_4488,11,test
BeefCattle_Muzzle_database/BeefCattle_Muzzle_Individualized/cattle_4488/cattle_4488_DSCF6903.jpg,cattle_4488,11,test
BeefCattle_Muzzle_database/BeefCattle_Muzzle_Individualized/cattle_4499/cattle_4499_DSCF1213.jpg,cattle_4499,29,train
BeefCattle_Muzzle_database/BeefCattle_Muzzle_Individualized/cattle_4499/cattle_4499_DSCF1203.jpg,cattle_4499,29,train
BeefCattle_Muzzle_database/BeefCattle_Muzzle_Individualized/cattle_4499/cattle_4499_DSCF1207.jpg,cattle_4499,29,train
BeefCattle_Muzzle_database/BeefCattle_Muzzle_Individualized/cattle_4499/cattle_4499_DSCF1222.jpg,cattle_4499,29,train
BeefCattle_Muzzle_database/BeefCattle_Muzzle_Individualized/cattle_4499/cattle_4499_DSCF1215.jpg,cattle_4499,29,train
BeefCattle_Muzzle_database/BeefCattle_Muzzle_Individualized/cattle_4499/cattle_4499_DSCF1218.jpg,cattle_4499,29,train
BeefCattle_Muzzle_database/BeefCattle_Muzzle_Individualized/cattle_4499/cattle_4499_DSCF1205.jpg,cattle_4499,29,train
BeefCattle_Muzzle_database/BeefCattle_Muzzle_Individualized/cattle_4499/cattle_4499_DSCF1201.jpg,cattle_4499,29,train
BeefCattle_Muzzle_database/BeefCattle_Muzzle_Individualized/cattle_4499/cattle_4499_DSCF1208.jpg,cattle_4499,29,train
BeefCattle_Muzzle_database/BeefCattle_Muzzle_Individualized/cattle_4499/cattle_4499_DSCF1199.jpg,cattle_4499,29,train
BeefCattle_Muzzle_database/BeefCattle_Muzzle_Individualized/cattle_4499/cattle_4499_DSCF1209.jpg,cattle_4499,29,train
BeefCattle_Muzzle_database/BeefCattle_Muzzle_Individualized/cattle_4499/cattle_4499_DSCF1223.jpg,cattle_4499,29,train
BeefCattle_Muzzle_database/BeefCattle_Muzzle_Individualized/cattle_4499/cattle_4499_DSCF1224.jpg,cattle_4499,29,train
BeefCattle_Muzzle_database/BeefCattle_Muzzle_Individualized/cattle_4499/cattle_4499_DSCF1221.jpg,cattle_4499,29,train
BeefCattle_Muzzle_database/BeefCattle_Muzzle_Individualized/cattle_4499/cattle_4499_DSCF1198.jpg,cattle_4499,29,train
BeefCattle_Muzzle_database/BeefCattle_Muzzle_Individualized/cattle_4499/cattle_4499_DSCF1210.jpg,cattle_4499,29,train
BeefCattle_Muzzle_database/BeefCattle_Muzzle_Individualized/cattle_4499/cattle_4499_DSCF1220.jpg,cattle_4499,29,train
BeefCattle_Muzzle_database/BeefCattle_Muzzle_Individualized/cattle_4499/cattle_4499_DSCF1214.jpg,cattle_4499,29,train
BeefCattle_Muzzle_database/BeefCattle_Muzzle_Individualized/cattle_4499/cattle_4499_DSCF1225.jpg,cattle_4499,29,train
BeefCattle_Muzzle_database/BeefCattle_Muzzle_Individualized/cattle_4499/cattle_4499_DSCF1202.jpg,cattle_4499,29,train
BeefCattle_Muzzle_database/BeefCattle_Muzzle_Individualized/cattle_4499/cattle_4499_DSCF1204.jpg,cattle_4499,29,val
BeefCattle_Muzzle_database/BeefCattle_Muzzle_Individualized/cattle_4499/cattle_4499_DSCF1216.jpg,cattle_4499,29,val
BeefCattle_Muzzle_database/BeefCattle_Muzzle_Individualized/cattle_4499/cattle_4499_DSCF1217.jpg,cattle_4499,29,val
BeefCattle_Muzzle_database/BeefCattle_Muzzle_Individualized/cattle_4499/cattle_4499_DSCF1197.jpg,cattle_4499,29,val
BeefCattle_Muzzle_database/BeefCattle_Muzzle_Individualized/cattle_4499/cattle_4499_DSCF1200.jpg,cattle_4499,29,test
BeefCattle_Muzzle_database/BeefCattle_Muzzle_Individualized/cattle_4499/cattle_4499_DSCF1212.jpg,cattle_4499,29,test
BeefCattle_Muzzle_database/BeefCattle_Muzzle_Individualized/cattle_4499/cattle_4499_DSCF1219.jpg,cattle_4499,29,test
BeefCattle_Muzzle_database/BeefCattle_Muzzle_Individualized/cattle_4499/cattle_4499_DSCF1211.jpg,cattle_4499,29,test
BeefCattle_Muzzle_database/BeefCattle_Muzzle_Individualized/cattle_4499/cattle_4499_DSCF1206.jpg,cattle_4499,29,test
BeefCattle_Muzzle_database/BeefCattle_Muzzle_Individualized/cattle_4537/cattle_4537_DSCF6777.jpg,cattle_4537,12,train
BeefCattle_Muzzle_database/BeefCattle_Muzzle_Individualized/cattle_4537/cattle_4537_DSCF6779.jpg,cattle_4537,12,train
BeefCattle_Muzzle_database/BeefCattle_Muzzle_Individualized/cattle_4537/cattle_4537_DSCF6768.jpg,cattle_4537,12,train
BeefCattle_Muzzle_database/BeefCattle_Muzzle_Individualized/cattle_4537/cattle_4537_DSCF6778.jpg,cattle_4537,12,train
BeefCattle_Muzzle_database/BeefCattle_Muzzle_Individualized/cattle_4537/cattle_4537_DSCF6773.jpg,cattle_4537,12,train
BeefCattle_Muzzle_database/BeefCattle_Muzzle_Individualized/cattle_4537/cattle_4537_DSCF6772.jpg,cattle_4537,12,train
BeefCattle_Muzzle_database/BeefCattle_Muzzle_Individualized/cattle_4537/cattle_4537_DSCF6769.jpg,cattle_4537,12,train
BeefCattle_Muzzle_database/BeefCattle_Muzzle_Individualized/cattle_4537/cattle_4537_DSCF6774.jpg,cattle_4537,12,train
BeefCattle_Muzzle_database/BeefCattle_Muzzle_Individualized/cattle_4537/cattle_4537_DSCF6770.jpg,cattle_4537,12,val
BeefCattle_Muzzle_database/BeefCattle_Muzzle_Individualized/cattle_4537/cattle_4537_DSCF6776.jpg,cattle_4537,12,test
BeefCattle_Muzzle_database/BeefCattle_Muzzle_Individualized/cattle_4537/cattle_4537_DSCF6775.jpg,cattle_4537,12,test
BeefCattle_Muzzle_database/BeefCattle_Muzzle_Individualized/cattle_4537/cattle_4537_DSCF6771.jpg,cattle_4537,12,test
BeefCattle_Muzzle_database/BeefCattle_Muzzle_Individualized/cattle_4539/cattle_4539_DSCF0134.jpg,cattle_4539,18,train
BeefCattle_Muzzle_database/BeefCattle_Muzzle_Individualized/cattle_4539/cattle_4539_DSCF0125.jpg,cattle_4539,18,train
BeefCattle_Muzzle_database/BeefCattle_Muzzle_Individualized/cattle_4539/cattle_4539_DSCF0121.jpg,cattle_4539,18,train
BeefCattle_Muzzle_database/BeefCattle_Muzzle_Individualized/cattle_4539/cattle_4539_DSCF0135.jpg,cattle_4539,18,train
BeefCattle_Muzzle_database/BeefCattle_Muzzle_Individualized/cattle_4539/cattle_4539_DSCF0126.jpg,cattle_4539,18,train
BeefCattle_Muzzle_database/BeefCattle_Muzzle_Individualized/cattle_4539/cattle_4539_DSCF0136.jpg,cattle_4539,18,train
BeefCattle_Muzzle_database/BeefCattle_Muzzle_Individualized/cattle_4539/cattle_4539_DSCF0123.jpg,cattle_4539,18,train
BeefCattle_Muzzle_database/BeefCattle_Muzzle_Individualized/cattle_4539/cattle_4539_DSCF0122.jpg,cattle_4539,18,train
BeefCattle_Muzzle_database/BeefCattle_Muzzle_Individualized/cattle_4539/cattle_4539_DSCF0127.jpg,cattle_4539,18,train
BeefCattle_Muzzle_database/BeefCattle_Muzzle_Individualized/cattle_4539/cattle_4539_DSCF0129.jpg,cattle_4539,18,train
BeefCattle_Muzzle_database/BeefCattle_Muzzle_Individualized/cattle_4539/cattle_4539_DSCF0132.jpg,cattle_4539,18,train
BeefCattle_Muzzle_database/BeefCattle_Muzzle_Individualized/cattle_4539/cattle_4539_DSCF0131.jpg,cattle_4539,18,train
BeefCattle_Muzzle_database/BeefCattle_Muzzle_Individualized/cattle_4539/cattle_4539_DSCF0124.jpg,cattle_4539,18,val
BeefCattle_Muzzle_database/BeefCattle_Muzzle_Individualized/cattle_4539/cattle_4539_DSCF0120.jpg,cattle_4539,18,val
BeefCattle_Muzzle_database/BeefCattle_Muzzle_Individualized/cattle_4539/cattle_4539_DSCF0137.jpg,cattle_4539,18,test
BeefCattle_Muzzle_database/BeefCattle_Muzzle_Individualized/cattle_4539/cattle_4539_DSCF0128.jpg,cattle_4539,18,test
BeefCattle_Muzzle_database/BeefCattle_Muzzle_Individualized/cattle_4539/cattle_4539_DSCF0130.jpg,cattle_4539,18,test
BeefCattle_Muzzle_database/BeefCattle_Muzzle_Individualized/cattle_4539/cattle_4539_DSCF0133.jpg,cattle_4539,18,test
BeefCattle_Muzzle_database/BeefCattle_Muzzle_Individualized/cattle_4545/cattle_4545_DSCF0947.jpg,cattle_4545,29,train
BeefCattle_Muzzle_database/BeefCattle_Muzzle_Individualized/cattle_4545/cattle_4545_DSCF0962.jpg,cattle_4545,29,train
BeefCattle_Muzzle_database/BeefCattle_Muzzle_Individualized/cattle_4545/cattle_4545_DSCF0951.jpg,cattle_4545,29,train
BeefCattle_Muzzle_database/BeefCattle_Muzzle_Individualized/cattle_4545/cattle_4545_DSCF0963.jpg,cattle_4545,29,train
BeefCattle_Muzzle_database/BeefCattle_Muzzle_Individualized/cattle_4545/cattle_4545_DSCF0946.jpg,cattle_4545,29,train
BeefCattle_Muzzle_database/BeefCattle_Muzzle_Individualized/cattle_4545/cattle_4545_DSCF0952.jpg,cattle_4545,29,train
BeefCattle_Muzzle_database/BeefCattle_Muzzle_Individualized/cattle_4545/cattle_4545_DSCF0969.jpg,cattle_4545,29,train
BeefCattle_Muzzle_database/BeefCattle_Muzzle_Individualized/cattle_4545/cattle_4545_DSCF0948.jpg,cattle_4545,29,train
BeefCattle_Muzzle_database/BeefCattle_Muzzle_Individualized/cattle_4545/cattle_4545_DSCF0954.jpg,cattle_4545,29,train
BeefCattle_Muzzle_database/BeefCattle_Muzzle_Individualized/cattle_4545/cattle_4545_DSCF0943.jpg,cattle_4545,29,train
BeefCattle_Muzzle_database/BeefCattle_Muzzle_Individualized/cattle_4545/cattle_4545_DSCF0964.jpg,cattle_4545,29,train
BeefCattle_Muzzle_database/BeefCattle_Muzzle_Individualized/cattle_4545/cattle_4545_DSCF0945.jpg,cattle_4545,29,train
BeefCattle_Muzzle_database/BeefCattle_Muzzle_Individualized/cattle_4545/cattle_4545_DSCF0971.jpg,cattle_4545,29,train
BeefCattle_Muzzle_database/BeefCattle_Muzzle_Individualized/cattle_4545/cattle_4545_DSCF0960.jpg,cattle_4545,29,train
BeefCattle_Muzzle_database/BeefCattle_Muzzle_Individualized/cattle_4545/cattle_4545_DSCF0966.jpg,cattle_4545,29,train
BeefCattle_Muzzle_database/BeefCattle_Muzzle_Individualized/cattle_4545/cattle_4545_DSCF0959.jpg,cattle_4545,29,train
BeefCattle_Muzzle_database/BeefCattle_Muzzle_Individualized/cattle_4545/cattle_4545_DSCF0968.jpg,cattle_4545,29,train
BeefCattle_Muzzle_database/BeefCattle_Muzzle_Individualized/cattle_4545/cattle_4545_DSCF0958.jpg,cattle_4545,29,train
BeefCattle_Muzzle_database/BeefCattle_Muzzle_Individualized/cattle_4545/cattle_4545_DSCF0970.jpg,cattle_4545,29,train
BeefCattle_Muzzle_database/BeefCattle_Muzzle_Individualized/cattle_4545/cattle_4545_DSCF0944.jpg,cattle_4545,29,train
BeefCattle_Muzzle_database/BeefCattle_Muzzle_Individualized/cattle_4545/cattle_4545_DSCF0956.jpg,cattle_4545,29,val
BeefCattle_Muzzle_database/BeefCattle_Muzzle_Individualized/cattle_4545/cattle_4545_DSCF0967.jpg,cattle_4545,29,val
BeefCattle_Muzzle_database/BeefCattle_Muzzle_Individualized/cattle_4545/cattle_4545_DSCF0955.jpg,cattle_4545,29,val
BeefCattle_Muzzle_database/BeefCattle_Muzzle_Individualized/cattle_4545/cattle_4545_DSCF0961.jpg,cattle_4545,29,val
BeefCattle_Muzzle_database/BeefCattle_Muzzle_Individualized/cattle_4545/cattle_4545_DSCF0950.jpg,cattle_4545,29,test
BeefCattle_Muzzle_database/BeefCattle_Muzzle_Individualized/cattle_4545/cattle_4545_DSCF0965.jpg,cattle_4545,29,test
BeefCattle_Muzzle_database/BeefCattle_Muzzle_Individualized/cattle_4545/cattle_4545_DSCF0949.jpg,cattle_4545,29,test
BeefCattle_Muzzle_database/BeefCattle_Muzzle_Individualized/cattle_4545/cattle_4545_DSCF0953.jpg,cattle_4545,29,test
BeefCattle_Muzzle_database/BeefCattle_Muzzle_Individualized/cattle_4545/cattle_4545_DSCF0957.jpg,cattle_4545,29,test
BeefCattle_Muzzle_database/BeefCattle_Muzzle_Individualized/cattle_4551/cattle_4551_DSCF1295.jpg,cattle_4551,28,train
BeefCattle_Muzzle_database/BeefCattle_Muzzle_Individualized/cattle_4551/cattle_4551_DSCF1287.jpg,cattle_4551,28,train
BeefCattle_Muzzle_database/BeefCattle_Muzzle_Individualized/cattle_4551/cattle_4551_DSCF1298.jpg,cattle_4551,28,train
BeefCattle_Muzzle_database/BeefCattle_Muzzle_Individualized/cattle_4551/cattle_4551_DSCF1300.jpg,cattle_4551,28,train
BeefCattle_Muzzle_database/BeefCattle_Muzzle_Individualized/cattle_4551/cattle_4551_DSCF1285.jpg,cattle_4551,28,train
BeefCattle_Muzzle_database/BeefCattle_Muzzle_Individualized/cattle_4551/cattle_4551_DSCF1293.jpg,cattle_4551,28,train
BeefCattle_Muzzle_database/BeefCattle_Muzzle_Individualized/cattle_4551/cattle_4551_DSCF1306.jpg,cattle_4551,28,train
BeefCattle_Muzzle_database/BeefCattle_Muzzle_Individualized/cattle_4551/cattle_4551_DSCF1311.jpg,cattle_4551,28,train
BeefCattle_Muzzle_database/BeefCattle_Muzzle_Individualized/cattle_4551/cattle_4551_DSCF1301.jpg,cattle_4551,28,train
BeefCattle_Muzzle_database/BeefCattle_Muzzle_Individualized/cattle_4551/cattle_4551_DSCF1291.jpg,cattle_4551,28,train
BeefCattle_Muzzle_database/BeefCattle_Muzzle_Individualized/cattle_4551/cattle_4551_DSCF1289.jpg,cattle_4551,28,train
BeefCattle_Muzzle_database/BeefCattle_Muzzle_Individualized/cattle_4551/cattle_4551_DSCF1290.jpg,cattle_4551,28,train
BeefCattle_Muzzle_database/BeefCattle_Muzzle_Individualized/cattle_4551/cattle_4551_DSCF1303.jpg,cattle_4551,28,train
BeefCattle_Muzzle_database/BeefCattle_Muzzle_Individualized/cattle_4551/cattle_4551_DSCF1310.jpg,cattle_4551,28,train
BeefCattle_Muzzle_database/BeefCattle_Muzzle_Individualized/cattle_4551/cattle_4551_DSCF1308.jpg,cattle_4551,28,train
BeefCattle_Muzzle_database/BeefCattle_Muzzle_Individualized/cattle_4551/cattle_4551_DSCF1302.jpg,cattle_4551,28,train
BeefCattle_Muzzle_database/BeefCattle_Muzzle_Individualized/cattle_4551/cattle_4551_DSCF1305.jpg,cattle_4551,28,train
BeefCattle_Muzzle_database/BeefCattle_Muzzle_Individualized/cattle_4551/cattle_4551_DSCF1296.jpg,cattle_4551,28,train
BeefCattle_Muzzle_database/BeefCattle_Muzzle_Individualized/cattle_4551/cattle_4551_DSCF1294.jpg,cattle_4551,28,train
BeefCattle_Muzzle_database/BeefCattle_Muzzle_Individualized/cattle_4551/cattle_4551_DSCF1292.jpg,cattle_4551,28,val
BeefCattle_Muzzle_database/BeefCattle_Muzzle_Individualized/cattle_4551/cattle_4551_DSCF1299.jpg,cattle_4551,28,val
BeefCattle_Muzzle_database/BeefCattle_Muzzle_Individualized/cattle_4551/cattle_4551_DSCF1286.jpg,cattle_4551,28,val
BeefCattle_Muzzle_database/BeefCattle_Muzzle_Individualized/cattle_4551/cattle_4551_DSCF1309.jpg,cattle_4551,28,val
BeefCattle_Muzzle_database/BeefCattle_Muzzle_Individualized/cattle_4551/cattle_4551_DSCF1304.jpg,cattle_4551,28,test
BeefCattle_Muzzle_database/BeefCattle_Muzzle_Individualized/cattle_4551/cattle_4551_DSCF1297.jpg,cattle_4551,28,test
BeefCattle_Muzzle_database/BeefCattle_Muzzle_Individualized/cattle_4551/cattle_4551_DSCF1288.jpg,cattle_4551,28,test
BeefCattle_Muzzle_database/BeefCattle_Muzzle_Individualized/cattle_4551/cattle_4551_DSCF1307.jpg,cattle_4551,28,test
BeefCattle_Muzzle_database/BeefCattle_Muzzle_Individualized/cattle_4551/cattle_4551_DSCF1284.jpg,cattle_4551,28,test
BeefCattle_Muzzle_database/BeefCattle_Muzzle_Individualized/cattle_4568/cattle_4568_DSCF1125.jpg,cattle_4568,23,train
BeefCattle_Muzzle_database/BeefCattle_Muzzle_Individualized/cattle_4568/cattle_4568_DSCF1128.jpg,cattle_4568,23,train
BeefCattle_Muzzle_database/BeefCattle_Muzzle_Individualized/cattle_4568/cattle_4568_DSCF1100.jpg,cattle_4568,23,train
BeefCattle_Muzzle_database/BeefCattle_Muzzle_Individualized/cattle_4568/cattle_4568_DSCF1136.jpg,cattle_4568,23,train
BeefCattle_Muzzle_database/BeefCattle_Muzzle_Individualized/cattle_4568/cattle_4568_DSCF1127.jpg,cattle_4568,23,train
BeefCattle_Muzzle_database/BeefCattle_Muzzle_Individualized/cattle_4568/cattle_4568_DSCF1105.jpg,cattle_4568,23,train
BeefCattle_Muzzle_database/BeefCattle_Muzzle_Individualized/cattle_4568/cattle_4568_DSCF1099.jpg,cattle_4568,23,train
BeefCattle_Muzzle_database/BeefCattle_Muzzle_Individualized/cattle_4568/cattle_4568_DSCF1104.jpg,cattle_4568,23,train
BeefCattle_Muzzle_database/BeefCattle_Muzzle_Individualized/cattle_4568/cattle_4568_DSCF1133.jpg,cattle_4568,23,train
BeefCattle_Muzzle_database/BeefCattle_Muzzle_Individualized/cattle_4568/cattle_4568_DSCF1139.jpg,cattle_4568,23,train
BeefCattle_Muzzle_database/BeefCattle_Muzzle_Individualized/cattle_4568/cattle_4568_DSCF1102.jpg,cattle_4568,23,train
BeefCattle_Muzzle_database/BeefCattle_Muzzle_Individualized/cattle_4568/cattle_4568_DSCF1135.jpg,cattle_4568,23,train
BeefCattle_Muzzle_database/BeefCattle_Muzzle_Individualized/cattle_4568/cattle_4568_DSCF1129.jpg,cattle_4568,23,train
BeefCattle_Muzzle_database/BeefCattle_Muzzle_Individualized/cattle_4568/cattle_4568_DSCF1134.jpg,cattle_4568,23,train
BeefCattle_Muzzle_database/BeefCattle_Muzzle_Individualized/cattle_4568/cattle_4568_DSCF1132.jpg,cattle_4568,23,train
BeefCattle_Muzzle_database/BeefCattle_Muzzle_Individualized/cattle_4568/cattle_4568_DSCF1098.jpg,cattle_4568,23,train
BeefCattle_Muzzle_database/BeefCattle_Muzzle_Individualized/cattle_4568/cattle_4568_DSCF1126.jpg,cattle_4568,23,val
BeefCattle_Muzzle_database/BeefCattle_Muzzle_Individualized/cattle_4568/cattle_4568_DSCF1103.jpg,cattle_4568,23,val
BeefCattle_Muzzle_database/BeefCattle_Muzzle_Individualized/cattle_4568/cattle_4568_DSCF1131.jpg,cattle_4568,23,val
BeefCattle_Muzzle_database/BeefCattle_Muzzle_Individualized/cattle_4568/cattle_4568_DSCF1138.jpg,cattle_4568,23,test
BeefCattle_Muzzle_database/BeefCattle_Muzzle_Individualized/cattle_4568/cattle_4568_DSCF1137.jpg,cattle_4568,23,test
BeefCattle_Muzzle_database/BeefCattle_Muzzle_Individualized/cattle_4568/cattle_4568_DSCF1101.jpg,cattle_4568,23,test
BeefCattle_Muzzle_database/BeefCattle_Muzzle_Individualized/cattle_4568/cattle_4568_DSCF1130.jpg,cattle_4568,23,test
BeefCattle_Muzzle_database/BeefCattle_Muzzle_Individualized/cattle_4607/cattle_4607_DSCF0252.jpg,cattle_4607,34,train
BeefCattle_Muzzle_database/BeefCattle_Muzzle_Individualized/cattle_4607/cattle_4607_DSCF0242.jpg,cattle_4607,34,train
BeefCattle_Muzzle_database/BeefCattle_Muzzle_Individualized/cattle_4607/cattle_4607_DSCF0245.jpg,cattle_4607,34,train
BeefCattle_Muzzle_database/BeefCattle_Muzzle_Individualized/cattle_4607/cattle_4607_DSCF0268.jpg,cattle_4607,34,train
BeefCattle_Muzzle_database/BeefCattle_Muzzle_Individualized/cattle_4607/cattle_4607_DSCF0239.jpg,cattle_4607,34,train
BeefCattle_Muzzle_database/BeefCattle_Muzzle_Individualized/cattle_4607/cattle_4607_DSCF0264.jpg,cattle_4607,34,train
BeefCattle_Muzzle_database/BeefCattle_Muzzle_Individualized/cattle_4607/cattle_4607_DSCF0249.jpg,cattle_4607,34,train
BeefCattle_Muzzle_database/BeefCattle_Muzzle_Individualized/cattle_4607/cattle_4607_DSCF0267.jpg,cattle_4607,34,train
BeefCattle_Muzzle_database/BeefCattle_Muzzle_Individualized/cattle_4607/cattle_4607_DSCF0262.jpg,cattle_4607,34,train
BeefCattle_Muzzle_database/BeefCattle_Muzzle_Individualized/cattle_4607/cattle_4607_DSCF0237.jpg,cattle_4607,34,train
BeefCattle_Muzzle_database/BeefCattle_Muzzle_Individualized/cattle_4607/cattle_4607_DSCF0238.jpg,cattle_4607,34,train
BeefCattle_Muzzle_database/BeefCattle_Muzzle_Individualized/cattle_4607/cattle_4607_DSCF0253.jpg,cattle_4607,34,train
BeefCattle_Muzzle_database/BeefCattle_Muzzle_Individualized/cattle_4607/cattle_4607_DSCF0269.jpg,cattle_4607,34,train
BeefCattle_Muzzle_database/BeefCattle_Muzzle_Individualized/cattle_4607/cattle_4607_DSCF0258.jpg,cattle_4607,34,train
BeefCattle_Muzzle_database/BeefCattle_Muzzle_Individualized/cattle_4607/cattle_4607_DSCF0260.jpg,cattle_4607,34,train
BeefCattle_Muzzle_database/BeefCattle_Muzzle_Individualized/cattle_4607/cattle_4607_DSCF0259.jpg,cattle_4607,34,train
BeefCattle_Muzzle_database/BeefCattle_Muzzle_Individualized/cattle_4607/cattle_4607_DSCF0236.jpg,cattle_4607,34,train
BeefCattle_Muzzle_database/BeefCattle_Muzzle_Individualized/cattle_4607/cattle_4607_DSCF0265.jpg,cattle_4607,34,train
BeefCattle_Muzzle_database/BeefCattle_Muzzle_Individualized/cattle_4607/cattle_4607_DSCF0256.jpg,cattle_4607,34,train
BeefCattle_Muzzle_database/BeefCattle_Muzzle_Individualized/cattle_4607/cattle_4607_DSCF0244.jpg,cattle_4607,34,train
BeefCattle_Muzzle_database/BeefCattle_Muzzle_Individualized/cattle_4607/cattle_4607_DSCF0250.jpg,cattle_4607,34,train
BeefCattle_Muzzle_database/BeefCattle_Muzzle_Individualized/cattle_4607/cattle_4607_DSCF0261.jpg,cattle_4607,34,train
BeefCattle_Muzzle_database/BeefCattle_Muzzle_Individualized/cattle_4607/cattle_4607_DSCF0240.jpg,cattle_4607,34,train
BeefCattle_Muzzle_database/BeefCattle_Muzzle_Individualized/cattle_4607/cattle_4607_DSCF0254.jpg,cattle_4607,34,val
BeefCattle_Muzzle_database/BeefCattle_Muzzle_Individualized/cattle_4607/cattle_4607_DSCF0251.jpg,cattle_4607,34,val
BeefCattle_Muzzle_database/BeefCattle_Muzzle_Individualized/cattle_4607/cattle_4607_DSCF0243.jpg,cattle_4607,34,val
BeefCattle_Muzzle_database/BeefCattle_Muzzle_Individualized/cattle_4607/cattle_4607_DSCF0257.jpg,cattle_4607,34,val
BeefCattle_Muzzle_database/BeefCattle_Muzzle_Individualized/cattle_4607/cattle_4607_DSCF0266.jpg,cattle_4607,34,val
BeefCattle_Muzzle_database/BeefCattle_Muzzle_Individualized/cattle_4607/cattle_4607_DSCF0248.jpg,cattle_4607,34,test
BeefCattle_Muzzle_database/BeefCattle_Muzzle_Individualized/cattle_4607/cattle_4607_DSCF0263.jpg,cattle_4607,34,test
BeefCattle_Muzzle_database/BeefCattle_Muzzle_Individualized/cattle_4607/cattle_4607_DSCF0255.jpg,cattle_4607,34,test
BeefCattle_Muzzle_database/BeefCattle_Muzzle_Individualized/cattle_4607/cattle_4607_DSCF0241.jpg,cattle_4607,34,test
BeefCattle_Muzzle_database/BeefCattle_Muzzle_Individualized/cattle_4607/cattle_4607_DSCF0247.jpg,cattle_4607,34,test
BeefCattle_Muzzle_database/BeefCattle_Muzzle_Individualized/cattle_4607/cattle_4607_DSCF0246.jpg,cattle_4607,34,test
BeefCattle_Muzzle_database/BeefCattle_Muzzle_Individualized/cattle_4613/cattle_4613_DSCF0326.jpg,cattle_4613,70,train
BeefCattle_Muzzle_database/BeefCattle_Muzzle_Individualized/cattle_4613/cattle_4613_DSCF0318.jpg,cattle_4613,70,train
BeefCattle_Muzzle_database/BeefCattle_Muzzle_Individualized/cattle_4613/cattle_4613_DSCF0349.jpg,cattle_4613,70,train
BeefCattle_Muzzle_database/BeefCattle_Muzzle_Individualized/cattle_4613/cattle_4613_DSCF0325.jpg,cattle_4613,70,train
BeefCattle_Muzzle_database/BeefCattle_Muzzle_Individualized/cattle_4613/cattle_4613_DSCF0356.jpg,cattle_4613,70,train
BeefCattle_Muzzle_database/BeefCattle_Muzzle_Individualized/cattle_4613/cattle_4613_DSCF0348.jpg,cattle_4613,70,train
BeefCattle_Muzzle_database/BeefCattle_Muzzle_Individualized/cattle_4613/cattle_4613_DSCF0312.jpg,cattle_4613,70,train
BeefCattle_Muzzle_database/BeefCattle_Muzzle_Individualized/cattle_4613/cattle_4613_DSCF0319.jpg,cattle_4613,70,train
BeefCattle_Muzzle_database/BeefCattle_Muzzle_Individualized/cattle_4613/cattle_4613_DSCF0331.jpg,cattle_4613,70,train
BeefCattle_Muzzle_database/BeefCattle_Muzzle_Individualized/cattle_4613/cattle_4613_DSCF0350.jpg,cattle_4613,70,train
BeefCattle_Muzzle_database/BeefCattle_Muzzle_Individualized/cattle_4613/cattle_4613_DSCF0307.jpg,cattle_4613,70,train
BeefCattle_Muzzle_database/BeefCattle_Muzzle_Individualized/cattle_4613/cattle_4613_DSCF0333.jpg,cattle_4613,70,train
BeefCattle_Muzzle_database/BeefCattle_Muzzle_Individualized/cattle_4613/cattle_4613_DSCF0299.jpg,cattle_4613,70,train
BeefCattle_Muzzle_database/BeefCattle_Muzzle_Individualized/cattle_4613/cattle_4613_DSCF0316.jpg,cattle_4613,70,train
BeefCattle_Muzzle_database/BeefCattle_Muzzle_Individualized/cattle_4613/cattle_4613_DSCF0313.jpg,cattle_4613,70,train
BeefCattle_Muzzle_database/BeefCattle_Muzzle_Individualized/cattle_4613/cattle_4613_DSCF0347.jpg,cattle_4613,70,train
BeefCattle_Muzzle_database/BeefCattle_Muzzle_Individualized/cattle_4613/cattle_4613_DSCF0329.jpg,cattle_4613,70,train
BeefCattle_Muzzle_database/BeefCattle_Muzzle_Individualized/cattle_4613/cattle_4613_DSCF0355.jpg,cattle_4613,70,train
BeefCattle_Muzzle_database/BeefCattle_Muzzle_Individualized/cattle_4613/cattle_4613_DSCF0343.jpg,cattle_4613,70,train
BeefCattle_Muzzle_database/BeefCattle_Muzzle_Individualized/cattle_4613/cattle_4613_DSCF0303.jpg,cattle_4613,70,train
BeefCattle_Muzzle_database/BeefCattle_Muzzle_Individualized/cattle_4613/cattle_4613_DSCF0346.jpg,cattle_4613,70,train
BeefCattle_Muzzle_database/BeefCattle_Muzzle_Individualized/cattle_4613/cattle_4613_DSCF0321.jpg,cattle_4613,70,train
BeefCattle_Muzzle_database/BeefCattle_Muzzle_Individualized/cattle_4613/cattle_4613_DSCF0344.jpg,cattle_4613,70,train
BeefCattle_Muzzle_database/BeefCattle_Muzzle_Individualized/cattle_4613/cattle_4613_DSCF0297.jpg,cattle_4613,70,train
BeefCattle_Muzzle_database/BeefCattle_Muzzle_Individualized/cattle_4613/cattle_4613_DSCF0358.jpg,cattle_4613,70,train
BeefCattle_Muzzle_database/BeefCattle_Muzzle_Individualized/cattle_4613/cattle_4613_DSCF0357.jpg,cattle_4613,70,train
BeefCattle_Muzzle_database/BeefCattle_Muzzle_Individualized/cattle_4613/cattle_4613_DSCF0302.jpg,cattle_4613,70,train
BeefCattle_Muzzle_database/BeefCattle_Muzzle_Individualized/cattle_4613/cattle_4613_DSCF0301.jpg,cattle_4613,70,train
BeefCattle_Muzzle_database/BeefCattle_Muzzle_Individualized/cattle_4613/cattle_4613_DSCF0324.jpg,cattle_4613,70,train
BeefCattle_Muzzle_database/BeefCattle_Muzzle_Individualized/cattle_4613/cattle_4613_DSCF0296.jpg,cattle_4613,70,train
BeefCattle_Muzzle_database/BeefCattle_Muzzle_Individualized/cattle_4613/cattle_4613_DSCF0338.jpg,cattle_4613,70,train
BeefCattle_Muzzle_database/BeefCattle_Muzzle_Individualized/cattle_4613/cattle_4613_DSCF0315.jpg,cattle_4613,70,train
BeefCattle_Muzzle_database/BeefCattle_Muzzle_Individualized/cattle_4613/cattle_4613_DSCF0327.jpg,cattle_4613,70,train
BeefCattle_Muzzle_database/BeefCattle_Muzzle_Individualized/cattle_4613/cattle_4613_DSCF0320.jpg,cattle_4613,70,train
BeefCattle_Muzzle_database/BeefCattle_Muzzle_Individualized/cattle_4613/cattle_4613_DSCF0311.jpg,cattle_4613,70,train
BeefCattle_Muzzle_database/BeefCattle_Muzzle_Individualized/cattle_4613/cattle_4613_DSCF0294.jpg,cattle_4613,70,train
BeefCattle_Muzzle_database/BeefCattle_Muzzle_Individualized/cattle_4613/cattle_4613_DSCF0298.jpg,cattle_4613,70,train
BeefCattle_Muzzle_database/BeefCattle_Muzzle_Individualized/cattle_4613/cattle_4613_DSCF0300.jpg,cattle_4613,70,train
BeefCattle_Muzzle_database/BeefCattle_Muzzle_Individualized/cattle_4613/cattle_4613_DSCF0308.jpg,cattle_4613,70,train
BeefCattle_Muzzle_database/BeefCattle_Muzzle_Individualized/cattle_4613/cattle_4613_DSCF0304.jpg,cattle_4613,70,train
BeefCattle_Muzzle_database/BeefCattle_Muzzle_Individualized/cattle_4613/cattle_4613_DSCF0332.jpg,cattle_4613,70,train
BeefCattle_Muzzle_database/BeefCattle_Muzzle_Individualized/cattle_4613/cattle_4613_DSCF0352.jpg,cattle_4613,70,train
BeefCattle_Muzzle_database/BeefCattle_Muzzle_Individualized/cattle_4613/cattle_4613_DSCF0314.jpg,cattle_4613,70,train
BeefCattle_Muzzle_database/BeefCattle_Muzzle_Individualized/cattle_4613/cattle_4613_DSCF0342.jpg,cattle_4613,70,train
BeefCattle_Muzzle_database/BeefCattle_Muzzle_Individualized/cattle_4613/cattle_4613_DSCF0306.jpg,cattle_4613,70,train
BeefCattle_Muzzle_database/BeefCattle_Muzzle_Individualized/cattle_4613/cattle_4613_DSCF0351.jpg,cattle_4613,70,train
BeefCattle_Muzzle_database/BeefCattle_Muzzle_Individualized/cattle_4613/cattle_4613_DSCF0323.jpg,cattle_4613,70,train
BeefCattle_Muzzle_database/BeefCattle_Muzzle_Individualized/cattle_4613/cattle_4613_DSCF0330.jpg,cattle_4613,70,train
BeefCattle_Muzzle_database/BeefCattle_Muzzle_Individualized/cattle_4613/cattle_4613_DSCF0295.jpg,cattle_4613,70,train
BeefCattle_Muzzle_database/BeefCattle_Muzzle_Individualized/cattle_4613/cattle_4613_DSCF0339.jpg,cattle_4613,70,val
BeefCattle_Muzzle_database/BeefCattle_Muzzle_Individualized/cattle_4613/cattle_4613_DSCF0360.jpg,cattle_4613,70,val
BeefCattle_Muzzle_database/BeefCattle_Muzzle_Individualized/cattle_4613/cattle_4613_DSCF0335.jpg,cattle_4613,70,val
BeefCattle_Muzzle_database/BeefCattle_Muzzle_Individualized/cattle_4613/cattle_4613_DSCF0354.jpg,cattle_4613,70,val
BeefCattle_Muzzle_database/BeefCattle_Muzzle_Individualized/cattle_4613/cattle_4613_DSCF0292.jpg,cattle_4613,70,val
BeefCattle_Muzzle_database/BeefCattle_Muzzle_Individualized/cattle_4613/cattle_4613_DSCF0309.jpg,cattle_4613,70,val
BeefCattle_Muzzle_database/BeefCattle_Muzzle_Individualized/cattle_4613/cattle_4613_DSCF0361.jpg,cattle_4613,70,val
BeefCattle_Muzzle_database/BeefCattle_Muzzle_Individualized/cattle_4613/cattle_4613_DSCF0334.jpg,cattle_4613,70,val
BeefCattle_Muzzle_database/BeefCattle_Muzzle_Individualized/cattle_4613/cattle_4613_DSCF0345.jpg,cattle_4613,70,val
BeefCattle_Muzzle_database/BeefCattle_Muzzle_Individualized/cattle_4613/cattle_4613_DSCF0293.jpg,cattle_4613,70,val
BeefCattle_Muzzle_database/BeefCattle_Muzzle_Individualized/cattle_4613/cattle_4613_DSCF0359.jpg,cattle_4613,70,test
BeefCattle_Muzzle_database/BeefCattle_Muzzle_Individualized/cattle_4613/cattle_4613_DSCF0336.jpg,cattle_4613,70,test
BeefCattle_Muzzle_database/BeefCattle_Muzzle_Individualized/cattle_4613/cattle_4613_DSCF0310.jpg,cattle_4613,70,test
BeefCattle_Muzzle_database/BeefCattle_Muzzle_Individualized/cattle_4613/cattle_4613_DSCF0328.jpg,cattle_4613,70,test
BeefCattle_Muzzle_database/BeefCattle_Muzzle_Individualized/cattle_4613/cattle_4613_DSCF0337.jpg,cattle_4613,70,test
BeefCattle_Muzzle_database/BeefCattle_Muzzle_Individualized/cattle_4613/cattle_4613_DSCF0340.jpg,cattle_4613,70,test
BeefCattle_Muzzle_database/BeefCattle_Muzzle_Individualized/cattle_4613/cattle_4613_DSCF0322.jpg,cattle_4613,70,test
BeefCattle_Muzzle_database/BeefCattle_Muzzle_Individualized/cattle_4613/cattle_4613_DSCF0305.jpg,cattle_4613,70,test
BeefCattle_Muzzle_database/BeefCattle_Muzzle_Individualized/cattle_4613/cattle_4613_DSCF0353.jpg,cattle_4613,70,test
BeefCattle_Muzzle_database/BeefCattle_Muzzle_Individualized/cattle_4613/cattle_4613_DSCF0341.jpg,cattle_4613,70,test
BeefCattle_Muzzle_database/BeefCattle_Muzzle_Individualized/cattle_4613/cattle_4613_DSCF0317.jpg,cattle_4613,70,test
BeefCattle_Muzzle_database/BeefCattle_Muzzle_Individualized/cattle_4614/cattle_4614_DSCF0849.jpg,cattle_4614,25,train
BeefCattle_Muzzle_database/BeefCattle_Muzzle_Individualized/cattle_4614/cattle_4614_DSCF0844.jpg,cattle_4614,25,train
BeefCattle_Muzzle_database/BeefCattle_Muzzle_Individualized/cattle_4614/cattle_4614_DSCF0847.jpg,cattle_4614,25,train
BeefCattle_Muzzle_database/BeefCattle_Muzzle_Individualized/cattle_4614/cattle_4614_DSCF0845.jpg,cattle_4614,25,train
BeefCattle_Muzzle_database/BeefCattle_Muzzle_Individualized/cattle_4614/cattle_4614_DSCF0865.jpg,cattle_4614,25,train
BeefCattle_Muzzle_database/BeefCattle_Muzzle_Individualized/cattle_4614/cattle_4614_DSCF0859.jpg,cattle_4614,25,train
BeefCattle_Muzzle_database/BeefCattle_Muzzle_Individualized/cattle_4614/cattle_4614_DSCF0863.jpg,cattle_4614,25,train
BeefCattle_Muzzle_database/BeefCattle_Muzzle_Individualized/cattle_4614/cattle_4614_DSCF0856.jpg,cattle_4614,25,train
BeefCattle_Muzzle_database/BeefCattle_Muzzle_Individualized/cattle_4614/cattle_4614_DSCF0848.jpg,cattle_4614,25,train
BeefCattle_Muzzle_database/BeefCattle_Muzzle_Individualized/cattle_4614/cattle_4614_DSCF0861.jpg,cattle_4614,25,train
BeefCattle_Muzzle_database/BeefCattle_Muzzle_Individualized/cattle_4614/cattle_4614_DSCF0852.jpg,cattle_4614,25,train
BeefCattle_Muzzle_database/BeefCattle_Muzzle_Individualized/cattle_4614/cattle_4614_DSCF0867.jpg,cattle_4614,25,train
BeefCattle_Muzzle_database/BeefCattle_Muzzle_Individualized/cattle_4614/cattle_4614_DSCF0850.jpg,cattle_4614,25,train
BeefCattle_Muzzle_database/BeefCattle_Muzzle_Individualized/cattle_4614/cattle_4614_DSCF0858.jpg,cattle_4614,25,train
BeefCattle_Muzzle_database/BeefCattle_Muzzle_Individualized/cattle_4614/cattle_4614_DSCF0853.jpg,cattle_4614,25,train
BeefCattle_Muzzle_database/BeefCattle_Muzzle_Individualized/cattle_4614/cattle_4614_DSCF0864.jpg,cattle_4614,25,train
BeefCattle_Muzzle_database/BeefCattle_Muzzle_Individualized/cattle_4614/cattle_4614_DSCF0862.jpg,cattle_4614,25,train
BeefCattle_Muzzle_database/BeefCattle_Muzzle_Individualized/cattle_4614/cattle_4614_DSCF0855.jpg,cattle_4614,25,val
BeefCattle_Muzzle_database/BeefCattle_Muzzle_Individualized/cattle_4614/cattle_4614_DSCF0866.jpg,cattle_4614,25,val
BeefCattle_Muzzle_database/BeefCattle_Muzzle_Individualized/cattle_4614/cattle_4614_DSCF0854.jpg,cattle_4614,25,val
BeefCattle_Muzzle_database/BeefCattle_Muzzle_Individualized/cattle_4614/cattle_4614_DSCF0857.jpg,cattle_4614,25,test
BeefCattle_Muzzle_database/BeefCattle_Muzzle_Individualized/cattle_4614/cattle_4614_DSCF0846.jpg,cattle_4614,25,test
BeefCattle_Muzzle_database/BeefCattle_Muzzle_Individualized/cattle_4614/cattle_4614_DSCF0860.jpg,cattle_4614,25,test
BeefCattle_Muzzle_database/BeefCattle_Muzzle_Individualized/cattle_4614/cattle_4614_DSCF0851.jpg,cattle_4614,25,test
BeefCattle_Muzzle_database/BeefCattle_Muzzle_Individualized/cattle_4614/cattle_4614_DSCF0843.jpg,cattle_4614,25,test
BeefCattle_Muzzle_database/BeefCattle_Muzzle_Individualized/cattle_4649/cattle_4649_DSCF0444.jpg,cattle_4649,34,train
BeefCattle_Muzzle_database/BeefCattle_Muzzle_Individualized/cattle_4649/cattle_4649_DSCF0445.jpg,cattle_4649,34,train
BeefCattle_Muzzle_database/BeefCattle_Muzzle_Individualized/cattle_4649/cattle_4649_DSCF0432.jpg,cattle_4649,34,train
BeefCattle_Muzzle_database/BeefCattle_Muzzle_Individualized/cattle_4649/cattle_4649_DSCF0433.jpg,cattle_4649,34,train
BeefCattle_Muzzle_database/BeefCattle_Muzzle_Individualized/cattle_4649/cattle_4649_DSCF0434.jpg,cattle_4649,34,train
BeefCattle_Muzzle_database/BeefCattle_Muzzle_Individualized/cattle_4649/cattle_4649_DSCF0438.jpg,cattle_4649,34,train
BeefCattle_Muzzle_database/BeefCattle_Muzzle_Individualized/cattle_4649/cattle_4649_DSCF0440.jpg,cattle_4649,34,train
BeefCattle_Muzzle_database/BeefCattle_Muzzle_Individualized/cattle_4649/cattle_4649_DSCF0418.jpg,cattle_4649,34,train
BeefCattle_Muzzle_database/BeefCattle_Muzzle_Individualized/cattle_4649/cattle_4649_DSCF0413.jpg,cattle_4649,34,train
BeefCattle_Muzzle_database/BeefCattle_Muzzle_Individualized/cattle_4649/cattle_4649_DSCF0429.jpg,cattle_4649,34,train
BeefCattle_Muzzle_database/BeefCattle_Muzzle_Individualized/cattle_4649/cattle_4649_DSCF0419.jpg,cattle_4649,34,train
BeefCattle_Muzzle_database/BeefCattle_Muzzle_Individualized/cattle_4649/cattle_4649_DSCF0441.jpg,cattle_4649,34,train
BeefCattle_Muzzle_database/BeefCattle_Muzzle_Individualized/cattle_4649/cattle_4649_DSCF0437.jpg,cattle_4649,34,train
BeefCattle_Muzzle_database/BeefCattle_Muzzle_Individualized/cattle_4649/cattle_4649_DSCF0442.jpg,cattle_4649,34,train
BeefCattle_Muzzle_database/BeefCattle_Muzzle_Individualized/cattle_4649/cattle_4649_DSCF0423.jpg,cattle_4649,34,train
BeefCattle_Muzzle_database/BeefCattle_Muzzle_Individualized/cattle_4649/cattle_4649_DSCF0431.jpg,cattle_4649,34,train
BeefCattle_Muzzle_database/BeefCattle_Muzzle_Individualized/cattle_4649/cattle_4649_DSCF0435.jpg,cattle_4649,34,train
BeefCattle_Muzzle_database/BeefCattle_Muzzle_Individualized/cattle_4649/cattle_4649_DSCF0426.jpg,cattle_4649,34,train
BeefCattle_Muzzle_database/BeefCattle_Muzzle_Individualized/cattle_4649/cattle_4649_DSCF0436.jpg,cattle_4649,34,train
BeefCattle_Muzzle_database/BeefCattle_Muzzle_Individualized/cattle_4649/cattle_4649_DSCF0424.jpg,cattle_4649,34,train
BeefCattle_Muzzle_database/BeefCattle_Muzzle_Individualized/cattle_4649/cattle_4649_DSCF0427.jpg,cattle_4649,34,train
BeefCattle_Muzzle_database/BeefCattle_Muzzle_Individualized/cattle_4649/cattle_4649_DSCF0425.jpg,cattle_4649,34,train
BeefCattle_Muzzle_database/BeefCattle_Muzzle_Individualized/cattle_4649/cattle_4649_DSCF0417.jpg,cattle_4649,34,train
BeefCattle_Muzzle_database/BeefCattle_Muzzle_Individualized/cattle_4649/cattle_4649_DSCF0430.jpg,cattle_4649,34,val
BeefCattle_Muzzle_database/BeefCattle_Muzzle_Individualized/cattle_4649/cattle_4649_DSCF0446.jpg,cattle_4649,34,val
BeefCattle_Muzzle_database/BeefCattle_Muzzle_Individualized/cattle_4649/cattle_4649_DSCF0439.jpg,cattle_4649,34,val
BeefCattle_Muzzle_database/BeefCattle_Muzzle_Individualized/cattle_4649/cattle_4649_DSCF0416.jpg,cattle_4649,34,val
BeefCattle_Muzzle_database/BeefCattle_Muzzle_Individualized/cattle_4649/cattle_4649_DSCF0428.jpg,cattle_4649,34,val
BeefCattle_Muzzle_database/BeefCattle_Muzzle_Individualized/cattle_4649/cattle_4649_DSCF0422.jpg,cattle_4649,34,test
BeefCattle_Muzzle_database/BeefCattle_Muzzle_Individualized/cattle_4649/cattle_4649_DSCF0414.jpg,cattle_4649,34,test
BeefCattle_Muzzle_database/BeefCattle_Muzzle_Individualized/cattle_4649/cattle_4649_DSCF0443.jpg,cattle_4649,34,test
BeefCattle_Muzzle_database/BeefCattle_Muzzle_Individualized/cattle_4649/cattle_4649_DSCF0415.jpg,cattle_4649,34,test
BeefCattle_Muzzle_database/BeefCattle_Muzzle_Individualized/cattle_4649/cattle_4649_DSCF0421.jpg,cattle_4649,34,test
BeefCattle_Muzzle_database/BeefCattle_Muzzle_Individualized/cattle_4649/cattle_4649_DSCF0420.jpg,cattle_4649,34,test
BeefCattle_Muzzle_database/BeefCattle_Muzzle_Individualized/cattle_4668/cattle_4668_DSCF1485.jpg,cattle_4668,21,train
BeefCattle_Muzzle_database/BeefCattle_Muzzle_Individualized/cattle_4668/cattle_4668_DSCF1492.jpg,cattle_4668,21,train
BeefCattle_Muzzle_database/BeefCattle_Muzzle_Individualized/cattle_4668/cattle_4668_DSCF1481.jpg,cattle_4668,21,train
BeefCattle_Muzzle_database/BeefCattle_Muzzle_Individualized/cattle_4668/cattle_4668_DSCF1480.jpg,cattle_4668,21,train
BeefCattle_Muzzle_database/BeefCattle_Muzzle_Individualized/cattle_4668/cattle_4668_DSCF1494.jpg,cattle_4668,21,train
BeefCattle_Muzzle_database/BeefCattle_Muzzle_Individualized/cattle_4668/cattle_4668_DSCF1478.jpg,cattle_4668,21,train
BeefCattle_Muzzle_database/BeefCattle_Muzzle_Individualized/cattle_4668/cattle_4668_DSCF1482.jpg,cattle_4668,21,train
BeefCattle_Muzzle_database/BeefCattle_Muzzle_Individualized/cattle_4668/cattle_4668_DSCF1491.jpg,cattle_4668,21,train
BeefCattle_Muzzle_database/BeefCattle_Muzzle_Individualized/cattle_4668/cattle_4668_DSCF1476.jpg,cattle_4668,21,train
BeefCattle_Muzzle_database/BeefCattle_Muzzle_Individualized/cattle_4668/cattle_4668_DSCF1490.jpg,cattle_4668,21,train
BeefCattle_Muzzle_database/BeefCattle_Muzzle_Individualized/cattle_4668/cattle_4668_DSCF1486.jpg,cattle_4668,21,train
BeefCattle_Muzzle_database/BeefCattle_Muzzle_Individualized/cattle_4668/cattle_4668_DSCF1489.jpg,cattle_4668,21,train
BeefCattle_Muzzle_database/BeefCattle_Muzzle_Individualized/cattle_4668/cattle_4668_DSCF1483.jpg,cattle_4668,21,train
BeefCattle_Muzzle_database/BeefCattle_Muzzle_Individualized/cattle_4668/cattle_4668_DSCF1495.jpg,cattle_4668,21,train
BeefCattle_Muzzle_database/BeefCattle_Muzzle_Individualized/cattle_4668/cattle_4668_DSCF1479.jpg,cattle_4668,21,val
BeefCattle_Muzzle_database/BeefCattle_Muzzle_Individualized/cattle_4668/cattle_4668_DSCF1484.jpg,cattle_4668,21,val
BeefCattle_Muzzle_database/BeefCattle_Muzzle_Individualized/cattle_4668/cattle_4668_DSCF1488.jpg,cattle_4668,21,val
BeefCattle_Muzzle_database/BeefCattle_Muzzle_Individualized/cattle_4668/cattle_4668_DSCF1477.jpg,cattle_4668,21,test
BeefCattle_Muzzle_database/BeefCattle_Muzzle_Individualized/cattle_4668/cattle_4668_DSCF1496.jpg,cattle_4668,21,test
BeefCattle_Muzzle_database/BeefCattle_Muzzle_Individualized/cattle_4668/cattle_4668_DSCF1493.jpg,cattle_4668,21,test
BeefCattle_Muzzle_database/BeefCattle_Muzzle_Individualized/cattle_4668/cattle_4668_DSCF1487.jpg,cattle_4668,21,test
BeefCattle_Muzzle_database/BeefCattle_Muzzle_Individualized/cattle_4678/cattle_4678_DSCF1255.jpg,cattle_4678,19,train
BeefCattle_Muzzle_database/BeefCattle_Muzzle_Individualized/cattle_4678/cattle_4678_DSCF1260.jpg,cattle_4678,19,train
BeefCattle_Muzzle_database/BeefCattle_Muzzle_Individualized/cattle_4678/cattle_4678_DSCF1256.jpg,cattle_4678,19,train
BeefCattle_Muzzle_database/BeefCattle_Muzzle_Individualized/cattle_4678/cattle_4678_DSCF1258.jpg,cattle_4678,19,train
BeefCattle_Muzzle_database/BeefCattle_Muzzle_Individualized/cattle_4678/cattle_4678_DSCF1259.jpg,cattle_4678,19,train
BeefCattle_Muzzle_database/BeefCattle_Muzzle_Individualized/cattle_4678/cattle_4678_DSCF1249.jpg,cattle_4678,19,train
BeefCattle_Muzzle_database/BeefCattle_Muzzle_Individualized/cattle_4678/cattle_4678_DSCF1263.jpg,cattle_4678,19,train
BeefCattle_Muzzle_database/BeefCattle_Muzzle_Individualized/cattle_4678/cattle_4678_DSCF1252.jpg,cattle_4678,19,train
BeefCattle_Muzzle_database/BeefCattle_Muzzle_Individualized/cattle_4678/cattle_4678_DSCF1248.jpg,cattle_4678,19,train
BeefCattle_Muzzle_database/BeefCattle_Muzzle_Individualized/cattle_4678/cattle_4678_DSCF1257.jpg,cattle_4678,19,train
BeefCattle_Muzzle_database/BeefCattle_Muzzle_Individualized/cattle_4678/cattle_4678_DSCF1266.jpg,cattle_4678,19,train
BeefCattle_Muzzle_database/BeefCattle_Muzzle_Individualized/cattle_4678/cattle_4678_DSCF1253.jpg,cattle_4678,19,train
BeefCattle_Muzzle_database/BeefCattle_Muzzle_Individualized/cattle_4678/cattle_4678_DSCF1251.jpg,cattle_4678,19,train
BeefCattle_Muzzle_database/BeefCattle_Muzzle_Individualized/cattle_4678/cattle_4678_DSCF1262.jpg,cattle_4678,19,val
BeefCattle_Muzzle_database/BeefCattle_Muzzle_Individualized/cattle_4678/cattle_4678_DSCF1261.jpg,cattle_4678,19,val
BeefCattle_Muzzle_database/BeefCattle_Muzzle_Individualized/cattle_4678/cattle_4678_DSCF1264.jpg,cattle_4678,19,test
BeefCattle_Muzzle_database/BeefCattle_Muzzle_Individualized/cattle_4678/cattle_4678_DSCF1254.jpg,cattle_4678,19,test
BeefCattle_Muzzle_database/BeefCattle_Muzzle_Individualized/cattle_4678/cattle_4678_DSCF1265.jpg,cattle_4678,19,test
BeefCattle_Muzzle_database/BeefCattle_Muzzle_Individualized/cattle_4678/cattle_4678_DSCF1250.jpg,cattle_4678,19,test
BeefCattle_Muzzle_database/BeefCattle_Muzzle_Individualized/cattle_4679/cattle_4679_DSCF0921.jpg,cattle_4679,16,train
BeefCattle_Muzzle_database/BeefCattle_Muzzle_Individualized/cattle_4679/cattle_4679_DSCF0927.jpg,cattle_4679,16,train
BeefCattle_Muzzle_database/BeefCattle_Muzzle_Individualized/cattle_4679/cattle_4679_DSCF0923.jpg,cattle_4679,16,train
BeefCattle_Muzzle_database/BeefCattle_Muzzle_Individualized/cattle_4679/cattle_4679_DSCF0928.jpg,cattle_4679,16,train
BeefCattle_Muzzle_database/BeefCattle_Muzzle_Individualized/cattle_4679/cattle_4679_DSCF0918.jpg,cattle_4679,16,train
BeefCattle_Muzzle_database/BeefCattle_Muzzle_Individualized/cattle_4679/cattle_4679_DSCF0925.jpg,cattle_4679,16,train
BeefCattle_Muzzle_database/BeefCattle_Muzzle_Individualized/cattle_4679/cattle_4679_DSCF0924.jpg,cattle_4679,16,train
BeefCattle_Muzzle_database/BeefCattle_Muzzle_Individualized/cattle_4679/cattle_4679_DSCF0931.jpg,cattle_4679,16,train
BeefCattle_Muzzle_database/BeefCattle_Muzzle_Individualized/cattle_4679/cattle_4679_DSCF0930.jpg,cattle_4679,16,train
BeefCattle_Muzzle_database/BeefCattle_Muzzle_Individualized/cattle_4679/cattle_4679_DSCF0929.jpg,cattle_4679,16,train
BeefCattle_Muzzle_database/BeefCattle_Muzzle_Individualized/cattle_4679/cattle_4679_DSCF0926.jpg,cattle_4679,16,train
BeefCattle_Muzzle_database/BeefCattle_Muzzle_Individualized/cattle_4679/cattle_4679_DSCF0920.jpg,cattle_4679,16,val
BeefCattle_Muzzle_database/BeefCattle_Muzzle_Individualized/cattle_4679/cattle_4679_DSCF0922.jpg,cattle_4679,16,val
BeefCattle_Muzzle_database/BeefCattle_Muzzle_Individualized/cattle_4679/cattle_4679_DSCF0932.jpg,cattle_4679,16,test
BeefCattle_Muzzle_database/BeefCattle_Muzzle_Individualized/cattle_4679/cattle_4679_DSCF0919.jpg,cattle_4679,16,test
BeefCattle_Muzzle_database/BeefCattle_Muzzle_Individualized/cattle_4679/cattle_4679_DSCF0917.jpg,cattle_4679,16,test
BeefCattle_Muzzle_database/BeefCattle_Muzzle_Individualized/cattle_4680/cattle_4680_DSCF1254.jpg,cattle_4680,19,train
BeefCattle_Muzzle_database/BeefCattle_Muzzle_Individualized/cattle_4680/cattle_4680_DSCF1266.jpg,cattle_4680,19,train
BeefCattle_Muzzle_database/BeefCattle_Muzzle_Individualized/cattle_4680/cattle_4680_DSCF1260.jpg,cattle_4680,19,train
BeefCattle_Muzzle_database/BeefCattle_Muzzle_Individualized/cattle_4680/cattle_4680_DSCF1265.jpg,cattle_4680,19,train
BeefCattle_Muzzle_database/BeefCattle_Muzzle_Individualized/cattle_4680/cattle_4680_DSCF1258.jpg,cattle_4680,19,train
BeefCattle_Muzzle_database/BeefCattle_Muzzle_Individualized/cattle_4680/cattle_4680_DSCF1253.jpg,cattle_4680,19,train
BeefCattle_Muzzle_database/BeefCattle_Muzzle_Individualized/cattle_4680/cattle_4680_DSCF1261.jpg,cattle_4680,19,train
BeefCattle_Muzzle_database/BeefCattle_Muzzle_Individualized/cattle_4680/cattle_4680_DSCF1252.jpg,cattle_4680,19,train
BeefCattle_Muzzle_database/BeefCattle_Muzzle_Individualized/cattle_4680/cattle_4680_DSCF1248.jpg,cattle_4680,19,train
BeefCattle_Muzzle_database/BeefCattle_Muzzle_Individualized/cattle_4680/cattle_4680_DSCF1251.jpg,cattle_4680,19,train
BeefCattle_Muzzle_database/BeefCattle_Muzzle_Individualized/cattle_4680/cattle_4680_DSCF1264.jpg,cattle_4680,19,train
BeefCattle_Muzzle_database/BeefCattle_Muzzle_Individualized/cattle_4680/cattle_4680_DSCF1255.jpg,cattle_4680,19,train
BeefCattle_Muzzle_database/BeefCattle_Muzzle_Individualized/cattle_4680/cattle_4680_DSCF1249.jpg,cattle_4680,19,train
BeefCattle_Muzzle_database/BeefCattle_Muzzle_Individualized/cattle_4680/cattle_4680_DSCF1257.jpg,cattle_4680,19,val
BeefCattle_Muzzle_database/BeefCattle_Muzzle_Individualized/cattle_4680/cattle_4680_DSCF1256.jpg,cattle_4680,19,val
BeefCattle_Muzzle_database/BeefCattle_Muzzle_Individualized/cattle_4680/cattle_4680_DSCF1259.jpg,cattle_4680,19,test
BeefCattle_Muzzle_database/BeefCattle_Muzzle_Individualized/cattle_4680/cattle_4680_DSCF1262.jpg,cattle_4680,19,test
BeefCattle_Muzzle_database/BeefCattle_Muzzle_Individualized/cattle_4680/cattle_4680_DSCF1263.jpg,cattle_4680,19,test
BeefCattle_Muzzle_database/BeefCattle_Muzzle_Individualized/cattle_4680/cattle_4680_DSCF1250.jpg,cattle_4680,19,test
BeefCattle_Muzzle_database/BeefCattle_Muzzle_Individualized/cattle_4685/cattle_4685_DSCF6702.jpg,cattle_4685,11,train
BeefCattle_Muzzle_database/BeefCattle_Muzzle_Individualized/cattle_4685/cattle_4685_DSCF6703.jpg,cattle_4685,11,train
BeefCattle_Muzzle_database/BeefCattle_Muzzle_Individualized/cattle_4685/cattle_4685_DSCF6704.jpg,cattle_4685,11,train
BeefCattle_Muzzle_database/BeefCattle_Muzzle_Individualized/cattle_4685/cattle_4685_DSCF6729.jpg,cattle_4685,11,train
BeefCattle_Muzzle_database/BeefCattle_Muzzle_Individualized/cattle_4685/cattle_4685_DSCF6701.jpg,cattle_4685,11,train
BeefCattle_Muzzle_database/BeefCattle_Muzzle_Individualized/cattle_4685/cattle_4685_DSCF6730.jpg,cattle_4685,11,train
BeefCattle_Muzzle_database/BeefCattle_Muzzle_Individualized/cattle_4685/cattle_4685_DSCF6699.jpg,cattle_4685,11,train
BeefCattle_Muzzle_database/BeefCattle_Muzzle_Individualized/cattle_4685/cattle_4685_DSCF6728.jpg,cattle_4685,11,val
BeefCattle_Muzzle_database/BeefCattle_Muzzle_Individualized/cattle_4685/cattle_4685_DSCF6727.jpg,cattle_4685,11,test
BeefCattle_Muzzle_database/BeefCattle_Muzzle_Individualized/cattle_4685/cattle_4685_DSCF6700.jpg,cattle_4685,11,test
BeefCattle_Muzzle_database/BeefCattle_Muzzle_Individualized/cattle_4685/cattle_4685_DSCF6705.jpg,cattle_4685,11,test
BeefCattle_Muzzle_database/BeefCattle_Muzzle_Individualized/cattle_4686/cattle_4686_DSCF0560.jpg,cattle_4686,31,train
BeefCattle_Muzzle_database/BeefCattle_Muzzle_Individualized/cattle_4686/cattle_4686_DSCF0555.jpg,cattle_4686,31,train
BeefCattle_Muzzle_database/BeefCattle_Muzzle_Individualized/cattle_4686/cattle_4686_DSCF0556.jpg,cattle_4686,31,train
BeefCattle_Muzzle_database/BeefCattle_Muzzle_Individualized/cattle_4686/cattle_4686_DSCF0559.jpg,cattle_4686,31,train
BeefCattle_Muzzle_database/BeefCattle_Muzzle_Individualized/cattle_4686/cattle_4686_DSCF0583.jpg,cattle_4686,31,train
BeefCattle_Muzzle_database/BeefCattle_Muzzle_Individualized/cattle_4686/cattle_4686_DSCF0557.jpg,cattle_4686,31,train
BeefCattle_Muzzle_database/BeefCattle_Muzzle_Individualized/cattle_4686/cattle_4686_DSCF0566.jpg,cattle_4686,31,train
BeefCattle_Muzzle_database/BeefCattle_Muzzle_Individualized/cattle_4686/cattle_4686_DSCF0578.jpg,cattle_4686,31,train
BeefCattle_Muzzle_database/BeefCattle_Muzzle_Individualized/cattle_4686/cattle_4686_DSCF0562.jpg,cattle_4686,31,train
BeefCattle_Muzzle_database/BeefCattle_Muzzle_Individualized/cattle_4686/cattle_4686_DSCF0561.jpg,cattle_4686,31,train
BeefCattle_Muzzle_database/BeefCattle_Muzzle_Individualized/cattle_4686/cattle_4686_DSCF0570.jpg,cattle_4686,31,train
BeefCattle_Muzzle_database/BeefCattle_Muzzle_Individualized/cattle_4686/cattle_4686_DSCF0585.jpg,cattle_4686,31,train
BeefCattle_Muzzle_database/BeefCattle_Muzzle_Individualized/cattle_4686/cattle_4686_DSCF0580.jpg,cattle_4686,31,train
BeefCattle_Muzzle_database/BeefCattle_Muzzle_Individualized/cattle_4686/cattle_4686_DSCF0579.jpg,cattle_4686,31,train
BeefCattle_Muzzle_database/BeefCattle_Muzzle_Individualized/cattle_4686/cattle_4686_DSCF0581.jpg,cattle_4686,31,train
BeefCattle_Muzzle_database/BeefCattle_Muzzle_Individualized/cattle_4686/cattle_4686_DSCF0582.jpg,cattle_4686,31,train
BeefCattle_Muzzle_database/BeefCattle_Muzzle_Individualized/cattle_4686/cattle_4686_DSCF0558.jpg,cattle_4686,31,train
BeefCattle_Muzzle_database/BeefCattle_Muzzle_Individualized/cattle_4686/cattle_4686_DSCF0568.jpg,cattle_4686,31,train
BeefCattle_Muzzle_database/BeefCattle_Muzzle_Individualized/cattle_4686/cattle_4686_DSCF0576.jpg,cattle_4686,31,train
BeefCattle_Muzzle_database/BeefCattle_Muzzle_Individualized/cattle_4686/cattle_4686_DSCF0569.jpg,cattle_4686,31,train
BeefCattle_Muzzle_database/BeefCattle_Muzzle_Individualized/cattle_4686/cattle_4686_DSCF0564.jpg,cattle_4686,31,train
BeefCattle_Muzzle_database/BeefCattle_Muzzle_Individualized/cattle_4686/cattle_4686_DSCF0571.jpg,cattle_4686,31,val
BeefCattle_Muzzle_database/BeefCattle_Muzzle_Individualized/cattle_4686/cattle_4686_DSCF0584.jpg,cattle_4686,31,val
BeefCattle_Muzzle_database/BeefCattle_Muzzle_Individualized/cattle_4686/cattle_4686_DSCF0567.jpg,cattle_4686,31,val
BeefCattle_Muzzle_database/BeefCattle_Muzzle_Individualized/cattle_4686/cattle_4686_DSCF0565.jpg,cattle_4686,31,val
BeefCattle_Muzzle_database/BeefCattle_Muzzle_Individualized/cattle_4686/cattle_4686_DSCF0577.jpg,cattle_4686,31,test
BeefCattle_Muzzle_database/BeefCattle_Muzzle_Individualized/cattle_4686/cattle_4686_DSCF0572.jpg,cattle_4686,31,test
BeefCattle_Muzzle_database/BeefCattle_Muzzle_Individualized/cattle_4686/cattle_4686_DSCF0573.jpg,cattle_4686,31,test
BeefCattle_Muzzle_database/BeefCattle_Muzzle_Individualized/cattle_4686/cattle_4686_DSCF0575.jpg,cattle_4686,31,test
BeefCattle_Muzzle_database/BeefCattle_Muzzle_Individualized/cattle_4686/cattle_4686_DSCF0574.jpg,cattle_4686,31,test
BeefCattle_Muzzle_database/BeefCattle_Muzzle_Individualized/cattle_4686/cattle_4686_DSCF0563.jpg,cattle_4686,31,test
BeefCattle_Muzzle_database/BeefCattle_Muzzle_Individualized/cattle_4716/cattle_4716_DSCF9202.jpg,cattle_4716,16,train
BeefCattle_Muzzle_database/BeefCattle_Muzzle_Individualized/cattle_4716/cattle_4716_DSCF9201.jpg,cattle_4716,16,train
BeefCattle_Muzzle_database/BeefCattle_Muzzle_Individualized/cattle_4716/cattle_4716_DSCF9204.jpg,cattle_4716,16,train
BeefCattle_Muzzle_database/BeefCattle_Muzzle_Individualized/cattle_4716/cattle_4716_DSCF9196.jpg,cattle_4716,16,train
BeefCattle_Muzzle_database/BeefCattle_Muzzle_Individualized/cattle_4716/cattle_4716_DSCF9205.jpg,cattle_4716,16,train
BeefCattle_Muzzle_database/BeefCattle_Muzzle_Individualized/cattle_4716/cattle_4716_DSCF9207.jpg,cattle_4716,16,train
BeefCattle_Muzzle_database/BeefCattle_Muzzle_Individualized/cattle_4716/cattle_4716_DSCF9193.jpg,cattle_4716,16,train
BeefCattle_Muzzle_database/BeefCattle_Muzzle_Individualized/cattle_4716/cattle_4716_DSCF9194.jpg,cattle_4716,16,train
BeefCattle_Muzzle_database/BeefCattle_Muzzle_Individualized/cattle_4716/cattle_4716_DSCF9200.jpg,cattle_4716,16,train
BeefCattle_Muzzle_database/BeefCattle_Muzzle_Individualized/cattle_4716/cattle_4716_DSCF9195.jpg,cattle_4716,16,train
BeefCattle_Muzzle_database/BeefCattle_Muzzle_Individualized/cattle_4716/cattle_4716_DSCF9206.jpg,cattle_4716,16,train
BeefCattle_Muzzle_database/BeefCattle_Muzzle_Individualized/cattle_4716/cattle_4716_DSCF9197.jpg,cattle_4716,16,val
BeefCattle_Muzzle_database/BeefCattle_Muzzle_Individualized/cattle_4716/cattle_4716_DSCF9208.jpg,cattle_4716,16,val
BeefCattle_Muzzle_database/BeefCattle_Muzzle_Individualized/cattle_4716/cattle_4716_DSCF9198.jpg,cattle_4716,16,test
BeefCattle_Muzzle_database/BeefCattle_Muzzle_Individualized/cattle_4716/cattle_4716_DSCF9199.jpg,cattle_4716,16,test
BeefCattle_Muzzle_database/BeefCattle_Muzzle_Individualized/cattle_4716/cattle_4716_DSCF9203.jpg,cattle_4716,16,test
BeefCattle_Muzzle_database/BeefCattle_Muzzle_Individualized/cattle_4733/cattle_4733_DSCF8113.jpg,cattle_4733,29,train
BeefCattle_Muzzle_database/BeefCattle_Muzzle_Individualized/cattle_4733/cattle_4733_DSCF8114.jpg,cattle_4733,29,train
BeefCattle_Muzzle_database/BeefCattle_Muzzle_Individualized/cattle_4733/cattle_4733_DSCF8129.jpg,cattle_4733,29,train
BeefCattle_Muzzle_database/BeefCattle_Muzzle_Individualized/cattle_4733/cattle_4733_DSCF8107.jpg,cattle_4733,29,train
BeefCattle_Muzzle_database/BeefCattle_Muzzle_Individualized/cattle_4733/cattle_4733_DSCF8131.jpg,cattle_4733,29,train
BeefCattle_Muzzle_database/BeefCattle_Muzzle_Individualized/cattle_4733/cattle_4733_DSCF8128.jpg,cattle_4733,29,train
BeefCattle_Muzzle_database/BeefCattle_Muzzle_Individualized/cattle_4733/cattle_4733_DSCF8119.jpg,cattle_4733,29,train
BeefCattle_Muzzle_database/BeefCattle_Muzzle_Individualized/cattle_4733/cattle_4733_DSCF8109.jpg,cattle_4733,29,train
BeefCattle_Muzzle_database/BeefCattle_Muzzle_Individualized/cattle_4733/cattle_4733_DSCF8127.jpg,cattle_4733,29,train
BeefCattle_Muzzle_database/BeefCattle_Muzzle_Individualized/cattle_4733/cattle_4733_DSCF8115.jpg,cattle_4733,29,train
BeefCattle_Muzzle_database/BeefCattle_Muzzle_Individualized/cattle_4733/cattle_4733_DSCF8121.jpg,cattle_4733,29,train
BeefCattle_Muzzle_database/BeefCattle_Muzzle_Individualized/cattle_4733/cattle_4733_DSCF8123.jpg,cattle_4733,29,train
BeefCattle_Muzzle_database/BeefCattle_Muzzle_Individualized/cattle_4733/cattle_4733_DSCF8112.jpg,cattle_4733,29,train
BeefCattle_Muzzle_database/BeefCattle_Muzzle_Individualized/cattle_4733/cattle_4733_DSCF8134.jpg,cattle_4733,29,train
BeefCattle_Muzzle_database/BeefCattle_Muzzle_Individualized/cattle_4733/cattle_4733_DSCF8122.jpg,cattle_4733,29,train
BeefCattle_Muzzle_database/BeefCattle_Muzzle_Individualized/cattle_4733/cattle_4733_DSCF8116.jpg,cattle_4733,29,train
BeefCattle_Muzzle_database/BeefCattle_Muzzle_Individualized/cattle_4733/cattle_4733_DSCF8135.jpg,cattle_4733,29,train
BeefCattle_Muzzle_database/BeefCattle_Muzzle_Individualized/cattle_4733/cattle_4733_DSCF8126.jpg,cattle_4733,29,train
BeefCattle_Muzzle_database/BeefCattle_Muzzle_Individualized/cattle_4733/cattle_4733_DSCF8118.jpg,cattle_4733,29,train
BeefCattle_Muzzle_database/BeefCattle_Muzzle_Individualized/cattle_4733/cattle_4733_DSCF8120.jpg,cattle_4733,29,train
BeefCattle_Muzzle_database/BeefCattle_Muzzle_Individualized/cattle_4733/cattle_4733_DSCF8110.jpg,cattle_4733,29,val
BeefCattle_Muzzle_database/BeefCattle_Muzzle_Individualized/cattle_4733/cattle_4733_DSCF8117.jpg,cattle_4733,29,val
BeefCattle_Muzzle_database/BeefCattle_Muzzle_Individualized/cattle_4733/cattle_4733_DSCF8130.jpg,cattle_4733,29,val
BeefCattle_Muzzle_database/BeefCattle_Muzzle_Individualized/cattle_4733/cattle_4733_DSCF8133.jpg,cattle_4733,29,val
BeefCattle_Muzzle_database/BeefCattle_Muzzle_Individualized/cattle_4733/cattle_4733_DSCF8125.jpg,cattle_4733,29,test
BeefCattle_Muzzle_database/BeefCattle_Muzzle_Individualized/cattle_4733/cattle_4733_DSCF8108.jpg,cattle_4733,29,test
BeefCattle_Muzzle_database/BeefCattle_Muzzle_Individualized/cattle_4733/cattle_4733_DSCF8124.jpg,cattle_4733,29,test
BeefCattle_Muzzle_database/BeefCattle_Muzzle_Individualized/cattle_4733/cattle_4733_DSCF8111.jpg,cattle_4733,29,test
BeefCattle_Muzzle_database/BeefCattle_Muzzle_Individualized/cattle_4733/cattle_4733_DSCF8132.jpg,cattle_4733,29,test
BeefCattle_Muzzle_database/BeefCattle_Muzzle_Individualized/cattle_4739/cattle_4739_DSCF0371.jpg,cattle_4739,26,train
BeefCattle_Muzzle_database/BeefCattle_Muzzle_Individualized/cattle_4739/cattle_4739_DSCF0383.jpg,cattle_4739,26,train
BeefCattle_Muzzle_database/BeefCattle_Muzzle_Individualized/cattle_4739/cattle_4739_DSCF0378.jpg,cattle_4739,26,train
BeefCattle_Muzzle_database/BeefCattle_Muzzle_Individualized/cattle_4739/cattle_4739_DSCF0387.jpg,cattle_4739,26,train
BeefCattle_Muzzle_database/BeefCattle_Muzzle_Individualized/cattle_4739/cattle_4739_DSCF0374.jpg,cattle_4739,26,train
BeefCattle_Muzzle_database/BeefCattle_Muzzle_Individualized/cattle_4739/cattle_4739_DSCF0363.jpg,cattle_4739,26,train
BeefCattle_Muzzle_database/BeefCattle_Muzzle_Individualized/cattle_4739/cattle_4739_DSCF0368.jpg,cattle_4739,26,train
BeefCattle_Muzzle_database/BeefCattle_Muzzle_Individualized/cattle_4739/cattle_4739_DSCF0376.jpg,cattle_4739,26,train
BeefCattle_Muzzle_database/BeefCattle_Muzzle_Individualized/cattle_4739/cattle_4739_DSCF0377.jpg,cattle_4739,26,train
BeefCattle_Muzzle_database/BeefCattle_Muzzle_Individualized/cattle_4739/cattle_4739_DSCF0372.jpg,cattle_4739,26,train
BeefCattle_Muzzle_database/BeefCattle_Muzzle_Individualized/cattle_4739/cattle_4739_DSCF0367.jpg,cattle_4739,26,train
BeefCattle_Muzzle_database/BeefCattle_Muzzle_Individualized/cattle_4739/cattle_4739_DSCF0382.jpg,cattle_4739,26,train
BeefCattle_Muzzle_database/BeefCattle_Muzzle_Individualized/cattle_4739/cattle_4739_DSCF0373.jpg,cattle_4739,26,train
BeefCattle_Muzzle_database/BeefCattle_Muzzle_Individualized/cattle_4739/cattle_4739_DSCF0366.jpg,cattle_4739,26,train
BeefCattle_Muzzle_database/BeefCattle_Muzzle_Individualized/cattle_4739/cattle_4739_DSCF0364.jpg,cattle_4739,26,train
BeefCattle_Muzzle_database/BeefCattle_Muzzle_Individualized/cattle_4739/cattle_4739_DSCF0384.jpg,cattle_4739,26,train
BeefCattle_Muzzle_database/BeefCattle_Muzzle_Individualized/cattle_4739/cattle_4739_DSCF0385.jpg,cattle_4739,26,train
BeefCattle_Muzzle_database/BeefCattle_Muzzle_Individualized/cattle_4739/cattle_4739_DSCF0362.jpg,cattle_4739,26,train
BeefCattle_Muzzle_database/BeefCattle_Muzzle_Individualized/cattle_4739/cattle_4739_DSCF0381.jpg,cattle_4739,26,val
BeefCattle_Muzzle_database/BeefCattle_Muzzle_Individualized/cattle_4739/cattle_4739_DSCF0379.jpg,cattle_4739,26,val
BeefCattle_Muzzle_database/BeefCattle_Muzzle_Individualized/cattle_4739/cattle_4739_DSCF0375.jpg,cattle_4739,26,val
BeefCattle_Muzzle_database/BeefCattle_Muzzle_Individualized/cattle_4739/cattle_4739_DSCF0369.jpg,cattle_4739,26,test
BeefCattle_Muzzle_database/BeefCattle_Muzzle_Individualized/cattle_4739/cattle_4739_DSCF0380.jpg,cattle_4739,26,test
BeefCattle_Muzzle_database/BeefCattle_Muzzle_Individualized/cattle_4739/cattle_4739_DSCF0370.jpg,cattle_4739,26,test
BeefCattle_Muzzle_database/BeefCattle_Muzzle_Individualized/cattle_4739/cattle_4739_DSCF0386.jpg,cattle_4739,26,test
BeefCattle_Muzzle_database/BeefCattle_Muzzle_Individualized/cattle_4739/cattle_4739_DSCF0365.jpg,cattle_4739,26,test
BeefCattle_Muzzle_database/BeefCattle_Muzzle_Individualized/cattle_4748/cattle_4748_DSCF1509.jpg,cattle_4748,15,train
BeefCattle_Muzzle_database/BeefCattle_Muzzle_Individualized/cattle_4748/cattle_4748_DSCF1504.jpg,cattle_4748,15,train
BeefCattle_Muzzle_database/BeefCattle_Muzzle_Individualized/cattle_4748/cattle_4748_DSCF1501.jpg,cattle_4748,15,train
BeefCattle_Muzzle_database/BeefCattle_Muzzle_Individualized/cattle_4748/cattle_4748_DSCF1502.jpg,cattle_4748,15,train
BeefCattle_Muzzle_database/BeefCattle_Muzzle_Individualized/cattle_4748/cattle_4748_DSCF1511.jpg,cattle_4748,15,train
BeefCattle_Muzzle_database/BeefCattle_Muzzle_Individualized/cattle_4748/cattle_4748_DSCF1499.jpg,cattle_4748,15,train
BeefCattle_Muzzle_database/BeefCattle_Muzzle_Individualized/cattle_4748/cattle_4748_DSCF1506.jpg,cattle_4748,15,train
BeefCattle_Muzzle_database/BeefCattle_Muzzle_Individualized/cattle_4748/cattle_4748_DSCF1510.jpg,cattle_4748,15,train
BeefCattle_Muzzle_database/BeefCattle_Muzzle_Individualized/cattle_4748/cattle_4748_DSCF1503.jpg,cattle_4748,15,train
BeefCattle_Muzzle_database/BeefCattle_Muzzle_Individualized/cattle_4748/cattle_4748_DSCF1500.jpg,cattle_4748,15,train
BeefCattle_Muzzle_database/BeefCattle_Muzzle_Individualized/cattle_4748/cattle_4748_DSCF1505.jpg,cattle_4748,15,val
BeefCattle_Muzzle_database/BeefCattle_Muzzle_Individualized/cattle_4748/cattle_4748_DSCF1498.jpg,cattle_4748,15,val
BeefCattle_Muzzle_database/BeefCattle_Muzzle_Individualized/cattle_4748/cattle_4748_DSCF1497.jpg,cattle_4748,15,test
BeefCattle_Muzzle_database/BeefCattle_Muzzle_Individualized/cattle_4748/cattle_4748_DSCF1507.jpg,cattle_4748,15,test
BeefCattle_Muzzle_database/BeefCattle_Muzzle_Individualized/cattle_4748/cattle_4748_DSCF1508.jpg,cattle_4748,15,test
BeefCattle_Muzzle_database/BeefCattle_Muzzle_Individualized/cattle_4770/cattle_4770_DSCF6730.jpg,cattle_4770,11,train
BeefCattle_Muzzle_database/BeefCattle_Muzzle_Individualized/cattle_4770/cattle_4770_DSCF6728.jpg,cattle_4770,11,train
BeefCattle_Muzzle_database/BeefCattle_Muzzle_Individualized/cattle_4770/cattle_4770_DSCF6727.jpg,cattle_4770,11,train
BeefCattle_Muzzle_database/BeefCattle_Muzzle_Individualized/cattle_4770/cattle_4770_DSCF6732.jpg,cattle_4770,11,train
BeefCattle_Muzzle_database/BeefCattle_Muzzle_Individualized/cattle_4770/cattle_4770_DSCF6729.jpg,cattle_4770,11,train
BeefCattle_Muzzle_database/BeefCattle_Muzzle_Individualized/cattle_4770/cattle_4770_DSCF6731.jpg,cattle_4770,11,train
BeefCattle_Muzzle_database/BeefCattle_Muzzle_Individualized/cattle_4770/cattle_4770_DSCF6782.jpg,cattle_4770,11,train
BeefCattle_Muzzle_database/BeefCattle_Muzzle_Individualized/cattle_4770/cattle_4770_DSCF6725.jpg,cattle_4770,11,val
BeefCattle_Muzzle_database/BeefCattle_Muzzle_Individualized/cattle_4770/cattle_4770_DSCF6726.jpg,cattle_4770,11,test
BeefCattle_Muzzle_database/BeefCattle_Muzzle_Individualized/cattle_4770/cattle_4770_DSCF6784.jpg,cattle_4770,11,test
BeefCattle_Muzzle_database/BeefCattle_Muzzle_Individualized/cattle_4770/cattle_4770_DSCF6783.jpg,cattle_4770,11,test
BeefCattle_Muzzle_database/BeefCattle_Muzzle_Individualized/cattle_4775/cattle_4775_DSCF6738.jpg,cattle_4775,15,train
BeefCattle_Muzzle_database/BeefCattle_Muzzle_Individualized/cattle_4775/cattle_4775_DSCF6743.jpg,cattle_4775,15,train
BeefCattle_Muzzle_database/BeefCattle_Muzzle_Individualized/cattle_4775/cattle_4775_DSCF6740.jpg,cattle_4775,15,train
BeefCattle_Muzzle_database/BeefCattle_Muzzle_Individualized/cattle_4775/cattle_4775_DSCF6735.jpg,cattle_4775,15,train
BeefCattle_Muzzle_database/BeefCattle_Muzzle_Individualized/cattle_4775/cattle_4775_DSCF6749.jpg,cattle_4775,15,train
BeefCattle_Muzzle_database/BeefCattle_Muzzle_Individualized/cattle_4775/cattle_4775_DSCF6736.jpg,cattle_4775,15,train
BeefCattle_Muzzle_database/BeefCattle_Muzzle_Individualized/cattle_4775/cattle_4775_DSCF6737.jpg,cattle_4775,15,train
BeefCattle_Muzzle_database/BeefCattle_Muzzle_Individualized/cattle_4775/cattle_4775_DSCF6746.jpg,cattle_4775,15,train
BeefCattle_Muzzle_database/BeefCattle_Muzzle_Individualized/cattle_4775/cattle_4775_DSCF6747.jpg,cattle_4775,15,train
BeefCattle_Muzzle_database/BeefCattle_Muzzle_Individualized/cattle_4775/cattle_4775_DSCF6744.jpg,cattle_4775,15,train
BeefCattle_Muzzle_database/BeefCattle_Muzzle_Individualized/cattle_4775/cattle_4775_DSCF6748.jpg,cattle_4775,15,val
BeefCattle_Muzzle_database/BeefCattle_Muzzle_Individualized/cattle_4775/cattle_4775_DSCF6741.jpg,cattle_4775,15,val
BeefCattle_Muzzle_database/BeefCattle_Muzzle_Individualized/cattle_4775/cattle_4775_DSCF6745.jpg,cattle_4775,15,test
BeefCattle_Muzzle_database/BeefCattle_Muzzle_Individualized/cattle_4775/cattle_4775_DSCF6742.jpg,cattle_4775,15,test
BeefCattle_Muzzle_database/BeefCattle_Muzzle_Individualized/cattle_4775/cattle_4775_DSCF6739.jpg,cattle_4775,15,test
BeefCattle_Muzzle_database/BeefCattle_Muzzle_Individualized/cattle_4776/cattle_4776_DSCF0606.jpg,cattle_4776,25,train
BeefCattle_Muzzle_database/BeefCattle_Muzzle_Individualized/cattle_4776/cattle_4776_DSCF0594.jpg,cattle_4776,25,train
BeefCattle_Muzzle_database/BeefCattle_Muzzle_Individualized/cattle_4776/cattle_4776_DSCF0597.jpg,cattle_4776,25,train
BeefCattle_Muzzle_database/BeefCattle_Muzzle_Individualized/cattle_4776/cattle_4776_DSCF0599.jpg,cattle_4776,25,train
BeefCattle_Muzzle_database/BeefCattle_Muzzle_Individualized/cattle_4776/cattle_4776_DSCF0591.jpg,cattle_4776,25,train
BeefCattle_Muzzle_database/BeefCattle_Muzzle_Individualized/cattle_4776/cattle_4776_DSCF0605.jpg,cattle_4776,25,train
BeefCattle_Muzzle_database/BeefCattle_Muzzle_Individualized/cattle_4776/cattle_4776_DSCF0600.jpg,cattle_4776,25,train
BeefCattle_Muzzle_database/BeefCattle_Muzzle_Individualized/cattle_4776/cattle_4776_DSCF0588.jpg,cattle_4776,25,train
BeefCattle_Muzzle_database/BeefCattle_Muzzle_Individualized/cattle_4776/cattle_4776_DSCF0596.jpg,cattle_4776,25,train
BeefCattle_Muzzle_database/BeefCattle_Muzzle_Individualized/cattle_4776/cattle_4776_DSCF0590.jpg,cattle_4776,25,train
BeefCattle_Muzzle_database/BeefCattle_Muzzle_Individualized/cattle_4776/cattle_4776_DSCF0610.jpg,cattle_4776,25,train
BeefCattle_Muzzle_database/BeefCattle_Muzzle_Individualized/cattle_4776/cattle_4776_DSCF0598.jpg,cattle_4776,25,train
BeefCattle_Muzzle_database/BeefCattle_Muzzle_Individualized/cattle_4776/cattle_4776_DSCF0586.jpg,cattle_4776,25,train
BeefCattle_Muzzle_database/BeefCattle_Muzzle_Individualized/cattle_4776/cattle_4776_DSCF0603.jpg,cattle_4776,25,train
BeefCattle_Muzzle_database/BeefCattle_Muzzle_Individualized/cattle_4776/cattle_4776_DSCF0592.jpg,cattle_4776,25,train
BeefCattle_Muzzle_database/BeefCattle_Muzzle_Individualized/cattle_4776/cattle_4776_DSCF0593.jpg,cattle_4776,25,train
BeefCattle_Muzzle_database/BeefCattle_Muzzle_Individualized/cattle_4776/cattle_4776_DSCF0587.jpg,cattle_4776,25,train
BeefCattle_Muzzle_database/BeefCattle_Muzzle_Individualized/cattle_4776/cattle_4776_DSCF0609.jpg,cattle_4776,25,val
BeefCattle_Muzzle_database/BeefCattle_Muzzle_Individualized/cattle_4776/cattle_4776_DSCF0602.jpg,cattle_4776,25,val
BeefCattle_Muzzle_database/BeefCattle_Muzzle_Individualized/cattle_4776/cattle_4776_DSCF0601.jpg,cattle_4776,25,val
BeefCattle_Muzzle_database/BeefCattle_Muzzle_Individualized/cattle_4776/cattle_4776_DSCF0604.jpg,cattle_4776,25,test
BeefCattle_Muzzle_database/BeefCattle_Muzzle_Individualized/cattle_4776/cattle_4776_DSCF0608.jpg,cattle_4776,25,test
BeefCattle_Muzzle_database/BeefCattle_Muzzle_Individualized/cattle_4776/cattle_4776_DSCF0607.jpg,cattle_4776,25,test
BeefCattle_Muzzle_database/BeefCattle_Muzzle_Individualized/cattle_4776/cattle_4776_DSCF0595.jpg,cattle_4776,25,test
BeefCattle_Muzzle_database/BeefCattle_Muzzle_Individualized/cattle_4776/cattle_4776_DSCF0589.jpg,cattle_4776,25,test
BeefCattle_Muzzle_database/BeefCattle_Muzzle_Individualized/cattle_4804/cattle_4804_DSCF0753.jpg,cattle_4804,15,train
BeefCattle_Muzzle_database/BeefCattle_Muzzle_Individualized/cattle_4804/cattle_4804_DSCF0762.jpg,cattle_4804,15,train
BeefCattle_Muzzle_database/BeefCattle_Muzzle_Individualized/cattle_4804/cattle_4804_DSCF0749.jpg,cattle_4804,15,train
BeefCattle_Muzzle_database/BeefCattle_Muzzle_Individualized/cattle_4804/cattle_4804_DSCF0748.jpg,cattle_4804,15,train
BeefCattle_Muzzle_database/BeefCattle_Muzzle_Individualized/cattle_4804/cattle_4804_DSCF0758.jpg,cattle_4804,15,train
BeefCattle_Muzzle_database/BeefCattle_Muzzle_Individualized/cattle_4804/cattle_4804_DSCF0757.jpg,cattle_4804,15,train
BeefCattle_Muzzle_database/BeefCattle_Muzzle_Individualized/cattle_4804/cattle_4804_DSCF0752.jpg,cattle_4804,15,train
BeefCattle_Muzzle_database/BeefCattle_Muzzle_Individualized/cattle_4804/cattle_4804_DSCF0751.jpg,cattle_4804,15,train
BeefCattle_Muzzle_database/BeefCattle_Muzzle_Individualized/cattle_4804/cattle_4804_DSCF0756.jpg,cattle_4804,15,train
BeefCattle_Muzzle_database/BeefCattle_Muzzle_Individualized/cattle_4804/cattle_4804_DSCF0760.jpg,cattle_4804,15,train
BeefCattle_Muzzle_database/BeefCattle_Muzzle_Individualized/cattle_4804/cattle_4804_DSCF0761.jpg,cattle_4804,15,val
BeefCattle_Muzzle_database/BeefCattle_Muzzle_Individualized/cattle_4804/cattle_4804_DSCF0750.jpg,cattle_4804,15,val
BeefCattle_Muzzle_database/BeefCattle_Muzzle_Individualized/cattle_4804/cattle_4804_DSCF0754.jpg,cattle_4804,15,test
BeefCattle_Muzzle_database/BeefCattle_Muzzle_Individualized/cattle_4804/cattle_4804_DSCF0759.jpg,cattle_4804,15,test
BeefCattle_Muzzle_database/BeefCattle_Muzzle_Individualized/cattle_4804/cattle_4804_DSCF0755.jpg,cattle_4804,15,test
BeefCattle_Muzzle_database/BeefCattle_Muzzle_Individualized/cattle_4819/cattle_4819_DSCF9446.jpg,cattle_4819,18,train
BeefCattle_Muzzle_database/BeefCattle_Muzzle_Individualized/cattle_4819/cattle_4819_DSCF9443.jpg,cattle_4819,18,train
BeefCattle_Muzzle_database/BeefCattle_Muzzle_Individualized/cattle_4819/cattle_4819_DSCF9456.jpg,cattle_4819,18,train
BeefCattle_Muzzle_database/BeefCattle_Muzzle_Individualized/cattle_4819/cattle_4819_DSCF9451.jpg,cattle_4819,18,train
BeefCattle_Muzzle_database/BeefCattle_Muzzle_Individualized/cattle_4819/cattle_4819_DSCF9442.jpg,cattle_4819,18,train
BeefCattle_Muzzle_database/BeefCattle_Muzzle_Individualized/cattle_4819/cattle_4819_DSCF9455.jpg,cattle_4819,18,train
BeefCattle_Muzzle_database/BeefCattle_Muzzle_Individualized/cattle_4819/cattle_4819_DSCF9441.jpg,cattle_4819,18,train
BeefCattle_Muzzle_database/BeefCattle_Muzzle_Individualized/cattle_4819/cattle_4819_DSCF9447.jpg,cattle_4819,18,train
BeefCattle_Muzzle_database/BeefCattle_Muzzle_Individualized/cattle_4819/cattle_4819_DSCF9449.jpg,cattle_4819,18,train
BeefCattle_Muzzle_database/BeefCattle_Muzzle_Individualized/cattle_4819/cattle_4819_DSCF9450.jpg,cattle_4819,18,train
BeefCattle_Muzzle_database/BeefCattle_Muzzle_Individualized/cattle_4819/cattle_4819_DSCF9445.jpg,cattle_4819,18,train
BeefCattle_Muzzle_database/BeefCattle_Muzzle_Individualized/cattle_4819/cattle_4819_DSCF9448.jpg,cattle_4819,18,train
BeefCattle_Muzzle_database/BeefCattle_Muzzle_Individualized/cattle_4819/cattle_4819_DSCF9444.jpg,cattle_4819,18,val
BeefCattle_Muzzle_database/BeefCattle_Muzzle_Individualized/cattle_4819/cattle_4819_DSCF9440.jpg,cattle_4819,18,val
BeefCattle_Muzzle_database/BeefCattle_Muzzle_Individualized/cattle_4819/cattle_4819_DSCF9454.jpg,cattle_4819,18,test
BeefCattle_Muzzle_database/BeefCattle_Muzzle_Individualized/cattle_4819/cattle_4819_DSCF9453.jpg,cattle_4819,18,test
BeefCattle_Muzzle_database/BeefCattle_Muzzle_Individualized/cattle_4819/cattle_4819_DSCF9439.jpg,cattle_4819,18,test
BeefCattle_Muzzle_database/BeefCattle_Muzzle_Individualized/cattle_4819/cattle_4819_DSCF9452.jpg,cattle_4819,18,test
BeefCattle_Muzzle_database/BeefCattle_Muzzle_Individualized/cattle_4820/cattle_4820_DSCF7857.jpg,cattle_4820,38,train
BeefCattle_Muzzle_database/BeefCattle_Muzzle_Individualized/cattle_4820/cattle_4820_DSCF7847.jpg,cattle_4820,38,train
BeefCattle_Muzzle_database/BeefCattle_Muzzle_Individualized/cattle_4820/cattle_4820_DSCF7860.jpg,cattle_4820,38,train
BeefCattle_Muzzle_database/BeefCattle_Muzzle_Individualized/cattle_4820/cattle_4820_DSCF7851.jpg,cattle_4820,38,train
BeefCattle_Muzzle_database/BeefCattle_Muzzle_Individualized/cattle_4820/cattle_4820_DSCF8185.jpg,cattle_4820,38,train
BeefCattle_Muzzle_database/BeefCattle_Muzzle_Individualized/cattle_4820/cattle_4820_DSCF8178.jpg,cattle_4820,38,train
BeefCattle_Muzzle_database/BeefCattle_Muzzle_Individualized/cattle_4820/cattle_4820_DSCF8175.jpg,cattle_4820,38,train
BeefCattle_Muzzle_database/BeefCattle_Muzzle_Individualized/cattle_4820/cattle_4820_DSCF7848.jpg,cattle_4820,38,train
BeefCattle_Muzzle_database/BeefCattle_Muzzle_Individualized/cattle_4820/cattle_4820_DSCF8170.jpg,cattle_4820,38,train
BeefCattle_Muzzle_database/BeefCattle_Muzzle_Individualized/cattle_4820/cattle_4820_DSCF8172.jpg,cattle_4820,38,train
BeefCattle_Muzzle_database/BeefCattle_Muzzle_Individualized/cattle_4820/cattle_4820_DSCF8174.jpg,cattle_4820,38,train
BeefCattle_Muzzle_database/BeefCattle_Muzzle_Individualized/cattle_4820/cattle_4820_DSCF8166.jpg,cattle_4820,38,train
BeefCattle_Muzzle_database/BeefCattle_Muzzle_Individualized/cattle_4820/cattle_4820_DSCF8173.jpg,cattle_4820,38,train
BeefCattle_Muzzle_database/BeefCattle_Muzzle_Individualized/cattle_4820/cattle_4820_DSCF8179.jpg,cattle_4820,38,train
BeefCattle_Muzzle_database/BeefCattle_Muzzle_Individualized/cattle_4820/cattle_4820_DSCF8167.jpg,cattle_4820,38,train
BeefCattle_Muzzle_database/BeefCattle_Muzzle_Individualized/cattle_4820/cattle_4820_DSCF8186.jpg,cattle_4820,38,train
BeefCattle_Muzzle_database/BeefCattle_Muzzle_Individualized/cattle_4820/cattle_4820_DSCF8183.jpg,cattle_4820,38,train
BeefCattle_Muzzle_database/BeefCattle_Muzzle_Individualized/cattle_4820/cattle_4820_DSCF7850.jpg,cattle_4820,38,train
BeefCattle_Muzzle_database/BeefCattle_Muzzle_Individualized/cattle_4820/cattle_4820_DSCF8181.jpg,cattle_4820,38,train
BeefCattle_Muzzle_database/BeefCattle_Muzzle_Individualized/cattle_4820/cattle_4820_DSCF8184.jpg,cattle_4820,38,train
BeefCattle_Muzzle_database/BeefCattle_Muzzle_Individualized/cattle_4820/cattle_4820_DSCF8188.jpg,cattle_4820,38,train
BeefCattle_Muzzle_database/BeefCattle_Muzzle_Individualized/cattle_4820/cattle_4820_DSCF8177.jpg,cattle_4820,38,train
BeefCattle_Muzzle_database/BeefCattle_Muzzle_Individualized/cattle_4820/cattle_4820_DSCF7854.jpg,cattle_4820,38,train
BeefCattle_Muzzle_database/BeefCattle_Muzzle_Individualized/cattle_4820/cattle_4820_DSCF7859.jpg,cattle_4820,38,train
BeefCattle_Muzzle_database/BeefCattle_Muzzle_Individualized/cattle_4820/cattle_4820_DSCF8189.jpg,cattle_4820,38,train
BeefCattle_Muzzle_database/BeefCattle_Muzzle_Individualized/cattle_4820/cattle_4820_DSCF7858.jpg,cattle_4820,38,train
BeefCattle_Muzzle_database/BeefCattle_Muzzle_Individualized/cattle_4820/cattle_4820_DSCF8190.jpg,cattle_4820,38,val
BeefCattle_Muzzle_database/BeefCattle_Muzzle_Individualized/cattle_4820/cattle_4820_DSCF7849.jpg,cattle_4820,38,val
BeefCattle_Muzzle_database/BeefCattle_Muzzle_Individualized/cattle_4820/cattle_4820_DSCF8169.jpg,cattle_4820,38,val
BeefCattle_Muzzle_database/BeefCattle_Muzzle_Individualized/cattle_4820/cattle_4820_DSCF8165.jpg,cattle_4820,38,val
BeefCattle_Muzzle_database/BeefCattle_Muzzle_Individualized/cattle_4820/cattle_4820_DSCF8171.jpg,cattle_4820,38,val
BeefCattle_Muzzle_database/BeefCattle_Muzzle_Individualized/cattle_4820/cattle_4820_DSCF8187.jpg,cattle_4820,38,test
BeefCattle_Muzzle_database/BeefCattle_Muzzle_Individualized/cattle_4820/cattle_4820_DSCF8168.jpg,cattle_4820,38,test
BeefCattle_Muzzle_database/BeefCattle_Muzzle_Individualized/cattle_4820/cattle_4820_DSCF7853.jpg,cattle_4820,38,test
BeefCattle_Muzzle_database/BeefCattle_Muzzle_Individualized/cattle_4820/cattle_4820_DSCF8180.jpg,cattle_4820,38,test
BeefCattle_Muzzle_database/BeefCattle_Muzzle_Individualized/cattle_4820/cattle_4820_DSCF7852.jpg,cattle_4820,38,test
BeefCattle_Muzzle_database/BeefCattle_Muzzle_Individualized/cattle_4820/cattle_4820_DSCF8176.jpg,cattle_4820,38,test
BeefCattle_Muzzle_database/BeefCattle_Muzzle_Individualized/cattle_4820/cattle_4820_DSCF8182.jpg,cattle_4820,38,test
BeefCattle_Muzzle_database/BeefCattle_Muzzle_Individualized/cattle_4833/cattle_4833_DSCF9599.jpg,cattle_4833,26,train
BeefCattle_Muzzle_database/BeefCattle_Muzzle_Individualized/cattle_4833/cattle_4833_DSCF9578.jpg,cattle_4833,26,train
BeefCattle_Muzzle_database/BeefCattle_Muzzle_Individualized/cattle_4833/cattle_4833_DSCF9590.jpg,cattle_4833,26,train
BeefCattle_Muzzle_database/BeefCattle_Muzzle_Individualized/cattle_4833/cattle_4833_DSCF9581.jpg,cattle_4833,26,train
BeefCattle_Muzzle_database/BeefCattle_Muzzle_Individualized/cattle_4833/cattle_4833_DSCF9597.jpg,cattle_4833,26,train
BeefCattle_Muzzle_database/BeefCattle_Muzzle_Individualized/cattle_4833/cattle_4833_DSCF9583.jpg,cattle_4833,26,train
BeefCattle_Muzzle_database/BeefCattle_Muzzle_Individualized/cattle_4833/cattle_4833_DSCF9595.jpg,cattle_4833,26,train
BeefCattle_Muzzle_database/BeefCattle_Muzzle_Individualized/cattle_4833/cattle_4833_DSCF9575.jpg,cattle_4833,26,train
BeefCattle_Muzzle_database/BeefCattle_Muzzle_Individualized/cattle_4833/cattle_4833_DSCF9584.jpg,cattle_4833,26,train
BeefCattle_Muzzle_database/BeefCattle_Muzzle_Individualized/cattle_4833/cattle_4833_DSCF9579.jpg,cattle_4833,26,train
BeefCattle_Muzzle_database/BeefCattle_Muzzle_Individualized/cattle_4833/cattle_4833_DSCF9586.jpg,cattle_4833,26,train
BeefCattle_Muzzle_database/BeefCattle_Muzzle_Individualized/cattle_4833/cattle_4833_DSCF9591.jpg,cattle_4833,26,train
BeefCattle_Muzzle_database/BeefCattle_Muzzle_Individualized/cattle_4833/cattle_4833_DSCF9576.jpg,cattle_4833,26,train
BeefCattle_Muzzle_database/BeefCattle_Muzzle_Individualized/cattle_4833/cattle_4833_DSCF9582.jpg,cattle_4833,26,train
BeefCattle_Muzzle_database/BeefCattle_Muzzle_Individualized/cattle_4833/cattle_4833_DSCF9600.jpg,cattle_4833,26,train
BeefCattle_Muzzle_database/BeefCattle_Muzzle_Individualized/cattle_4833/cattle_4833_DSCF9594.jpg,cattle_4833,26,train
BeefCattle_Muzzle_database/BeefCattle_Muzzle_Individualized/cattle_4833/cattle_4833_DSCF9585.jpg,cattle_4833,26,train
BeefCattle_Muzzle_database/BeefCattle_Muzzle_Individualized/cattle_4833/cattle_4833_DSCF9596.jpg,cattle_4833,26,train
BeefCattle_Muzzle_database/BeefCattle_Muzzle_Individualized/cattle_4833/cattle_4833_DSCF9592.jpg,cattle_4833,26,val
BeefCattle_Muzzle_database/BeefCattle_Muzzle_Individualized/cattle_4833/cattle_4833_DSCF9593.jpg,cattle_4833,26,val
BeefCattle_Muzzle_database/BeefCattle_Muzzle_Individualized/cattle_4833/cattle_4833_DSCF9601.jpg,cattle_4833,26,val
BeefCattle_Muzzle_database/BeefCattle_Muzzle_Individualized/cattle_4833/cattle_4833_DSCF9580.jpg,cattle_4833,26,test
BeefCattle_Muzzle_database/BeefCattle_Muzzle_Individualized/cattle_4833/cattle_4833_DSCF9577.jpg,cattle_4833,26,test
BeefCattle_Muzzle_database/BeefCattle_Muzzle_Individualized/cattle_4833/cattle_4833_DSCF9598.jpg,cattle_4833,26,test
BeefCattle_Muzzle_database/BeefCattle_Muzzle_Individualized/cattle_4833/cattle_4833_DSCF9603.jpg,cattle_4833,26,test
BeefCattle_Muzzle_database/BeefCattle_Muzzle_Individualized/cattle_4833/cattle_4833_DSCF9602.jpg,cattle_4833,26,test
BeefCattle_Muzzle_database/BeefCattle_Muzzle_Individualized/cattle_4839/cattle_4839_DSCF7790.jpg,cattle_4839,26,train
BeefCattle_Muzzle_database/BeefCattle_Muzzle_Individualized/cattle_4839/cattle_4839_DSCF7779.jpg,cattle_4839,26,train
BeefCattle_Muzzle_database/BeefCattle_Muzzle_Individualized/cattle_4839/cattle_4839_DSCF7788.jpg,cattle_4839,26,train
BeefCattle_Muzzle_database/BeefCattle_Muzzle_Individualized/cattle_4839/cattle_4839_DSCF7783.jpg,cattle_4839,26,train
BeefCattle_Muzzle_database/BeefCattle_Muzzle_Individualized/cattle_4839/cattle_4839_DSCF7781.jpg,cattle_4839,26,train
BeefCattle_Muzzle_database/BeefCattle_Muzzle_Individualized/cattle_4839/cattle_4839_DSCF7816.jpg,cattle_4839,26,train
BeefCattle_Muzzle_database/BeefCattle_Muzzle_Individualized/cattle_4839/cattle_4839_DSCF7775.jpg,cattle_4839,26,train
BeefCattle_Muzzle_database/BeefCattle_Muzzle_Individualized/cattle_4839/cattle_4839_DSCF7794.jpg,cattle_4839,26,train
BeefCattle_Muzzle_database/BeefCattle_Muzzle_Individualized/cattle_4839/cattle_4839_DSCF7793.jpg,cattle_4839,26,train
BeefCattle_Muzzle_database/BeefCattle_Muzzle_Individualized/cattle_4839/cattle_4839_DSCF7780.jpg,cattle_4839,26,train
BeefCattle_Muzzle_database/BeefCattle_Muzzle_Individualized/cattle_4839/cattle_4839_DSCF7778.jpg,cattle_4839,26,train
BeefCattle_Muzzle_database/BeefCattle_Muzzle_Individualized/cattle_4839/cattle_4839_DSCF7785.jpg,cattle_4839,26,train
BeefCattle_Muzzle_database/BeefCattle_Muzzle_Individualized/cattle_4839/cattle_4839_DSCF7815.jpg,cattle_4839,26,train
BeefCattle_Muzzle_database/BeefCattle_Muzzle_Individualized/cattle_4839/cattle_4839_DSCF7792.jpg,cattle_4839,26,train
BeefCattle_Muzzle_database/BeefCattle_Muzzle_Individualized/cattle_4839/cattle_4839_DSCF7782.jpg,cattle_4839,26,train
BeefCattle_Muzzle_database/BeefCattle_Muzzle_Individualized/cattle_4839/cattle_4839_DSCF7817.jpg,cattle_4839,26,train
BeefCattle_Muzzle_database/BeefCattle_Muzzle_Individualized/cattle_4839/cattle_4839_DSCF7789.jpg,cattle_4839,26,train
BeefCattle_Muzzle_database/BeefCattle_Muzzle_Individualized/cattle_4839/cattle_4839_DSCF7787.jpg,cattle_4839,26,train
BeefCattle_Muzzle_database/BeefCattle_Muzzle_Individualized/cattle_4839/cattle_4839_DSCF7791.jpg,cattle_4839,26,val
BeefCattle_Muzzle_database/BeefCattle_Muzzle_Individualized/cattle_4839/cattle_4839_DSCF7796.jpg,cattle_4839,26,val
BeefCattle_Muzzle_database/BeefCattle_Muzzle_Individualized/cattle_4839/cattle_4839_DSCF7795.jpg,cattle_4839,26,val
BeefCattle_Muzzle_database/BeefCattle_Muzzle_Individualized/cattle_4839/cattle_4839_DSCF7777.jpg,cattle_4839,26,test
BeefCattle_Muzzle_database/BeefCattle_Muzzle_Individualized/cattle_4839/cattle_4839_DSCF7784.jpg,cattle_4839,26,test
BeefCattle_Muzzle_database/BeefCattle_Muzzle_Individualized/cattle_4839/cattle_4839_DSCF7786.jpg,cattle_4839,26,test
BeefCattle_Muzzle_database/BeefCattle_Muzzle_Individualized/cattle_4839/cattle_4839_DSCF7818.jpg,cattle_4839,26,test
BeefCattle_Muzzle_database/BeefCattle_Muzzle_Individualized/cattle_4839/cattle_4839_DSCF7776.jpg,cattle_4839,26,test
BeefCattle_Muzzle_database/BeefCattle_Muzzle_Individualized/cattle_4840/cattle_4840_DSCF7789.jpg,cattle_4840,16,train
BeefCattle_Muzzle_database/BeefCattle_Muzzle_Individualized/cattle_4840/cattle_4840_DSCF7779.jpg,cattle_4840,16,train
BeefCattle_Muzzle_database/BeefCattle_Muzzle_Individualized/cattle_4840/cattle_4840_DSCF7776.jpg,cattle_4840,16,train
BeefCattle_Muzzle_database/BeefCattle_Muzzle_Individualized/cattle_4840/cattle_4840_DSCF7788.jpg,cattle_4840,16,train
BeefCattle_Muzzle_database/BeefCattle_Muzzle_Individualized/cattle_4840/cattle_4840_DSCF7790.jpg,cattle_4840,16,train
BeefCattle_Muzzle_database/BeefCattle_Muzzle_Individualized/cattle_4840/cattle_4840_DSCF7781.jpg,cattle_4840,16,train
BeefCattle_Muzzle_database/BeefCattle_Muzzle_Individualized/cattle_4840/cattle_4840_DSCF7785.jpg,cattle_4840,16,train
BeefCattle_Muzzle_database/BeefCattle_Muzzle_Individualized/cattle_4840/cattle_4840_DSCF7777.jpg,cattle_4840,16,train
BeefCattle_Muzzle_database/BeefCattle_Muzzle_Individualized/cattle_4840/cattle_4840_DSCF7784.jpg,cattle_4840,16,train
BeefCattle_Muzzle_database/BeefCattle_Muzzle_Individualized/cattle_4840/cattle_4840_DSCF7783.jpg,cattle_4840,16,train
BeefCattle_Muzzle_database/BeefCattle_Muzzle_Individualized/cattle_4840/cattle_4840_DSCF7787.jpg,cattle_4840,16,train
BeefCattle_Muzzle_database/BeefCattle_Muzzle_Individualized/cattle_4840/cattle_4840_DSCF7782.jpg,cattle_4840,16,val
BeefCattle_Muzzle_database/BeefCattle_Muzzle_Individualized/cattle_4840/cattle_4840_DSCF7786.jpg,cattle_4840,16,val
BeefCattle_Muzzle_database/BeefCattle_Muzzle_Individualized/cattle_4840/cattle_4840_DSCF7778.jpg,cattle_4840,16,test
BeefCattle_Muzzle_database/BeefCattle_Muzzle_Individualized/cattle_4840/cattle_4840_DSCF7775.jpg,cattle_4840,16,test
BeefCattle_Muzzle_database/BeefCattle_Muzzle_Individualized/cattle_4840/cattle_4840_DSCF7780.jpg,cattle_4840,16,test
BeefCattle_Muzzle_database/BeefCattle_Muzzle_Individualized/cattle_4895/cattle_4895_DSCF7308.jpg,cattle_4895,24,train
BeefCattle_Muzzle_database/BeefCattle_Muzzle_Individualized/cattle_4895/cattle_4895_DSCF7912.jpg,cattle_4895,24,train
BeefCattle_Muzzle_database/BeefCattle_Muzzle_Individualized/cattle_4895/cattle_4895_DSCF7314.jpg,cattle_4895,24,train
BeefCattle_Muzzle_database/BeefCattle_Muzzle_Individualized/cattle_4895/cattle_4895_DSCF7911.jpg,cattle_4895,24,train
BeefCattle_Muzzle_database/BeefCattle_Muzzle_Individualized/cattle_4895/cattle_4895_DSCF7315.jpg,cattle_4895,24,train
BeefCattle_Muzzle_database/BeefCattle_Muzzle_Individualized/cattle_4895/cattle_4895_DSCF7316.jpg,cattle_4895,24,train
BeefCattle_Muzzle_database/BeefCattle_Muzzle_Individualized/cattle_4895/cattle_4895_DSCF7321.jpg,cattle_4895,24,train
BeefCattle_Muzzle_database/BeefCattle_Muzzle_Individualized/cattle_4895/cattle_4895_DSCF7919.jpg,cattle_4895,24,train
BeefCattle_Muzzle_database/BeefCattle_Muzzle_Individualized/cattle_4895/cattle_4895_DSCF7313.jpg,cattle_4895,24,train
BeefCattle_Muzzle_database/BeefCattle_Muzzle_Individualized/cattle_4895/cattle_4895_DSCF7914.jpg,cattle_4895,24,train
BeefCattle_Muzzle_database/BeefCattle_Muzzle_Individualized/cattle_4895/cattle_4895_DSCF7317.jpg,cattle_4895,24,train
BeefCattle_Muzzle_database/BeefCattle_Muzzle_Individualized/cattle_4895/cattle_4895_DSCF7913.jpg,cattle_4895,24,train
BeefCattle_Muzzle_database/BeefCattle_Muzzle_Individualized/cattle_4895/cattle_4895_DSCF7319.jpg,cattle_4895,24,train
BeefCattle_Muzzle_database/BeefCattle_Muzzle_Individualized/cattle_4895/cattle_4895_DSCF7910.jpg,cattle_4895,24,train
BeefCattle_Muzzle_database/BeefCattle_Muzzle_Individualized/cattle_4895/cattle_4895_DSCF7312.jpg,cattle_4895,24,train
BeefCattle_Muzzle_database/BeefCattle_Muzzle_Individualized/cattle_4895/cattle_4895_DSCF7320.jpg,cattle_4895,24,train
BeefCattle_Muzzle_database/BeefCattle_Muzzle_Individualized/cattle_4895/cattle_4895_DSCF7311.jpg,cattle_4895,24,val
BeefCattle_Muzzle_database/BeefCattle_Muzzle_Individualized/cattle_4895/cattle_4895_DSCF7918.jpg,cattle_4895,24,val
BeefCattle_Muzzle_database/BeefCattle_Muzzle_Individualized/cattle_4895/cattle_4895_DSCF7310.jpg,cattle_4895,24,val
BeefCattle_Muzzle_database/BeefCattle_Muzzle_Individualized/cattle_4895/cattle_4895_DSCF7318.jpg,cattle_4895,24,test
BeefCattle_Muzzle_database/BeefCattle_Muzzle_Individualized/cattle_4895/cattle_4895_DSCF7916.jpg,cattle_4895,24,test
BeefCattle_Muzzle_database/BeefCattle_Muzzle_Individualized/cattle_4895/cattle_4895_DSCF7309.jpg,cattle_4895,24,test
BeefCattle_Muzzle_database/BeefCattle_Muzzle_Individualized/cattle_4895/cattle_4895_DSCF7915.jpg,cattle_4895,24,test
BeefCattle_Muzzle_database/BeefCattle_Muzzle_Individualized/cattle_4895/cattle_4895_DSCF7917.jpg,cattle_4895,24,test
BeefCattle_Muzzle_database/BeefCattle_Muzzle_Individualized/cattle_4915/cattle_4915_DSCF9503.jpg,cattle_4915,30,train
BeefCattle_Muzzle_database/BeefCattle_Muzzle_Individualized/cattle_4915/cattle_4915_DSCF9496.jpg,cattle_4915,30,train
BeefCattle_Muzzle_database/BeefCattle_Muzzle_Individualized/cattle_4915/cattle_4915_DSCF9511.jpg,cattle_4915,30,train
BeefCattle_Muzzle_database/BeefCattle_Muzzle_Individualized/cattle_4915/cattle_4915_DSCF9502.jpg,cattle_4915,30,train
BeefCattle_Muzzle_database/BeefCattle_Muzzle_Individualized/cattle_4915/cattle_4915_DSCF9513.jpg,cattle_4915,30,train
BeefCattle_Muzzle_database/BeefCattle_Muzzle_Individualized/cattle_4915/cattle_4915_DSCF9494.jpg,cattle_4915,30,train
BeefCattle_Muzzle_database/BeefCattle_Muzzle_Individualized/cattle_4915/cattle_4915_DSCF9489.jpg,cattle_4915,30,train
BeefCattle_Muzzle_database/BeefCattle_Muzzle_Individualized/cattle_4915/cattle_4915_DSCF9509.jpg,cattle_4915,30,train
BeefCattle_Muzzle_database/BeefCattle_Muzzle_Individualized/cattle_4915/cattle_4915_DSCF9495.jpg,cattle_4915,30,train
BeefCattle_Muzzle_database/BeefCattle_Muzzle_Individualized/cattle_4915/cattle_4915_DSCF9512.jpg,cattle_4915,30,train
BeefCattle_Muzzle_database/BeefCattle_Muzzle_Individualized/cattle_4915/cattle_4915_DSCF9491.jpg,cattle_4915,30,train
BeefCattle_Muzzle_database/BeefCattle_Muzzle_Individualized/cattle_4915/cattle_4915_DSCF9506.jpg,cattle_4915,30,train
BeefCattle_Muzzle_database/BeefCattle_Muzzle_Individualized/cattle_4915/cattle_4915_DSCF9515.jpg,cattle_4915,30,train
BeefCattle_Muzzle_database/BeefCattle_Muzzle_Individualized/cattle_4915/cattle_4915_DSCF9493.jpg,cattle_4915,30,train
BeefCattle_Muzzle_database/BeefCattle_Muzzle_Individualized/cattle_4915/cattle_4915_DSCF9488.jpg,cattle_4915,30,train
BeefCattle_Muzzle_database/BeefCattle_Muzzle_Individualized/cattle_4915/cattle_4915_DSCF9499.jpg,cattle_4915,30,train
BeefCattle_Muzzle_database/BeefCattle_Muzzle_Individualized/cattle_4915/cattle_4915_DSCF9516.jpg,cattle_4915,30,train
BeefCattle_Muzzle_database/BeefCattle_Muzzle_Individualized/cattle_4915/cattle_4915_DSCF9501.jpg,cattle_4915,30,train
BeefCattle_Muzzle_database/BeefCattle_Muzzle_Individualized/cattle_4915/cattle_4915_DSCF9514.jpg,cattle_4915,30,train
BeefCattle_Muzzle_database/BeefCattle_Muzzle_Individualized/cattle_4915/cattle_4915_DSCF9504.jpg,cattle_4915,30,train
BeefCattle_Muzzle_database/BeefCattle_Muzzle_Individualized/cattle_4915/cattle_4915_DSCF9517.jpg,cattle_4915,30,train
BeefCattle_Muzzle_database/BeefCattle_Muzzle_Individualized/cattle_4915/cattle_4915_DSCF9498.jpg,cattle_4915,30,val
BeefCattle_Muzzle_database/BeefCattle_Muzzle_Individualized/cattle_4915/cattle_4915_DSCF9508.jpg,cattle_4915,30,val
BeefCattle_Muzzle_database/BeefCattle_Muzzle_Individualized/cattle_4915/cattle_4915_DSCF9500.jpg,cattle_4915,30,val
BeefCattle_Muzzle_database/BeefCattle_Muzzle_Individualized/cattle_4915/cattle_4915_DSCF9505.jpg,cattle_4915,30,val
BeefCattle_Muzzle_database/BeefCattle_Muzzle_Individualized/cattle_4915/cattle_4915_DSCF9497.jpg,cattle_4915,30,test
BeefCattle_Muzzle_database/BeefCattle_Muzzle_Individualized/cattle_4915/cattle_4915_DSCF9490.jpg,cattle_4915,30,test
BeefCattle_Muzzle_database/BeefCattle_Muzzle_Individualized/cattle_4915/cattle_4915_DSCF9510.jpg,cattle_4915,30,test
BeefCattle_Muzzle_database/BeefCattle_Muzzle_Individualized/cattle_4915/cattle_4915_DSCF9507.jpg,cattle_4915,30,test
BeefCattle_Muzzle_database/BeefCattle_Muzzle_Individualized/cattle_4915/cattle_4915_DSCF9492.jpg,cattle_4915,30,test
BeefCattle_Muzzle_database/BeefCattle_Muzzle_Individualized/cattle_4921/cattle_4921_DSCF7843.jpg,cattle_4921,14,train
BeefCattle_Muzzle_database/BeefCattle_Muzzle_Individualized/cattle_4921/cattle_4921_DSCF7840.jpg,cattle_4921,14,train
BeefCattle_Muzzle_database/BeefCattle_Muzzle_Individualized/cattle_4921/cattle_4921_DSCF7842.jpg,cattle_4921,14,train
BeefCattle_Muzzle_database/BeefCattle_Muzzle_Individualized/cattle_4921/cattle_4921_DSCF7839.jpg,cattle_4921,14,train
BeefCattle_Muzzle_database/BeefCattle_Muzzle_Individualized/cattle_4921/cattle_4921_DSCF7834.jpg,cattle_4921,14,train
BeefCattle_Muzzle_database/BeefCattle_Muzzle_Individualized/cattle_4921/cattle_4921_DSCF7836.jpg,cattle_4921,14,train
BeefCattle_Muzzle_database/BeefCattle_Muzzle_Individualized/cattle_4921/cattle_4921_DSCF7837.jpg,cattle_4921,14,train
BeefCattle_Muzzle_database/BeefCattle_Muzzle_Individualized/cattle_4921/cattle_4921_DSCF7835.jpg,cattle_4921,14,train
BeefCattle_Muzzle_database/BeefCattle_Muzzle_Individualized/cattle_4921/cattle_4921_DSCF7838.jpg,cattle_4921,14,train
BeefCattle_Muzzle_database/BeefCattle_Muzzle_Individualized/cattle_4921/cattle_4921_DSCF7833.jpg,cattle_4921,14,val
BeefCattle_Muzzle_database/BeefCattle_Muzzle_Individualized/cattle_4921/cattle_4921_DSCF7844.jpg,cattle_4921,14,val
BeefCattle_Muzzle_database/BeefCattle_Muzzle_Individualized/cattle_4921/cattle_4921_DSCF7846.jpg,cattle_4921,14,test
BeefCattle_Muzzle_database/BeefCattle_Muzzle_Individualized/cattle_4921/cattle_4921_DSCF7845.jpg,cattle_4921,14,test
BeefCattle_Muzzle_database/BeefCattle_Muzzle_Individualized/cattle_4921/cattle_4921_DSCF7841.jpg,cattle_4921,14,test
BeefCattle_Muzzle_database/BeefCattle_Muzzle_Individualized/cattle_4947/cattle_4947_DSCF8055.jpg,cattle_4947,15,train
BeefCattle_Muzzle_database/BeefCattle_Muzzle_Individualized/cattle_4947/cattle_4947_DSCF8059.jpg,cattle_4947,15,train
BeefCattle_Muzzle_database/BeefCattle_Muzzle_Individualized/cattle_4947/cattle_4947_DSCF8049.jpg,cattle_4947,15,train
BeefCattle_Muzzle_database/BeefCattle_Muzzle_Individualized/cattle_4947/cattle_4947_DSCF8048.jpg,cattle_4947,15,train
BeefCattle_Muzzle_database/BeefCattle_Muzzle_Individualized/cattle_4947/cattle_4947_DSCF8056.jpg,cattle_4947,15,train
BeefCattle_Muzzle_database/BeefCattle_Muzzle_Individualized/cattle_4947/cattle_4947_DSCF8057.jpg,cattle_4947,15,train
BeefCattle_Muzzle_database/BeefCattle_Muzzle_Individualized/cattle_4947/cattle_4947_DSCF8061.jpg,cattle_4947,15,train
BeefCattle_Muzzle_database/BeefCattle_Muzzle_Individualized/cattle_4947/cattle_4947_DSCF8051.jpg,cattle_4947,15,train
BeefCattle_Muzzle_database/BeefCattle_Muzzle_Individualized/cattle_4947/cattle_4947_DSCF8060.jpg,cattle_4947,15,train
BeefCattle_Muzzle_database/BeefCattle_Muzzle_Individualized/cattle_4947/cattle_4947_DSCF8050.jpg,cattle_4947,15,train
BeefCattle_Muzzle_database/BeefCattle_Muzzle_Individualized/cattle_4947/cattle_4947_DSCF8052.jpg,cattle_4947,15,val
BeefCattle_Muzzle_database/BeefCattle_Muzzle_Individualized/cattle_4947/cattle_4947_DSCF8053.jpg,cattle_4947,15,val
BeefCattle_Muzzle_database/BeefCattle_Muzzle_Individualized/cattle_4947/cattle_4947_DSCF8047.jpg,cattle_4947,15,test
BeefCattle_Muzzle_database/BeefCattle_Muzzle_Individualized/cattle_4947/cattle_4947_DSCF8054.jpg,cattle_4947,15,test
BeefCattle_Muzzle_database/BeefCattle_Muzzle_Individualized/cattle_4947/cattle_4947_DSCF8058.jpg,cattle_4947,15,test
BeefCattle_Muzzle_database/BeefCattle_Muzzle_Individualized/cattle_4951/cattle_4951_DSCF7410.jpg,cattle_4951,39,train
BeefCattle_Muzzle_database/BeefCattle_Muzzle_Individualized/cattle_4951/cattle_4951_DSCF7409.jpg,cattle_4951,39,train
BeefCattle_Muzzle_database/BeefCattle_Muzzle_Individualized/cattle_4951/cattle_4951_DSCF9007.jpg,cattle_4951,39,train
BeefCattle_Muzzle_database/BeefCattle_Muzzle_Individualized/cattle_4951/cattle_4951_DSCF9014.jpg,cattle_4951,39,train
BeefCattle_Muzzle_database/BeefCattle_Muzzle_Individualized/cattle_4951/cattle_4951_DSCF7400.jpg,cattle_4951,39,train
BeefCattle_Muzzle_database/BeefCattle_Muzzle_Individualized/cattle_4951/cattle_4951_DSCF9011.jpg,cattle_4951,39,train
BeefCattle_Muzzle_database/BeefCattle_Muzzle_Individualized/cattle_4951/cattle_4951_DSCF9005.jpg,cattle_4951,39,train
BeefCattle_Muzzle_database/BeefCattle_Muzzle_Individualized/cattle_4951/cattle_4951_DSCF9012.jpg,cattle_4951,39,train
BeefCattle_Muzzle_database/BeefCattle_Muzzle_Individualized/cattle_4951/cattle_4951_DSCF9002.jpg,cattle_4951,39,train
BeefCattle_Muzzle_database/BeefCattle_Muzzle_Individualized/cattle_4951/cattle_4951_DSCF7407.jpg,cattle_4951,39,train
BeefCattle_Muzzle_database/BeefCattle_Muzzle_Individualized/cattle_4951/cattle_4951_DSCF8993.jpg,cattle_4951,39,train
BeefCattle_Muzzle_database/BeefCattle_Muzzle_Individualized/cattle_4951/cattle_4951_DSCF7402.jpg,cattle_4951,39,train
BeefCattle_Muzzle_database/BeefCattle_Muzzle_Individualized/cattle_4951/cattle_4951_DSCF9016.jpg,cattle_4951,39,train
BeefCattle_Muzzle_database/BeefCattle_Muzzle_Individualized/cattle_4951/cattle_4951_DSCF9001.jpg,cattle_4951,39,train
BeefCattle_Muzzle_database/BeefCattle_Muzzle_Individualized/cattle_4951/cattle_4951_DSCF9015.jpg,cattle_4951,39,train
BeefCattle_Muzzle_database/BeefCattle_Muzzle_Individualized/cattle_4951/cattle_4951_DSCF9013.jpg,cattle_4951,39,train
BeefCattle_Muzzle_database/BeefCattle_Muzzle_Individualized/cattle_4951/cattle_4951_DSCF7403.jpg,cattle_4951,39,train
BeefCattle_Muzzle_database/BeefCattle_Muzzle_Individualized/cattle_4951/cattle_4951_DSCF8996.jpg,cattle_4951,39,train
BeefCattle_Muzzle_database/BeefCattle_Muzzle_Individualized/cattle_4951/cattle_4951_DSCF7411.jpg,cattle_4951,39,train
BeefCattle_Muzzle_database/BeefCattle_Muzzle_Individualized/cattle_4951/cattle_4951_DSCF8994.jpg,cattle_4951,39,train
BeefCattle_Muzzle_database/BeefCattle_Muzzle_Individualized/cattle_4951/cattle_4951_DSCF8999.jpg,cattle_4951,39,train
BeefCattle_Muzzle_database/BeefCattle_Muzzle_Individualized/cattle_4951/cattle_4951_DSCF7401.jpg,cattle_4951,39,train
BeefCattle_Muzzle_database/BeefCattle_Muzzle_Individualized/cattle_4951/cattle_4951_DSCF7408.jpg,cattle_4951,39,train
BeefCattle_Muzzle_database/BeefCattle_Muzzle_Individualized/cattle_4951/cattle_4951_DSCF7404.jpg,cattle_4951,39,train
BeefCattle_Muzzle_database/BeefCattle_Muzzle_Individualized/cattle_4951/cattle_4951_DSCF9018.jpg,cattle_4951,39,train
BeefCattle_Muzzle_database/BeefCattle_Muzzle_Individualized/cattle_4951/cattle_4951_DSCF7406.jpg,cattle_4951,39,train
BeefCattle_Muzzle_database/BeefCattle_Muzzle_Individualized/cattle_4951/cattle_4951_DSCF9006.jpg,cattle_4951,39,train
BeefCattle_Muzzle_database/BeefCattle_Muzzle_Individualized/cattle_4951/cattle_4951_DSCF7405.jpg,cattle_4951,39,val
BeefCattle_Muzzle_database/BeefCattle_Muzzle_Individualized/cattle_4951/cattle_4951_DSCF8992.jpg,cattle_4951,39,val
BeefCattle_Muzzle_database/BeefCattle_Muzzle_Individualized/cattle_4951/cattle_4951_DSCF9017.jpg,cattle_4951,39,val
BeefCattle_Muzzle_database/BeefCattle_Muzzle_Individualized/cattle_4951/cattle_4951_DSCF8995.jpg,cattle_4951,39,val
BeefCattle_Muzzle_database/BeefCattle_Muzzle_Individualized/cattle_4951/cattle_4951_DSCF9004.jpg,cattle_4951,39,val
BeefCattle_Muzzle_database/BeefCattle_Muzzle_Individualized/cattle_4951/cattle_4951_DSCF8997.jpg,cattle_4951,39,test
BeefCattle_Muzzle_database/BeefCattle_Muzzle_Individualized/cattle_4951/cattle_4951_DSCF9009.jpg,cattle_4951,39,test
BeefCattle_Muzzle_database/BeefCattle_Muzzle_Individualized/cattle_4951/cattle_4951_DSCF9008.jpg,cattle_4951,39,test
BeefCattle_Muzzle_database/BeefCattle_Muzzle_Individualized/cattle_4951/cattle_4951_DSCF9003.jpg,cattle_4951,39,test
BeefCattle_Muzzle_database/BeefCattle_Muzzle_Individualized/cattle_4951/cattle_4951_DSCF7412.jpg,cattle_4951,39,test
BeefCattle_Muzzle_database/BeefCattle_Muzzle_Individualized/cattle_4951/cattle_4951_DSCF9010.jpg,cattle_4951,39,test
BeefCattle_Muzzle_database/BeefCattle_Muzzle_Individualized/cattle_4951/cattle_4951_DSCF8998.jpg,cattle_4951,39,test
BeefCattle_Muzzle_database/BeefCattle_Muzzle_Individualized/cattle_4969/cattle_4969_DSCF9404.jpg,cattle_4969,12,train
BeefCattle_Muzzle_database/BeefCattle_Muzzle_Individualized/cattle_4969/cattle_4969_DSCF9403.jpg,cattle_4969,12,train
BeefCattle_Muzzle_database/BeefCattle_Muzzle_Individualized/cattle_4969/cattle_4969_DSCF9400.jpg,cattle_4969,12,train
BeefCattle_Muzzle_database/BeefCattle_Muzzle_Individualized/cattle_4969/cattle_4969_DSCF9398.jpg,cattle_4969,12,train
BeefCattle_Muzzle_database/BeefCattle_Muzzle_Individualized/cattle_4969/cattle_4969_DSCF9405.jpg,cattle_4969,12,train
BeefCattle_Muzzle_database/BeefCattle_Muzzle_Individualized/cattle_4969/cattle_4969_DSCF9399.jpg,cattle_4969,12,train
BeefCattle_Muzzle_database/BeefCattle_Muzzle_Individualized/cattle_4969/cattle_4969_DSCF9397.jpg,cattle_4969,12,train
BeefCattle_Muzzle_database/BeefCattle_Muzzle_Individualized/cattle_4969/cattle_4969_DSCF9401.jpg,cattle_4969,12,train
BeefCattle_Muzzle_database/BeefCattle_Muzzle_Individualized/cattle_4969/cattle_4969_DSCF9406.jpg,cattle_4969,12,val
BeefCattle_Muzzle_database/BeefCattle_Muzzle_Individualized/cattle_4969/cattle_4969_DSCF9407.jpg,cattle_4969,12,test
BeefCattle_Muzzle_database/BeefCattle_Muzzle_Individualized/cattle_4969/cattle_4969_DSCF9402.jpg,cattle_4969,12,test
BeefCattle_Muzzle_database/BeefCattle_Muzzle_Individualized/cattle_4969/cattle_4969_DSCF9396.jpg,cattle_4969,12,test
BeefCattle_Muzzle_database/BeefCattle_Muzzle_Individualized/cattle_4971/cattle_4971_DSCF7302.jpg,cattle_4971,11,train
BeefCattle_Muzzle_database/BeefCattle_Muzzle_Individualized/cattle_4971/cattle_4971_DSCF7305.jpg,cattle_4971,11,train
BeefCattle_Muzzle_database/BeefCattle_Muzzle_Individualized/cattle_4971/cattle_4971_DSCF7300.jpg,cattle_4971,11,train
BeefCattle_Muzzle_database/BeefCattle_Muzzle_Individualized/cattle_4971/cattle_4971_DSCF7283.jpg,cattle_4971,11,train
BeefCattle_Muzzle_database/BeefCattle_Muzzle_Individualized/cattle_4971/cattle_4971_DSCF7304.jpg,cattle_4971,11,train
BeefCattle_Muzzle_database/BeefCattle_Muzzle_Individualized/cattle_4971/cattle_4971_DSCF7280.jpg,cattle_4971,11,train
BeefCattle_Muzzle_database/BeefCattle_Muzzle_Individualized/cattle_4971/cattle_4971_DSCF7306.jpg,cattle_4971,11,train
BeefCattle_Muzzle_database/BeefCattle_Muzzle_Individualized/cattle_4971/cattle_4971_DSCF7282.jpg,cattle_4971,11,val
BeefCattle_Muzzle_database/BeefCattle_Muzzle_Individualized/cattle_4971/cattle_4971_DSCF7307.jpg,cattle_4971,11,test
BeefCattle_Muzzle_database/BeefCattle_Muzzle_Individualized/cattle_4971/cattle_4971_DSCF7281.jpg,cattle_4971,11,test
BeefCattle_Muzzle_database/BeefCattle_Muzzle_Individualized/cattle_4971/cattle_4971_DSCF7301.jpg,cattle_4971,11,test
BeefCattle_Muzzle_database/BeefCattle_Muzzle_Individualized/cattle_4984/cattle_4984_DSCF9555.jpg,cattle_4984,24,train
BeefCattle_Muzzle_database/BeefCattle_Muzzle_Individualized/cattle_4984/cattle_4984_DSCF9554.jpg,cattle_4984,24,train
BeefCattle_Muzzle_database/BeefCattle_Muzzle_Individualized/cattle_4984/cattle_4984_DSCF9568.jpg,cattle_4984,24,train
BeefCattle_Muzzle_database/BeefCattle_Muzzle_Individualized/cattle_4984/cattle_4984_DSCF9556.jpg,cattle_4984,24,train
BeefCattle_Muzzle_database/BeefCattle_Muzzle_Individualized/cattle_4984/cattle_4984_DSCF9558.jpg,cattle_4984,24,train
BeefCattle_Muzzle_database/BeefCattle_Muzzle_Individualized/cattle_4984/cattle_4984_DSCF9572.jpg,cattle_4984,24,train
BeefCattle_Muzzle_database/BeefCattle_Muzzle_Individualized/cattle_4984/cattle_4984_DSCF9561.jpg,cattle_4984,24,train
BeefCattle_Muzzle_database/BeefCattle_Muzzle_Individualized/cattle_4984/cattle_4984_DSCF9552.jpg,cattle_4984,24,train
BeefCattle_Muzzle_database/BeefCattle_Muzzle_Individualized/cattle_4984/cattle_4984_DSCF9574.jpg,cattle_4984,24,train
BeefCattle_Muzzle_database/BeefCattle_Muzzle_Individualized/cattle_4984/cattle_4984_DSCF9563.jpg,cattle_4984,24,train
BeefCattle_Muzzle_database/BeefCattle_Muzzle_Individualized/cattle_4984/cattle_4984_DSCF9560.jpg,cattle_4984,24,train
BeefCattle_Muzzle_database/BeefCattle_Muzzle_Individualized/cattle_4984/cattle_4984_DSCF9562.jpg,cattle_4984,24,train
BeefCattle_Muzzle_database/BeefCattle_Muzzle_Individualized/cattle_4984/cattle_4984_DSCF9567.jpg,cattle_4984,24,train
BeefCattle_Muzzle_database/BeefCattle_Muzzle_Individualized/cattle_4984/cattle_4984_DSCF9569.jpg,cattle_4984,24,train
BeefCattle_Muzzle_database/BeefCattle_Muzzle_Individualized/cattle_4984/cattle_4984_DSCF9564.jpg,cattle_4984,24,train
BeefCattle_Muzzle_database/BeefCattle_Muzzle_Individualized/cattle_4984/cattle_4984_DSCF9557.jpg,cattle_4984,24,train
BeefCattle_Muzzle_database/BeefCattle_Muzzle_Individualized/cattle_4984/cattle_4984_DSCF9559.jpg,cattle_4984,24,val
BeefCattle_Muzzle_database/BeefCattle_Muzzle_Individualized/cattle_4984/cattle_4984_DSCF9571.jpg,cattle_4984,24,val
BeefCattle_Muzzle_database/BeefCattle_Muzzle_Individualized/cattle_4984/cattle_4984_DSCF9553.jpg,cattle_4984,24,val
BeefCattle_Muzzle_database/BeefCattle_Muzzle_Individualized/cattle_4984/cattle_4984_DSCF9551.jpg,cattle_4984,24,test
BeefCattle_Muzzle_database/BeefCattle_Muzzle_Individualized/cattle_4984/cattle_4984_DSCF9570.jpg,cattle_4984,24,test
BeefCattle_Muzzle_database/BeefCattle_Muzzle_Individualized/cattle_4984/cattle_4984_DSCF9565.jpg,cattle_4984,24,test
BeefCattle_Muzzle_database/BeefCattle_Muzzle_Individualized/cattle_4984/cattle_4984_DSCF9566.jpg,cattle_4984,24,test
BeefCattle_Muzzle_database/BeefCattle_Muzzle_Individualized/cattle_4984/cattle_4984_DSCF9573.jpg,cattle_4984,24,test
BeefCattle_Muzzle_database/BeefCattle_Muzzle_Individualized/cattle_4985/cattle_4985_DSCF9559.jpg,cattle_4985,11,train
BeefCattle_Muzzle_database/BeefCattle_Muzzle_Individualized/cattle_4985/cattle_4985_DSCF9556.jpg,cattle_4985,11,train
BeefCattle_Muzzle_database/BeefCattle_Muzzle_Individualized/cattle_4985/cattle_4985_DSCF9553.jpg,cattle_4985,11,train
BeefCattle_Muzzle_database/BeefCattle_Muzzle_Individualized/cattle_4985/cattle_4985_DSCF9560.jpg,cattle_4985,11,train
BeefCattle_Muzzle_database/BeefCattle_Muzzle_Individualized/cattle_4985/cattle_4985_DSCF9555.jpg,cattle_4985,11,train
BeefCattle_Muzzle_database/BeefCattle_Muzzle_Individualized/cattle_4985/cattle_4985_DSCF9568.jpg,cattle_4985,11,train
BeefCattle_Muzzle_database/BeefCattle_Muzzle_Individualized/cattle_4985/cattle_4985_DSCF9551.jpg,cattle_4985,11,train
BeefCattle_Muzzle_database/BeefCattle_Muzzle_Individualized/cattle_4985/cattle_4985_DSCF9552.jpg,cattle_4985,11,val
BeefCattle_Muzzle_database/BeefCattle_Muzzle_Individualized/cattle_4985/cattle_4985_DSCF9558.jpg,cattle_4985,11,test
BeefCattle_Muzzle_database/BeefCattle_Muzzle_Individualized/cattle_4985/cattle_4985_DSCF9557.jpg,cattle_4985,11,test
BeefCattle_Muzzle_database/BeefCattle_Muzzle_Individualized/cattle_4985/cattle_4985_DSCF9554.jpg,cattle_4985,11,test
BeefCattle_Muzzle_database/BeefCattle_Muzzle_Individualized/cattle_4986/cattle_4986_DSCF7724.jpg,cattle_4986,26,train
BeefCattle_Muzzle_database/BeefCattle_Muzzle_Individualized/cattle_4986/cattle_4986_DSCF7715.jpg,cattle_4986,26,train
BeefCattle_Muzzle_database/BeefCattle_Muzzle_Individualized/cattle_4986/cattle_4986_DSCF7684.jpg,cattle_4986,26,train
BeefCattle_Muzzle_database/BeefCattle_Muzzle_Individualized/cattle_4986/cattle_4986_DSCF7717.jpg,cattle_4986,26,train
BeefCattle_Muzzle_database/BeefCattle_Muzzle_Individualized/cattle_4986/cattle_4986_DSCF7718.jpg,cattle_4986,26,train
BeefCattle_Muzzle_database/BeefCattle_Muzzle_Individualized/cattle_4986/cattle_4986_DSCF7678.jpg,cattle_4986,26,train
BeefCattle_Muzzle_database/BeefCattle_Muzzle_Individualized/cattle_4986/cattle_4986_DSCF7675.jpg,cattle_4986,26,train
BeefCattle_Muzzle_database/BeefCattle_Muzzle_Individualized/cattle_4986/cattle_4986_DSCF7721.jpg,cattle_4986,26,train
BeefCattle_Muzzle_database/BeefCattle_Muzzle_Individualized/cattle_4986/cattle_4986_DSCF7723.jpg,cattle_4986,26,train
BeefCattle_Muzzle_database/BeefCattle_Muzzle_Individualized/cattle_4986/cattle_4986_DSCF7682.jpg,cattle_4986,26,train
BeefCattle_Muzzle_database/BeefCattle_Muzzle_Individualized/cattle_4986/cattle_4986_DSCF7720.jpg,cattle_4986,26,train
BeefCattle_Muzzle_database/BeefCattle_Muzzle_Individualized/cattle_4986/cattle_4986_DSCF7714.jpg,cattle_4986,26,train
BeefCattle_Muzzle_database/BeefCattle_Muzzle_Individualized/cattle_4986/cattle_4986_DSCF7673.jpg,cattle_4986,26,train
BeefCattle_Muzzle_database/BeefCattle_Muzzle_Individualized/cattle_4986/cattle_4986_DSCF7716.jpg,cattle_4986,26,train
BeefCattle_Muzzle_database/BeefCattle_Muzzle_Individualized/cattle_4986/cattle_4986_DSCF7680.jpg,cattle_4986,26,train
BeefCattle_Muzzle_database/BeefCattle_Muzzle_Individualized/cattle_4986/cattle_4986_DSCF7674.jpg,cattle_4986,26,train
BeefCattle_Muzzle_database/BeefCattle_Muzzle_Individualized/cattle_4986/cattle_4986_DSCF7677.jpg,cattle_4986,26,train
BeefCattle_Muzzle_database/BeefCattle_Muzzle_Individualized/cattle_4986/cattle_4986_DSCF7725.jpg,cattle_4986,26,train
BeefCattle_Muzzle_database/BeefCattle_Muzzle_Individualized/cattle_4986/cattle_4986_DSCF7679.jpg,cattle_4986,26,val
BeefCattle_Muzzle_database/BeefCattle_Muzzle_Individualized/cattle_4986/cattle_4986_DSCF7683.jpg,cattle_4986,26,val
BeefCattle_Muzzle_database/BeefCattle_Muzzle_Individualized/cattle_4986/cattle_4986_DSCF7719.jpg,cattle_4986,26,val
BeefCattle_Muzzle_database/BeefCattle_Muzzle_Individualized/cattle_4986/cattle_4986_DSCF7672.jpg,cattle_4986,26,test
BeefCattle_Muzzle_database/BeefCattle_Muzzle_Individualized/cattle_4986/cattle_4986_DSCF7685.jpg,cattle_4986,26,test
BeefCattle_Muzzle_database/BeefCattle_Muzzle_Individualized/cattle_4986/cattle_4986_DSCF7681.jpg,cattle_4986,26,test
BeefCattle_Muzzle_database/BeefCattle_Muzzle_Individualized/cattle_4986/cattle_4986_DSCF7676.jpg,cattle_4986,26,test
BeefCattle_Muzzle_database/BeefCattle_Muzzle_Individualized/cattle_4986/cattle_4986_DSCF7722.jpg,cattle_4986,26,test
BeefCattle_Muzzle_database/BeefCattle_Muzzle_Individualized/cattle_5009/cattle_5009_DSCF9161.jpg,cattle_5009,17,train
BeefCattle_Muzzle_database/BeefCattle_Muzzle_Individualized/cattle_5009/cattle_5009_DSCF9158.jpg,cattle_5009,17,train
BeefCattle_Muzzle_database/BeefCattle_Muzzle_Individualized/cattle_5009/cattle_5009_DSCF9167.jpg,cattle_5009,17,train
BeefCattle_Muzzle_database/BeefCattle_Muzzle_Individualized/cattle_5009/cattle_5009_DSCF9160.jpg,cattle_5009,17,train
BeefCattle_Muzzle_database/BeefCattle_Muzzle_Individualized/cattle_5009/cattle_5009_DSCF9156.jpg,cattle_5009,17,train
BeefCattle_Muzzle_database/BeefCattle_Muzzle_Individualized/cattle_5009/cattle_5009_DSCF9159.jpg,cattle_5009,17,train
BeefCattle_Muzzle_database/BeefCattle_Muzzle_Individualized/cattle_5009/cattle_5009_DSCF9168.jpg,cattle_5009,17,train
BeefCattle_Muzzle_database/BeefCattle_Muzzle_Individualized/cattle_5009/cattle_5009_DSCF9154.jpg,cattle_5009,17,train
BeefCattle_Muzzle_database/BeefCattle_Muzzle_Individualized/cattle_5009/cattle_5009_DSCF9166.jpg,cattle_5009,17,train
BeefCattle_Muzzle_database/BeefCattle_Muzzle_Individualized/cattle_5009/cattle_5009_DSCF9165.jpg,cattle_5009,17,train
BeefCattle_Muzzle_database/BeefCattle_Muzzle_Individualized/cattle_5009/cattle_5009_DSCF9162.jpg,cattle_5009,17,train
BeefCattle_Muzzle_database/BeefCattle_Muzzle_Individualized/cattle_5009/cattle_5009_DSCF9155.jpg,cattle_5009,17,val
BeefCattle_Muzzle_database/BeefCattle_Muzzle_Individualized/cattle_5009/cattle_5009_DSCF9157.jpg,cattle_5009,17,val
BeefCattle_Muzzle_database/BeefCattle_Muzzle_Individualized/cattle_5009/cattle_5009_DSCF9153.jpg,cattle_5009,17,test
BeefCattle_Muzzle_database/BeefCattle_Muzzle_Individualized/cattle_5009/cattle_5009_DSCF9164.jpg,cattle_5009,17,test
BeefCattle_Muzzle_database/BeefCattle_Muzzle_Individualized/cattle_5009/cattle_5009_DSCF9163.jpg,cattle_5009,17,test
BeefCattle_Muzzle_database/BeefCattle_Muzzle_Individualized/cattle_5009/cattle_5009_DSCF9152.jpg,cattle_5009,17,test
BeefCattle_Muzzle_database/BeefCattle_Muzzle_Individualized/cattle_5026/cattle_5026_DSCF8028.jpg,cattle_5026,23,train
BeefCattle_Muzzle_database/BeefCattle_Muzzle_Individualized/cattle_5026/cattle_5026_DSCF8017.jpg,cattle_5026,23,train
BeefCattle_Muzzle_database/BeefCattle_Muzzle_Individualized/cattle_5026/cattle_5026_DSCF8018.jpg,cattle_5026,23,train
BeefCattle_Muzzle_database/BeefCattle_Muzzle_Individualized/cattle_5026/cattle_5026_DSCF8025.jpg,cattle_5026,23,train
BeefCattle_Muzzle_database/BeefCattle_Muzzle_Individualized/cattle_5026/cattle_5026_DSCF8019.jpg,cattle_5026,23,train
BeefCattle_Muzzle_database/BeefCattle_Muzzle_Individualized/cattle_5026/cattle_5026_DSCF8016.jpg,cattle_5026,23,train
BeefCattle_Muzzle_database/BeefCattle_Muzzle_Individualized/cattle_5026/cattle_5026_DSCF8015.jpg,cattle_5026,23,train
BeefCattle_Muzzle_database/BeefCattle_Muzzle_Individualized/cattle_5026/cattle_5026_DSCF8014.jpg,cattle_5026,23,train
BeefCattle_Muzzle_database/BeefCattle_Muzzle_Individualized/cattle_5026/cattle_5026_DSCF8024.jpg,cattle_5026,23,train
BeefCattle_Muzzle_database/BeefCattle_Muzzle_Individualized/cattle_5026/cattle_5026_DSCF8027.jpg,cattle_5026,23,train
BeefCattle_Muzzle_database/BeefCattle_Muzzle_Individualized/cattle_5026/cattle_5026_DSCF8020.jpg,cattle_5026,23,train
BeefCattle_Muzzle_database/BeefCattle_Muzzle_Individualized/cattle_5026/cattle_5026_DSCF8021.jpg,cattle_5026,23,train
BeefCattle_Muzzle_database/BeefCattle_Muzzle_Individualized/cattle_5026/cattle_5026_DSCF8008.jpg,cattle_5026,23,train
BeefCattle_Muzzle_database/BeefCattle_Muzzle_Individualized/cattle_5026/cattle_5026_DSCF8011.jpg,cattle_5026,23,train
BeefCattle_Muzzle_database/BeefCattle_Muzzle_Individualized/cattle_5026/cattle_5026_DSCF8026.jpg,cattle_5026,23,train
BeefCattle_Muzzle_database/BeefCattle_Muzzle_Individualized/cattle_5026/cattle_5026_DSCF8009.jpg,cattle_5026,23,train
BeefCattle_Muzzle_database/BeefCattle_Muzzle_Individualized/cattle_5026/cattle_5026_DSCF8030.jpg,cattle_5026,23,val
BeefCattle_Muzzle_database/BeefCattle_Muzzle_Individualized/cattle_5026/cattle_5026_DSCF8010.jpg,cattle_5026,23,val
BeefCattle_Muzzle_database/BeefCattle_Muzzle_Individualized/cattle_5026/cattle_5026_DSCF8012.jpg,cattle_5026,23,val
BeefCattle_Muzzle_database/BeefCattle_Muzzle_Individualized/cattle_5026/cattle_5026_DSCF8013.jpg,cattle_5026,23,test
BeefCattle_Muzzle_database/BeefCattle_Muzzle_Individualized/cattle_5026/cattle_5026_DSCF8023.jpg,cattle_5026,23,test
BeefCattle_Muzzle_database/BeefCattle_Muzzle_Individualized/cattle_5026/cattle_5026_DSCF8022.jpg,cattle_5026,23,test
BeefCattle_Muzzle_database/BeefCattle_Muzzle_Individualized/cattle_5026/cattle_5026_DSCF8029.jpg,cattle_5026,23,test
BeefCattle_Muzzle_database/BeefCattle_Muzzle_Individualized/cattle_5028/cattle_5028_DSCF8261.jpg,cattle_5028,21,train
BeefCattle_Muzzle_database/BeefCattle_Muzzle_Individualized/cattle_5028/cattle_5028_DSCF8279.jpg,cattle_5028,21,train
BeefCattle_Muzzle_database/BeefCattle_Muzzle_Individualized/cattle_5028/cattle_5028_DSCF8265.jpg,cattle_5028,21,train
BeefCattle_Muzzle_database/BeefCattle_Muzzle_Individualized/cattle_5028/cattle_5028_DSCF8278.jpg,cattle_5028,21,train
BeefCattle_Muzzle_database/BeefCattle_Muzzle_Individualized/cattle_5028/cattle_5028_DSCF8281.jpg,cattle_5028,21,train
BeefCattle_Muzzle_database/BeefCattle_Muzzle_Individualized/cattle_5028/cattle_5028_DSCF8277.jpg,cattle_5028,21,train
BeefCattle_Muzzle_database/BeefCattle_Muzzle_Individualized/cattle_5028/cattle_5028_DSCF8276.jpg,cattle_5028,21,train
BeefCattle_Muzzle_database/BeefCattle_Muzzle_Individualized/cattle_5028/cattle_5028_DSCF8263.jpg,cattle_5028,21,train
BeefCattle_Muzzle_database/BeefCattle_Muzzle_Individualized/cattle_5028/cattle_5028_DSCF8274.jpg,cattle_5028,21,train
BeefCattle_Muzzle_database/BeefCattle_Muzzle_Individualized/cattle_5028/cattle_5028_DSCF8280.jpg,cattle_5028,21,train
BeefCattle_Muzzle_database/BeefCattle_Muzzle_Individualized/cattle_5028/cattle_5028_DSCF8268.jpg,cattle_5028,21,train
BeefCattle_Muzzle_database/BeefCattle_Muzzle_Individualized/cattle_5028/cattle_5028_DSCF8275.jpg,cattle_5028,21,train
BeefCattle_Muzzle_database/BeefCattle_Muzzle_Individualized/cattle_5028/cattle_5028_DSCF8267.jpg,cattle_5028,21,train
BeefCattle_Muzzle_database/BeefCattle_Muzzle_Individualized/cattle_5028/cattle_5028_DSCF8266.jpg,cattle_5028,21,train
BeefCattle_Muzzle_database/BeefCattle_Muzzle_Individualized/cattle_5028/cattle_5028_DSCF8273.jpg,cattle_5028,21,val
BeefCattle_Muzzle_database/BeefCattle_Muzzle_Individualized/cattle_5028/cattle_5028_DSCF8264.jpg,cattle_5028,21,val
BeefCattle_Muzzle_database/BeefCattle_Muzzle_Individualized/cattle_5028/cattle_5028_DSCF8269.jpg,cattle_5028,21,val
BeefCattle_Muzzle_database/BeefCattle_Muzzle_Individualized/cattle_5028/cattle_5028_DSCF8271.jpg,cattle_5028,21,test
BeefCattle_Muzzle_database/BeefCattle_Muzzle_Individualized/cattle_5028/cattle_5028_DSCF8262.jpg,cattle_5028,21,test
BeefCattle_Muzzle_database/BeefCattle_Muzzle_Individualized/cattle_5028/cattle_5028_DSCF8272.jpg,cattle_5028,21,test
BeefCattle_Muzzle_database/BeefCattle_Muzzle_Individualized/cattle_5028/cattle_5028_DSCF8270.jpg,cattle_5028,21,test
BeefCattle_Muzzle_database/BeefCattle_Muzzle_Individualized/cattle_5066/cattle_5066_DSCF7565.jpg,cattle_5066,14,train
BeefCattle_Muzzle_database/BeefCattle_Muzzle_Individualized/cattle_5066/cattle_5066_DSCF7566.jpg,cattle_5066,14,train
BeefCattle_Muzzle_database/BeefCattle_Muzzle_Individualized/cattle_5066/cattle_5066_DSCF7560.jpg,cattle_5066,14,train
BeefCattle_Muzzle_database/BeefCattle_Muzzle_Individualized/cattle_5066/cattle_5066_DSCF7557.jpg,cattle_5066,14,train
BeefCattle_Muzzle_database/BeefCattle_Muzzle_Individualized/cattle_5066/cattle_5066_DSCF7562.jpg,cattle_5066,14,train
BeefCattle_Muzzle_database/BeefCattle_Muzzle_Individualized/cattle_5066/cattle_5066_DSCF7564.jpg,cattle_5066,14,train
BeefCattle_Muzzle_database/BeefCattle_Muzzle_Individualized/cattle_5066/cattle_5066_DSCF7561.jpg,cattle_5066,14,train
BeefCattle_Muzzle_database/BeefCattle_Muzzle_Individualized/cattle_5066/cattle_5066_DSCF7559.jpg,cattle_5066,14,train
BeefCattle_Muzzle_database/BeefCattle_Muzzle_Individualized/cattle_5066/cattle_5066_DSCF7567.jpg,cattle_5066,14,train
BeefCattle_Muzzle_database/BeefCattle_Muzzle_Individualized/cattle_5066/cattle_5066_DSCF7570.jpg,cattle_5066,14,val
BeefCattle_Muzzle_database/BeefCattle_Muzzle_Individualized/cattle_5066/cattle_5066_DSCF7563.jpg,cattle_5066,14,val
BeefCattle_Muzzle_database/BeefCattle_Muzzle_Individualized/cattle_5066/cattle_5066_DSCF7568.jpg,cattle_5066,14,test
BeefCattle_Muzzle_database/BeefCattle_Muzzle_Individualized/cattle_5066/cattle_5066_DSCF7558.jpg,cattle_5066,14,test
BeefCattle_Muzzle_database/BeefCattle_Muzzle_Individualized/cattle_5066/cattle_5066_DSCF7569.jpg,cattle_5066,14,test
BeefCattle_Muzzle_database/BeefCattle_Muzzle_Individualized/cattle_5073/cattle_5073_DSCF7295.jpg,cattle_5073,14,train
BeefCattle_Muzzle_database/BeefCattle_Muzzle_Individualized/cattle_5073/cattle_5073_DSCF7285.jpg,cattle_5073,14,train
BeefCattle_Muzzle_database/BeefCattle_Muzzle_Individualized/cattle_5073/cattle_5073_DSCF7284.jpg,cattle_5073,14,train
BeefCattle_Muzzle_database/BeefCattle_Muzzle_Individualized/cattle_5073/cattle_5073_DSCF7292.jpg,cattle_5073,14,train
BeefCattle_Muzzle_database/BeefCattle_Muzzle_Individualized/cattle_5073/cattle_5073_DSCF7299.jpg,cattle_5073,14,train
BeefCattle_Muzzle_database/BeefCattle_Muzzle_Individualized/cattle_5073/cattle_5073_DSCF7287.jpg,cattle_5073,14,train
BeefCattle_Muzzle_database/BeefCattle_Muzzle_Individualized/cattle_5073/cattle_5073_DSCF7289.jpg,cattle_5073,14,train
BeefCattle_Muzzle_database/BeefCattle_Muzzle_Individualized/cattle_5073/cattle_5073_DSCF7286.jpg,cattle_5073,14,train
BeefCattle_Muzzle_database/BeefCattle_Muzzle_Individualized/cattle_5073/cattle_5073_DSCF7290.jpg,cattle_5073,14,train
BeefCattle_Muzzle_database/BeefCattle_Muzzle_Individualized/cattle_5073/cattle_5073_DSCF7293.jpg,cattle_5073,14,val
BeefCattle_Muzzle_database/BeefCattle_Muzzle_Individualized/cattle_5073/cattle_5073_DSCF7291.jpg,cattle_5073,14,val
BeefCattle_Muzzle_database/BeefCattle_Muzzle_Individualized/cattle_5073/cattle_5073_DSCF7298.jpg,cattle_5073,14,test
BeefCattle_Muzzle_database/BeefCattle_Muzzle_Individualized/cattle_5073/cattle_5073_DSCF7288.jpg,cattle_5073,14,test
BeefCattle_Muzzle_database/BeefCattle_Muzzle_Individualized/cattle_5073/cattle_5073_DSCF7294.jpg,cattle_5073,14,test
BeefCattle_Muzzle_database/BeefCattle_Muzzle_Individualized/cattle_5077/cattle_5077_DSCF7767.jpg,cattle_5077,16,train
BeefCattle_Muzzle_database/BeefCattle_Muzzle_Individualized/cattle_5077/cattle_5077_DSCF7766.jpg,cattle_5077,16,train
BeefCattle_Muzzle_database/BeefCattle_Muzzle_Individualized/cattle_5077/cattle_5077_DSCF7768.jpg,cattle_5077,16,train
BeefCattle_Muzzle_database/BeefCattle_Muzzle_Individualized/cattle_5077/cattle_5077_DSCF7762.jpg,cattle_5077,16,train
BeefCattle_Muzzle_database/BeefCattle_Muzzle_Individualized/cattle_5077/cattle_5077_DSCF7773.jpg,cattle_5077,16,train
BeefCattle_Muzzle_database/BeefCattle_Muzzle_Individualized/cattle_5077/cattle_5077_DSCF7774.jpg,cattle_5077,16,train
BeefCattle_Muzzle_database/BeefCattle_Muzzle_Individualized/cattle_5077/cattle_5077_DSCF7770.jpg,cattle_5077,16,train
BeefCattle_Muzzle_database/BeefCattle_Muzzle_Individualized/cattle_5077/cattle_5077_DSCF7761.jpg,cattle_5077,16,train
BeefCattle_Muzzle_database/BeefCattle_Muzzle_Individualized/cattle_5077/cattle_5077_DSCF7764.jpg,cattle_5077,16,train
BeefCattle_Muzzle_database/BeefCattle_Muzzle_Individualized/cattle_5077/cattle_5077_DSCF7765.jpg,cattle_5077,16,train
BeefCattle_Muzzle_database/BeefCattle_Muzzle_Individualized/cattle_5077/cattle_5077_DSCF7758.jpg,cattle_5077,16,train
BeefCattle_Muzzle_database/BeefCattle_Muzzle_Individualized/cattle_5077/cattle_5077_DSCF7757.jpg,cattle_5077,16,val
BeefCattle_Muzzle_database/BeefCattle_Muzzle_Individualized/cattle_5077/cattle_5077_DSCF7771.jpg,cattle_5077,16,val
BeefCattle_Muzzle_database/BeefCattle_Muzzle_Individualized/cattle_5077/cattle_5077_DSCF7769.jpg,cattle_5077,16,test
BeefCattle_Muzzle_database/BeefCattle_Muzzle_Individualized/cattle_5077/cattle_5077_DSCF7763.jpg,cattle_5077,16,test
BeefCattle_Muzzle_database/BeefCattle_Muzzle_Individualized/cattle_5077/cattle_5077_DSCF7772.jpg,cattle_5077,16,test
BeefCattle_Muzzle_database/BeefCattle_Muzzle_Individualized/cattle_5083/cattle_5083_DSCF9265.jpg,cattle_5083,29,train
BeefCattle_Muzzle_database/BeefCattle_Muzzle_Individualized/cattle_5083/cattle_5083_DSCF9283.jpg,cattle_5083,29,train
BeefCattle_Muzzle_database/BeefCattle_Muzzle_Individualized/cattle_5083/cattle_5083_DSCF9262.jpg,cattle_5083,29,train
BeefCattle_Muzzle_database/BeefCattle_Muzzle_Individualized/cattle_5083/cattle_5083_DSCF9275.jpg,cattle_5083,29,train
BeefCattle_Muzzle_database/BeefCattle_Muzzle_Individualized/cattle_5083/cattle_5083_DSCF9279.jpg,cattle_5083,29,train
BeefCattle_Muzzle_database/BeefCattle_Muzzle_Individualized/cattle_5083/cattle_5083_DSCF9277.jpg,cattle_5083,29,train
BeefCattle_Muzzle_database/BeefCattle_Muzzle_Individualized/cattle_5083/cattle_5083_DSCF9272.jpg,cattle_5083,29,train
BeefCattle_Muzzle_database/BeefCattle_Muzzle_Individualized/cattle_5083/cattle_5083_DSCF9268.jpg,cattle_5083,29,train
BeefCattle_Muzzle_database/BeefCattle_Muzzle_Individualized/cattle_5083/cattle_5083_DSCF9267.jpg,cattle_5083,29,train
BeefCattle_Muzzle_database/BeefCattle_Muzzle_Individualized/cattle_5083/cattle_5083_DSCF9270.jpg,cattle_5083,29,train
BeefCattle_Muzzle_database/BeefCattle_Muzzle_Individualized/cattle_5083/cattle_5083_DSCF9290.jpg,cattle_5083,29,train
BeefCattle_Muzzle_database/BeefCattle_Muzzle_Individualized/cattle_5083/cattle_5083_DSCF9271.jpg,cattle_5083,29,train
BeefCattle_Muzzle_database/BeefCattle_Muzzle_Individualized/cattle_5083/cattle_5083_DSCF9287.jpg,cattle_5083,29,train
BeefCattle_Muzzle_database/BeefCattle_Muzzle_Individualized/cattle_5083/cattle_5083_DSCF9284.jpg,cattle_5083,29,train
BeefCattle_Muzzle_database/BeefCattle_Muzzle_Individualized/cattle_5083/cattle_5083_DSCF9289.jpg,cattle_5083,29,train
BeefCattle_Muzzle_database/BeefCattle_Muzzle_Individualized/cattle_5083/cattle_5083_DSCF9278.jpg,cattle_5083,29,train
BeefCattle_Muzzle_database/BeefCattle_Muzzle_Individualized/cattle_5083/cattle_5083_DSCF9285.jpg,cattle_5083,29,train
BeefCattle_Muzzle_database/BeefCattle_Muzzle_Individualized/cattle_5083/cattle_5083_DSCF9276.jpg,cattle_5083,29,train
BeefCattle_Muzzle_database/BeefCattle_Muzzle_Individualized/cattle_5083/cattle_5083_DSCF9266.jpg,cattle_5083,29,train
BeefCattle_Muzzle_database/BeefCattle_Muzzle_Individualized/cattle_5083/cattle_5083_DSCF9281.jpg,cattle_5083,29,train
BeefCattle_Muzzle_database/BeefCattle_Muzzle_Individualized/cattle_5083/cattle_5083_DSCF9263.jpg,cattle_5083,29,val
BeefCattle_Muzzle_database/BeefCattle_Muzzle_Individualized/cattle_5083/cattle_5083_DSCF9280.jpg,cattle_5083,29,val
BeefCattle_Muzzle_database/BeefCattle_Muzzle_Individualized/cattle_5083/cattle_5083_DSCF9274.jpg,cattle_5083,29,val
BeefCattle_Muzzle_database/BeefCattle_Muzzle_Individualized/cattle_5083/cattle_5083_DSCF9288.jpg,cattle_5083,29,val
BeefCattle_Muzzle_database/BeefCattle_Muzzle_Individualized/cattle_5083/cattle_5083_DSCF9273.jpg,cattle_5083,29,test
BeefCattle_Muzzle_database/BeefCattle_Muzzle_Individualized/cattle_5083/cattle_5083_DSCF9282.jpg,cattle_5083,29,test
BeefCattle_Muzzle_database/BeefCattle_Muzzle_Individualized/cattle_5083/cattle_5083_DSCF9286.jpg,cattle_5083,29,test
BeefCattle_Muzzle_database/BeefCattle_Muzzle_Individualized/cattle_5083/cattle_5083_DSCF9269.jpg,cattle_5083,29,test
BeefCattle_Muzzle_database/BeefCattle_Muzzle_Individualized/cattle_5083/cattle_5083_DSCF9264.jpg,cattle_5083,29,test
BeefCattle_Muzzle_database/BeefCattle_Muzzle_Individualized/cattle_5090/cattle_5090_DSCF7828.jpg,cattle_5090,18,train
BeefCattle_Muzzle_database/BeefCattle_Muzzle_Individualized/cattle_5090/cattle_5090_DSCF7821.jpg,cattle_5090,18,train
BeefCattle_Muzzle_database/BeefCattle_Muzzle_Individualized/cattle_5090/cattle_5090_DSCF7825.jpg,cattle_5090,18,train
BeefCattle_Muzzle_database/BeefCattle_Muzzle_Individualized/cattle_5090/cattle_5090_DSCF7819.jpg,cattle_5090,18,train
BeefCattle_Muzzle_database/BeefCattle_Muzzle_Individualized/cattle_5090/cattle_5090_DSCF8196.jpg,cattle_5090,18,train
BeefCattle_Muzzle_database/BeefCattle_Muzzle_Individualized/cattle_5090/cattle_5090_DSCF7832.jpg,cattle_5090,18,train
BeefCattle_Muzzle_database/BeefCattle_Muzzle_Individualized/cattle_5090/cattle_5090_DSCF8197.jpg,cattle_5090,18,train
BeefCattle_Muzzle_database/BeefCattle_Muzzle_Individualized/cattle_5090/cattle_5090_DSCF7829.jpg,cattle_5090,18,train
BeefCattle_Muzzle_database/BeefCattle_Muzzle_Individualized/cattle_5090/cattle_5090_DSCF7822.jpg,cattle_5090,18,train
BeefCattle_Muzzle_database/BeefCattle_Muzzle_Individualized/cattle_5090/cattle_5090_DSCF7826.jpg,cattle_5090,18,train
BeefCattle_Muzzle_database/BeefCattle_Muzzle_Individualized/cattle_5090/cattle_5090_DSCF7830.jpg,cattle_5090,18,train
BeefCattle_Muzzle_database/BeefCattle_Muzzle_Individualized/cattle_5090/cattle_5090_DSCF7823.jpg,cattle_5090,18,train
BeefCattle_Muzzle_database/BeefCattle_Muzzle_Individualized/cattle_5090/cattle_5090_DSCF7820.jpg,cattle_5090,18,val
BeefCattle_Muzzle_database/BeefCattle_Muzzle_Individualized/cattle_5090/cattle_5090_DSCF7827.jpg,cattle_5090,18,val
BeefCattle_Muzzle_database/BeefCattle_Muzzle_Individualized/cattle_5090/cattle_5090_DSCF8194.jpg,cattle_5090,18,test
BeefCattle_Muzzle_database/BeefCattle_Muzzle_Individualized/cattle_5090/cattle_5090_DSCF7831.jpg,cattle_5090,18,test
BeefCattle_Muzzle_database/BeefCattle_Muzzle_Individualized/cattle_5090/cattle_5090_DSCF8195.jpg,cattle_5090,18,test
BeefCattle_Muzzle_database/BeefCattle_Muzzle_Individualized/cattle_5090/cattle_5090_DSCF7824.jpg,cattle_5090,18,test
BeefCattle_Muzzle_database/BeefCattle_Muzzle_Individualized/cattle_5097/cattle_5097_DSCF7888.jpg,cattle_5097,25,train
BeefCattle_Muzzle_database/BeefCattle_Muzzle_Individualized/cattle_5097/cattle_5097_DSCF7231.jpg,cattle_5097,25,train
BeefCattle_Muzzle_database/BeefCattle_Muzzle_Individualized/cattle_5097/cattle_5097_DSCF7232.jpg,cattle_5097,25,train
BeefCattle_Muzzle_database/BeefCattle_Muzzle_Individualized/cattle_5097/cattle_5097_DSCF7229.jpg,cattle_5097,25,train
BeefCattle_Muzzle_database/BeefCattle_Muzzle_Individualized/cattle_5097/cattle_5097_DSCF7276.jpg,cattle_5097,25,train
BeefCattle_Muzzle_database/BeefCattle_Muzzle_Individualized/cattle_5097/cattle_5097_DSCF7226.jpg,cattle_5097,25,train
BeefCattle_Muzzle_database/BeefCattle_Muzzle_Individualized/cattle_5097/cattle_5097_DSCF7225.jpg,cattle_5097,25,train
BeefCattle_Muzzle_database/BeefCattle_Muzzle_Individualized/cattle_5097/cattle_5097_DSCF7228.jpg,cattle_5097,25,train
BeefCattle_Muzzle_database/BeefCattle_Muzzle_Individualized/cattle_5097/cattle_5097_DSCF7896.jpg,cattle_5097,25,train
BeefCattle_Muzzle_database/BeefCattle_Muzzle_Individualized/cattle_5097/cattle_5097_DSCF7894.jpg,cattle_5097,25,train
BeefCattle_Muzzle_database/BeefCattle_Muzzle_Individualized/cattle_5097/cattle_5097_DSCF7892.jpg,cattle_5097,25,train
BeefCattle_Muzzle_database/BeefCattle_Muzzle_Individualized/cattle_5097/cattle_5097_DSCF7885.jpg,cattle_5097,25,train
BeefCattle_Muzzle_database/BeefCattle_Muzzle_Individualized/cattle_5097/cattle_5097_DSCF7891.jpg,cattle_5097,25,train
BeefCattle_Muzzle_database/BeefCattle_Muzzle_Individualized/cattle_5097/cattle_5097_DSCF7890.jpg,cattle_5097,25,train
BeefCattle_Muzzle_database/BeefCattle_Muzzle_Individualized/cattle_5097/cattle_5097_DSCF7886.jpg,cattle_5097,25,train
BeefCattle_Muzzle_database/BeefCattle_Muzzle_Individualized/cattle_5097/cattle_5097_DSCF7889.jpg,cattle_5097,25,train
BeefCattle_Muzzle_database/BeefCattle_Muzzle_Individualized/cattle_5097/cattle_5097_DSCF7277.jpg,cattle_5097,25,train
BeefCattle_Muzzle_database/BeefCattle_Muzzle_Individualized/cattle_5097/cattle_5097_DSCF7893.jpg,cattle_5097,25,val
BeefCattle_Muzzle_database/BeefCattle_Muzzle_Individualized/cattle_5097/cattle_5097_DSCF7279.jpg,cattle_5097,25,val
BeefCattle_Muzzle_database/BeefCattle_Muzzle_Individualized/cattle_5097/cattle_5097_DSCF7278.jpg,cattle_5097,25,val
BeefCattle_Muzzle_database/BeefCattle_Muzzle_Individualized/cattle_5097/cattle_5097_DSCF7227.jpg,cattle_5097,25,test
BeefCattle_Muzzle_database/BeefCattle_Muzzle_Individualized/cattle_5097/cattle_5097_DSCF7897.jpg,cattle_5097,25,test
BeefCattle_Muzzle_database/BeefCattle_Muzzle_Individualized/cattle_5097/cattle_5097_DSCF7895.jpg,cattle_5097,25,test
BeefCattle_Muzzle_database/BeefCattle_Muzzle_Individualized/cattle_5097/cattle_5097_DSCF7230.jpg,cattle_5097,25,test
BeefCattle_Muzzle_database/BeefCattle_Muzzle_Individualized/cattle_5097/cattle_5097_DSCF7887.jpg,cattle_5097,25,test
BeefCattle_Muzzle_database/BeefCattle_Muzzle_Individualized/cattle_5100/cattle_5100_DSCF7994.jpg,cattle_5100,8,train
BeefCattle_Muzzle_database/BeefCattle_Muzzle_Individualized/cattle_5100/cattle_5100_DSCF7993.jpg,cattle_5100,8,train
BeefCattle_Muzzle_database/BeefCattle_Muzzle_Individualized/cattle_5100/cattle_5100_DSCF8001.jpg,cattle_5100,8,train
BeefCattle_Muzzle_database/BeefCattle_Muzzle_Individualized/cattle_5100/cattle_5100_DSCF7996.jpg,cattle_5100,8,train
BeefCattle_Muzzle_database/BeefCattle_Muzzle_Individualized/cattle_5100/cattle_5100_DSCF7995.jpg,cattle_5100,8,train
BeefCattle_Muzzle_database/BeefCattle_Muzzle_Individualized/cattle_5100/cattle_5100_DSCF7999.jpg,cattle_5100,8,val
BeefCattle_Muzzle_database/BeefCattle_Muzzle_Individualized/cattle_5100/cattle_5100_DSCF7997.jpg,cattle_5100,8,test
BeefCattle_Muzzle_database/BeefCattle_Muzzle_Individualized/cattle_5100/cattle_5100_DSCF7998.jpg,cattle_5100,8,test
BeefCattle_Muzzle_database/BeefCattle_Muzzle_Individualized/cattle_5112/cattle_5112_DSCF7573.jpg,cattle_5112,14,train
BeefCattle_Muzzle_database/BeefCattle_Muzzle_Individualized/cattle_5112/cattle_5112_DSCF7582.jpg,cattle_5112,14,train
BeefCattle_Muzzle_database/BeefCattle_Muzzle_Individualized/cattle_5112/cattle_5112_DSCF7576.jpg,cattle_5112,14,train
BeefCattle_Muzzle_database/BeefCattle_Muzzle_Individualized/cattle_5112/cattle_5112_DSCF7571.jpg,cattle_5112,14,train
BeefCattle_Muzzle_database/BeefCattle_Muzzle_Individualized/cattle_5112/cattle_5112_DSCF7581.jpg,cattle_5112,14,train
BeefCattle_Muzzle_database/BeefCattle_Muzzle_Individualized/cattle_5112/cattle_5112_DSCF7574.jpg,cattle_5112,14,train
BeefCattle_Muzzle_database/BeefCattle_Muzzle_Individualized/cattle_5112/cattle_5112_DSCF7579.jpg,cattle_5112,14,train
BeefCattle_Muzzle_database/BeefCattle_Muzzle_Individualized/cattle_5112/cattle_5112_DSCF7584.jpg,cattle_5112,14,train
BeefCattle_Muzzle_database/BeefCattle_Muzzle_Individualized/cattle_5112/cattle_5112_DSCF7578.jpg,cattle_5112,14,train
BeefCattle_Muzzle_database/BeefCattle_Muzzle_Individualized/cattle_5112/cattle_5112_DSCF7577.jpg,cattle_5112,14,val
BeefCattle_Muzzle_database/BeefCattle_Muzzle_Individualized/cattle_5112/cattle_5112_DSCF7575.jpg,cattle_5112,14,val
BeefCattle_Muzzle_database/BeefCattle_Muzzle_Individualized/cattle_5112/cattle_5112_DSCF7583.jpg,cattle_5112,14,test
BeefCattle_Muzzle_database/BeefCattle_Muzzle_Individualized/cattle_5112/cattle_5112_DSCF7572.jpg,cattle_5112,14,test
BeefCattle_Muzzle_database/BeefCattle_Muzzle_Individualized/cattle_5112/cattle_5112_DSCF7580.jpg,cattle_5112,14,test
BeefCattle_Muzzle_database/BeefCattle_Muzzle_Individualized/cattle_5132/cattle_5132_DSCF7746.jpg,cattle_5132,30,train
BeefCattle_Muzzle_database/BeefCattle_Muzzle_Individualized/cattle_5132/cattle_5132_DSCF7749.jpg,cattle_5132,30,train
BeefCattle_Muzzle_database/BeefCattle_Muzzle_Individualized/cattle_5132/cattle_5132_DSCF7743.jpg,cattle_5132,30,train
BeefCattle_Muzzle_database/BeefCattle_Muzzle_Individualized/cattle_5132/cattle_5132_DSCF7753.jpg,cattle_5132,30,train
BeefCattle_Muzzle_database/BeefCattle_Muzzle_Individualized/cattle_5132/cattle_5132_DSCF7755.jpg,cattle_5132,30,train
BeefCattle_Muzzle_database/BeefCattle_Muzzle_Individualized/cattle_5132/cattle_5132_DSCF8074.jpg,cattle_5132,30,train
BeefCattle_Muzzle_database/BeefCattle_Muzzle_Individualized/cattle_5132/cattle_5132_DSCF7750.jpg,cattle_5132,30,train
BeefCattle_Muzzle_database/BeefCattle_Muzzle_Individualized/cattle_5132/cattle_5132_DSCF8067.jpg,cattle_5132,30,train
BeefCattle_Muzzle_database/BeefCattle_Muzzle_Individualized/cattle_5132/cattle_5132_DSCF7752.jpg,cattle_5132,30,train
BeefCattle_Muzzle_database/BeefCattle_Muzzle_Individualized/cattle_5132/cattle_5132_DSCF8071.jpg,cattle_5132,30,train
BeefCattle_Muzzle_database/BeefCattle_Muzzle_Individualized/cattle_5132/cattle_5132_DSCF8073.jpg,cattle_5132,30,train
BeefCattle_Muzzle_database/BeefCattle_Muzzle_Individualized/cattle_5132/cattle_5132_DSCF8076.jpg,cattle_5132,30,train
BeefCattle_Muzzle_database/BeefCattle_Muzzle_Individualized/cattle_5132/cattle_5132_DSCF7751.jpg,cattle_5132,30,train
BeefCattle_Muzzle_database/BeefCattle_Muzzle_Individualized/cattle_5132/cattle_5132_DSCF8063.jpg,cattle_5132,30,train
BeefCattle_Muzzle_database/BeefCattle_Muzzle_Individualized/cattle_5132/cattle_5132_DSCF8072.jpg,cattle_5132,30,train
BeefCattle_Muzzle_database/BeefCattle_Muzzle_Individualized/cattle_5132/cattle_5132_DSCF7744.jpg,cattle_5132,30,train
BeefCattle_Muzzle_database/BeefCattle_Muzzle_Individualized/cattle_5132/cattle_5132_DSCF7756.jpg,cattle_5132,30,train
BeefCattle_Muzzle_database/BeefCattle_Muzzle_Individualized/cattle_5132/cattle_5132_DSCF8070.jpg,cattle_5132,30,train
BeefCattle_Muzzle_database/BeefCattle_Muzzle_Individualized/cattle_5132/cattle_5132_DSCF7748.jpg,cattle_5132,30,train
BeefCattle_Muzzle_database/BeefCattle_Muzzle_Individualized/cattle_5132/cattle_5132_DSCF8066.jpg,cattle_5132,30,train
BeefCattle_Muzzle_database/BeefCattle_Muzzle_Individualized/cattle_5132/cattle_5132_DSCF8077.jpg,cattle_5132,30,train
BeefCattle_Muzzle_database/BeefCattle_Muzzle_Individualized/cattle_5132/cattle_5132_DSCF8065.jpg,cattle_5132,30,val
BeefCattle_Muzzle_database/BeefCattle_Muzzle_Individualized/cattle_5132/cattle_5132_DSCF7747.jpg,cattle_5132,30,val
BeefCattle_Muzzle_database/BeefCattle_Muzzle_Individualized/cattle_5132/cattle_5132_DSCF7754.jpg,cattle_5132,30,val
BeefCattle_Muzzle_database/BeefCattle_Muzzle_Individualized/cattle_5132/cattle_5132_DSCF8064.jpg,cattle_5132,30,val
BeefCattle_Muzzle_database/BeefCattle_Muzzle_Individualized/cattle_5132/cattle_5132_DSCF8069.jpg,cattle_5132,30,test
BeefCattle_Muzzle_database/BeefCattle_Muzzle_Individualized/cattle_5132/cattle_5132_DSCF8075.jpg,cattle_5132,30,test
BeefCattle_Muzzle_database/BeefCattle_Muzzle_Individualized/cattle_5132/cattle_5132_DSCF8062.jpg,cattle_5132,30,test
BeefCattle_Muzzle_database/BeefCattle_Muzzle_Individualized/cattle_5132/cattle_5132_DSCF7745.jpg,cattle_5132,30,test
BeefCattle_Muzzle_database/BeefCattle_Muzzle_Individualized/cattle_5132/cattle_5132_DSCF8068.jpg,cattle_5132,30,test
BeefCattle_Muzzle_database/BeefCattle_Muzzle_Individualized/cattle_5133/cattle_5133_DSCF7744.jpg,cattle_5133,12,train
BeefCattle_Muzzle_database/BeefCattle_Muzzle_Individualized/cattle_5133/cattle_5133_DSCF7754.jpg,cattle_5133,12,train
BeefCattle_Muzzle_database/BeefCattle_Muzzle_Individualized/cattle_5133/cattle_5133_DSCF7749.jpg,cattle_5133,12,train
BeefCattle_Muzzle_database/BeefCattle_Muzzle_Individualized/cattle_5133/cattle_5133_DSCF7743.jpg,cattle_5133,12,train
BeefCattle_Muzzle_database/BeefCattle_Muzzle_Individualized/cattle_5133/cattle_5133_DSCF7752.jpg,cattle_5133,12,train
BeefCattle_Muzzle_database/BeefCattle_Muzzle_Individualized/cattle_5133/cattle_5133_DSCF7750.jpg,cattle_5133,12,train
BeefCattle_Muzzle_database/BeefCattle_Muzzle_Individualized/cattle_5133/cattle_5133_DSCF7748.jpg,cattle_5133,12,train
BeefCattle_Muzzle_database/BeefCattle_Muzzle_Individualized/cattle_5133/cattle_5133_DSCF7745.jpg,cattle_5133,12,train
BeefCattle_Muzzle_database/BeefCattle_Muzzle_Individualized/cattle_5133/cattle_5133_DSCF7747.jpg,cattle_5133,12,val
BeefCattle_Muzzle_database/BeefCattle_Muzzle_Individualized/cattle_5133/cattle_5133_DSCF7751.jpg,cattle_5133,12,test
BeefCattle_Muzzle_database/BeefCattle_Muzzle_Individualized/cattle_5133/cattle_5133_DSCF7753.jpg,cattle_5133,12,test
BeefCattle_Muzzle_database/BeefCattle_Muzzle_Individualized/cattle_5133/cattle_5133_DSCF7746.jpg,cattle_5133,12,test
BeefCattle_Muzzle_database/BeefCattle_Muzzle_Individualized/cattle_5138/cattle_5138_DSCF8911.jpg,cattle_5138,11,train
BeefCattle_Muzzle_database/BeefCattle_Muzzle_Individualized/cattle_5138/cattle_5138_DSCF8910.jpg,cattle_5138,11,train
BeefCattle_Muzzle_database/BeefCattle_Muzzle_Individualized/cattle_5138/cattle_5138_DSCF8913.jpg,cattle_5138,11,train
BeefCattle_Muzzle_database/BeefCattle_Muzzle_Individualized/cattle_5138/cattle_5138_DSCF8917.jpg,cattle_5138,11,train
BeefCattle_Muzzle_database/BeefCattle_Muzzle_Individualized/cattle_5138/cattle_5138_DSCF8916.jpg,cattle_5138,11,train
BeefCattle_Muzzle_database/BeefCattle_Muzzle_Individualized/cattle_5138/cattle_5138_DSCF8914.jpg,cattle_5138,11,train
BeefCattle_Muzzle_database/BeefCattle_Muzzle_Individualized/cattle_5138/cattle_5138_DSCF8915.jpg,cattle_5138,11,train
BeefCattle_Muzzle_database/BeefCattle_Muzzle_Individualized/cattle_5138/cattle_5138_DSCF8918.jpg,cattle_5138,11,val
BeefCattle_Muzzle_database/BeefCattle_Muzzle_Individualized/cattle_5138/cattle_5138_DSCF8912.jpg,cattle_5138,11,test
BeefCattle_Muzzle_database/BeefCattle_Muzzle_Individualized/cattle_5138/cattle_5138_DSCF8920.jpg,cattle_5138,11,test
BeefCattle_Muzzle_database/BeefCattle_Muzzle_Individualized/cattle_5138/cattle_5138_DSCF8919.jpg,cattle_5138,11,test
BeefCattle_Muzzle_database/BeefCattle_Muzzle_Individualized/cattle_5143/cattle_5143_DSCF7977.jpg,cattle_5143,9,train
BeefCattle_Muzzle_database/BeefCattle_Muzzle_Individualized/cattle_5143/cattle_5143_DSCF7976.jpg,cattle_5143,9,train
BeefCattle_Muzzle_database/BeefCattle_Muzzle_Individualized/cattle_5143/cattle_5143_DSCF7973.jpg,cattle_5143,9,train
BeefCattle_Muzzle_database/BeefCattle_Muzzle_Individualized/cattle_5143/cattle_5143_DSCF7972.jpg,cattle_5143,9,train
BeefCattle_Muzzle_database/BeefCattle_Muzzle_Individualized/cattle_5143/cattle_5143_DSCF7974.jpg,cattle_5143,9,train
BeefCattle_Muzzle_database/BeefCattle_Muzzle_Individualized/cattle_5143/cattle_5143_DSCF7975.jpg,cattle_5143,9,train
BeefCattle_Muzzle_database/BeefCattle_Muzzle_Individualized/cattle_5143/cattle_5143_DSCF7978.jpg,cattle_5143,9,val
BeefCattle_Muzzle_database/BeefCattle_Muzzle_Individualized/cattle_5143/cattle_5143_DSCF7971.jpg,cattle_5143,9,test
BeefCattle_Muzzle_database/BeefCattle_Muzzle_Individualized/cattle_5143/cattle_5143_DSCF7970.jpg,cattle_5143,9,test
BeefCattle_Muzzle_database/BeefCattle_Muzzle_Individualized/cattle_5164/cattle_5164_DSCF7209.jpg,cattle_5164,32,train
BeefCattle_Muzzle_database/BeefCattle_Muzzle_Individualized/cattle_5164/cattle_5164_DSCF7221.jpg,cattle_5164,32,train
BeefCattle_Muzzle_database/BeefCattle_Muzzle_Individualized/cattle_5164/cattle_5164_DSCF7212.jpg,cattle_5164,32,train
BeefCattle_Muzzle_database/BeefCattle_Muzzle_Individualized/cattle_5164/cattle_5164_DSCF7143.jpg,cattle_5164,32,train
BeefCattle_Muzzle_database/BeefCattle_Muzzle_Individualized/cattle_5164/cattle_5164_DSCF7223.jpg,cattle_5164,32,train
BeefCattle_Muzzle_database/BeefCattle_Muzzle_Individualized/cattle_5164/cattle_5164_DSCF7147.jpg,cattle_5164,32,train
BeefCattle_Muzzle_database/BeefCattle_Muzzle_Individualized/cattle_5164/cattle_5164_DSCF7149.jpg,cattle_5164,32,train
BeefCattle_Muzzle_database/BeefCattle_Muzzle_Individualized/cattle_5164/cattle_5164_DSCF7218.jpg,cattle_5164,32,train
BeefCattle_Muzzle_database/BeefCattle_Muzzle_Individualized/cattle_5164/cattle_5164_DSCF7144.jpg,cattle_5164,32,train
BeefCattle_Muzzle_database/BeefCattle_Muzzle_Individualized/cattle_5164/cattle_5164_DSCF7142.jpg,cattle_5164,32,train
BeefCattle_Muzzle_database/BeefCattle_Muzzle_Individualized/cattle_5164/cattle_5164_DSCF7150.jpg,cattle_5164,32,train
BeefCattle_Muzzle_database/BeefCattle_Muzzle_Individualized/cattle_5164/cattle_5164_DSCF7152.jpg,cattle_5164,32,train
BeefCattle_Muzzle_database/BeefCattle_Muzzle_Individualized/cattle_5164/cattle_5164_DSCF7145.jpg,cattle_5164,32,train
BeefCattle_Muzzle_database/BeefCattle_Muzzle_Individualized/cattle_5164/cattle_5164_DSCF7216.jpg,cattle_5164,32,train
BeefCattle_Muzzle_database/BeefCattle_Muzzle_Individualized/cattle_5164/cattle_5164_DSCF7155.jpg,cattle_5164,32,train
BeefCattle_Muzzle_database/BeefCattle_Muzzle_Individualized/cattle_5164/cattle_5164_DSCF7140.jpg,cattle_5164,32,train
BeefCattle_Muzzle_database/BeefCattle_Muzzle_Individualized/cattle_5164/cattle_5164_DSCF7141.jpg,cattle_5164,32,train
BeefCattle_Muzzle_database/BeefCattle_Muzzle_Individualized/cattle_5164/cattle_5164_DSCF7153.jpg,cattle_5164,32,train
BeefCattle_Muzzle_database/BeefCattle_Muzzle_Individualized/cattle_5164/cattle_5164_DSCF7215.jpg,cattle_5164,32,train
BeefCattle_Muzzle_database/BeefCattle_Muzzle_Individualized/cattle_5164/cattle_5164_DSCF7151.jpg,cattle_5164,32,train
BeefCattle_Muzzle_database/BeefCattle_Muzzle_Individualized/cattle_5164/cattle_5164_DSCF7146.jpg,cattle_5164,32,train
BeefCattle_Muzzle_database/BeefCattle_Muzzle_Individualized/cattle_5164/cattle_5164_DSCF7220.jpg,cattle_5164,32,train
BeefCattle_Muzzle_database/BeefCattle_Muzzle_Individualized/cattle_5164/cattle_5164_DSCF7217.jpg,cattle_5164,32,val
BeefCattle_Muzzle_database/BeefCattle_Muzzle_Individualized/cattle_5164/cattle_5164_DSCF7224.jpg,cattle_5164,32,val
BeefCattle_Muzzle_database/BeefCattle_Muzzle_Individualized/cattle_5164/cattle_5164_DSCF7148.jpg,cattle_5164,32,val
BeefCattle_Muzzle_database/BeefCattle_Muzzle_Individualized/cattle_5164/cattle_5164_DSCF7156.jpg,cattle_5164,32,val
BeefCattle_Muzzle_database/BeefCattle_Muzzle_Individualized/cattle_5164/cattle_5164_DSCF7222.jpg,cattle_5164,32,test
BeefCattle_Muzzle_database/BeefCattle_Muzzle_Individualized/cattle_5164/cattle_5164_DSCF7154.jpg,cattle_5164,32,test
BeefCattle_Muzzle_database/BeefCattle_Muzzle_Individualized/cattle_5164/cattle_5164_DSCF7139.jpg,cattle_5164,32,test
BeefCattle_Muzzle_database/BeefCattle_Muzzle_Individualized/cattle_5164/cattle_5164_DSCF7211.jpg,cattle_5164,32,test
BeefCattle_Muzzle_database/BeefCattle_Muzzle_Individualized/cattle_5164/cattle_5164_DSCF7210.jpg,cattle_5164,32,test
BeefCattle_Muzzle_database/BeefCattle_Muzzle_Individualized/cattle_5164/cattle_5164_DSCF7219.jpg,cattle_5164,32,test
BeefCattle_Muzzle_database/BeefCattle_Muzzle_Individualized/cattle_5165/cattle_5165_DSCF7356.jpg,cattle_5165,10,train
BeefCattle_Muzzle_database/BeefCattle_Muzzle_Individualized/cattle_5165/cattle_5165_DSCF7358.jpg,cattle_5165,10,train
BeefCattle_Muzzle_database/BeefCattle_Muzzle_Individualized/cattle_5165/cattle_5165_DSCF7361.jpg,cattle_5165,10,train
BeefCattle_Muzzle_database/BeefCattle_Muzzle_Individualized/cattle_5165/cattle_5165_DSCF7352.jpg,cattle_5165,10,train
BeefCattle_Muzzle_database/BeefCattle_Muzzle_Individualized/cattle_5165/cattle_5165_DSCF7355.jpg,cattle_5165,10,train
BeefCattle_Muzzle_database/BeefCattle_Muzzle_Individualized/cattle_5165/cattle_5165_DSCF7359.jpg,cattle_5165,10,train
BeefCattle_Muzzle_database/BeefCattle_Muzzle_Individualized/cattle_5165/cattle_5165_DSCF7354.jpg,cattle_5165,10,train
BeefCattle_Muzzle_database/BeefCattle_Muzzle_Individualized/cattle_5165/cattle_5165_DSCF7353.jpg,cattle_5165,10,val
BeefCattle_Muzzle_database/BeefCattle_Muzzle_Individualized/cattle_5165/cattle_5165_DSCF7360.jpg,cattle_5165,10,test
BeefCattle_Muzzle_database/BeefCattle_Muzzle_Individualized/cattle_5165/cattle_5165_DSCF7357.jpg,cattle_5165,10,test
BeefCattle_Muzzle_database/BeefCattle_Muzzle_Individualized/cattle_5170/cattle_5170_DSCF7665.jpg,cattle_5170,40,train
BeefCattle_Muzzle_database/BeefCattle_Muzzle_Individualized/cattle_5170/cattle_5170_DSCF9023.jpg,cattle_5170,40,train
BeefCattle_Muzzle_database/BeefCattle_Muzzle_Individualized/cattle_5170/cattle_5170_DSCF7634.jpg,cattle_5170,40,train
BeefCattle_Muzzle_database/BeefCattle_Muzzle_Individualized/cattle_5170/cattle_5170_DSCF7651.jpg,cattle_5170,40,train
BeefCattle_Muzzle_database/BeefCattle_Muzzle_Individualized/cattle_5170/cattle_5170_DSCF9034.jpg,cattle_5170,40,train
BeefCattle_Muzzle_database/BeefCattle_Muzzle_Individualized/cattle_5170/cattle_5170_DSCF7669.jpg,cattle_5170,40,train
BeefCattle_Muzzle_database/BeefCattle_Muzzle_Individualized/cattle_5170/cattle_5170_DSCF7664.jpg,cattle_5170,40,train
BeefCattle_Muzzle_database/BeefCattle_Muzzle_Individualized/cattle_5170/cattle_5170_DSCF9024.jpg,cattle_5170,40,train
BeefCattle_Muzzle_database/BeefCattle_Muzzle_Individualized/cattle_5170/cattle_5170_DSCF9031.jpg,cattle_5170,40,train
BeefCattle_Muzzle_database/BeefCattle_Muzzle_Individualized/cattle_5170/cattle_5170_DSCF9032.jpg,cattle_5170,40,train
BeefCattle_Muzzle_database/BeefCattle_Muzzle_Individualized/cattle_5170/cattle_5170_DSCF7663.jpg,cattle_5170,40,train
BeefCattle_Muzzle_database/BeefCattle_Muzzle_Individualized/cattle_5170/cattle_5170_DSCF9040.jpg,cattle_5170,40,train
BeefCattle_Muzzle_database/BeefCattle_Muzzle_Individualized/cattle_5170/cattle_5170_DSCF7655.jpg,cattle_5170,40,train
BeefCattle_Muzzle_database/BeefCattle_Muzzle_Individualized/cattle_5170/cattle_5170_DSCF7656.jpg,cattle_5170,40,train
BeefCattle_Muzzle_database/BeefCattle_Muzzle_Individualized/cattle_5170/cattle_5170_DSCF9029.jpg,cattle_5170,40,train
BeefCattle_Muzzle_database/BeefCattle_Muzzle_Individualized/cattle_5170/cattle_5170_DSCF7635.jpg,cattle_5170,40,train
BeefCattle_Muzzle_database/BeefCattle_Muzzle_Individualized/cattle_5170/cattle_5170_DSCF7633.jpg,cattle_5170,40,train
BeefCattle_Muzzle_database/BeefCattle_Muzzle_Individualized/cattle_5170/cattle_5170_DSCF7671.jpg,cattle_5170,40,train
BeefCattle_Muzzle_database/BeefCattle_Muzzle_Individualized/cattle_5170/cattle_5170_DSCF9042.jpg,cattle_5170,40,train
BeefCattle_Muzzle_database/BeefCattle_Muzzle_Individualized/cattle_5170/cattle_5170_DSCF9026.jpg,cattle_5170,40,train
BeefCattle_Muzzle_database/BeefCattle_Muzzle_Individualized/cattle_5170/cattle_5170_DSCF7666.jpg,cattle_5170,40,train
BeefCattle_Muzzle_database/BeefCattle_Muzzle_Individualized/cattle_5170/cattle_5170_DSCF7668.jpg,cattle_5170,40,train
BeefCattle_Muzzle_database/BeefCattle_Muzzle_Individualized/cattle_5170/cattle_5170_DSCF9036.jpg,cattle_5170,40,train
BeefCattle_Muzzle_database/BeefCattle_Muzzle_Individualized/cattle_5170/cattle_5170_DSCF7652.jpg,cattle_5170,40,train
BeefCattle_Muzzle_database/BeefCattle_Muzzle_Individualized/cattle_5170/cattle_5170_DSCF9038.jpg,cattle_5170,40,train
BeefCattle_Muzzle_database/BeefCattle_Muzzle_Individualized/cattle_5170/cattle_5170_DSCF9041.jpg,cattle_5170,40,train
BeefCattle_Muzzle_database/BeefCattle_Muzzle_Individualized/cattle_5170/cattle_5170_DSCF9033.jpg,cattle_5170,40,train
BeefCattle_Muzzle_database/BeefCattle_Muzzle_Individualized/cattle_5170/cattle_5170_DSCF9027.jpg,cattle_5170,40,train
BeefCattle_Muzzle_database/BeefCattle_Muzzle_Individualized/cattle_5170/cattle_5170_DSCF9039.jpg,cattle_5170,40,val
BeefCattle_Muzzle_database/BeefCattle_Muzzle_Individualized/cattle_5170/cattle_5170_DSCF9035.jpg,cattle_5170,40,val
BeefCattle_Muzzle_database/BeefCattle_Muzzle_Individualized/cattle_5170/cattle_5170_DSCF9037.jpg,cattle_5170,40,val
BeefCattle_Muzzle_database/BeefCattle_Muzzle_Individualized/cattle_5170/cattle_5170_DSCF7662.jpg,cattle_5170,40,val
BeefCattle_Muzzle_database/BeefCattle_Muzzle_Individualized/cattle_5170/cattle_5170_DSCF9043.jpg,cattle_5170,40,val
BeefCattle_Muzzle_database/BeefCattle_Muzzle_Individualized/cattle_5170/cattle_5170_DSCF9030.jpg,cattle_5170,40,val
BeefCattle_Muzzle_database/BeefCattle_Muzzle_Individualized/cattle_5170/cattle_5170_DSCF9028.jpg,cattle_5170,40,test
BeefCattle_Muzzle_database/BeefCattle_Muzzle_Individualized/cattle_5170/cattle_5170_DSCF7670.jpg,cattle_5170,40,test
BeefCattle_Muzzle_database/BeefCattle_Muzzle_Individualized/cattle_5170/cattle_5170_DSCF7636.jpg,cattle_5170,40,test
BeefCattle_Muzzle_database/BeefCattle_Muzzle_Individualized/cattle_5170/cattle_5170_DSCF7654.jpg,cattle_5170,40,test
BeefCattle_Muzzle_database/BeefCattle_Muzzle_Individualized/cattle_5170/cattle_5170_DSCF7657.jpg,cattle_5170,40,test
BeefCattle_Muzzle_database/BeefCattle_Muzzle_Individualized/cattle_5170/cattle_5170_DSCF7667.jpg,cattle_5170,40,test
BeefCattle_Muzzle_database/BeefCattle_Muzzle_Individualized/cattle_5171/cattle_5171_DSCF9031.jpg,cattle_5171,20,train
BeefCattle_Muzzle_database/BeefCattle_Muzzle_Individualized/cattle_5171/cattle_5171_DSCF9038.jpg,cattle_5171,20,train
BeefCattle_Muzzle_database/BeefCattle_Muzzle_Individualized/cattle_5171/cattle_5171_DSCF9024.jpg,cattle_5171,20,train
BeefCattle_Muzzle_database/BeefCattle_Muzzle_Individualized/cattle_5171/cattle_5171_DSCF9033.jpg,cattle_5171,20,train
BeefCattle_Muzzle_database/BeefCattle_Muzzle_Individualized/cattle_5171/cattle_5171_DSCF9034.jpg,cattle_5171,20,train
BeefCattle_Muzzle_database/BeefCattle_Muzzle_Individualized/cattle_5171/cattle_5171_DSCF9041.jpg,cattle_5171,20,train
BeefCattle_Muzzle_database/BeefCattle_Muzzle_Individualized/cattle_5171/cattle_5171_DSCF9026.jpg,cattle_5171,20,train
BeefCattle_Muzzle_database/BeefCattle_Muzzle_Individualized/cattle_5171/cattle_5171_DSCF9043.jpg,cattle_5171,20,train
BeefCattle_Muzzle_database/BeefCattle_Muzzle_Individualized/cattle_5171/cattle_5171_DSCF9040.jpg,cattle_5171,20,train
BeefCattle_Muzzle_database/BeefCattle_Muzzle_Individualized/cattle_5171/cattle_5171_DSCF9039.jpg,cattle_5171,20,train
BeefCattle_Muzzle_database/BeefCattle_Muzzle_Individualized/cattle_5171/cattle_5171_DSCF9042.jpg,cattle_5171,20,train
BeefCattle_Muzzle_database/BeefCattle_Muzzle_Individualized/cattle_5171/cattle_5171_DSCF9023.jpg,cattle_5171,20,train
BeefCattle_Muzzle_database/BeefCattle_Muzzle_Individualized/cattle_5171/cattle_5171_DSCF9029.jpg,cattle_5171,20,train
BeefCattle_Muzzle_database/BeefCattle_Muzzle_Individualized/cattle_5171/cattle_5171_DSCF9030.jpg,cattle_5171,20,train
BeefCattle_Muzzle_database/BeefCattle_Muzzle_Individualized/cattle_5171/cattle_5171_DSCF9036.jpg,cattle_5171,20,val
BeefCattle_Muzzle_database/BeefCattle_Muzzle_Individualized/cattle_5171/cattle_5171_DSCF9035.jpg,cattle_5171,20,val
BeefCattle_Muzzle_database/BeefCattle_Muzzle_Individualized/cattle_5171/cattle_5171_DSCF9032.jpg,cattle_5171,20,val
BeefCattle_Muzzle_database/BeefCattle_Muzzle_Individualized/cattle_5171/cattle_5171_DSCF9028.jpg,cattle_5171,20,test
BeefCattle_Muzzle_database/BeefCattle_Muzzle_Individualized/cattle_5171/cattle_5171_DSCF9037.jpg,cattle_5171,20,test
BeefCattle_Muzzle_database/BeefCattle_Muzzle_Individualized/cattle_5171/cattle_5171_DSCF9027.jpg,cattle_5171,20,test
BeefCattle_Muzzle_database/BeefCattle_Muzzle_Individualized/cattle_5197/cattle_5197_DSCF7706.jpg,cattle_5197,14,train
BeefCattle_Muzzle_database/BeefCattle_Muzzle_Individualized/cattle_5197/cattle_5197_DSCF7713.jpg,cattle_5197,14,train
BeefCattle_Muzzle_database/BeefCattle_Muzzle_Individualized/cattle_5197/cattle_5197_DSCF7705.jpg,cattle_5197,14,train
BeefCattle_Muzzle_database/BeefCattle_Muzzle_Individualized/cattle_5197/cattle_5197_DSCF7711.jpg,cattle_5197,14,train
BeefCattle_Muzzle_database/BeefCattle_Muzzle_Individualized/cattle_5197/cattle_5197_DSCF7707.jpg,cattle_5197,14,train
BeefCattle_Muzzle_database/BeefCattle_Muzzle_Individualized/cattle_5197/cattle_5197_DSCF7703.jpg,cattle_5197,14,train
BeefCattle_Muzzle_database/BeefCattle_Muzzle_Individualized/cattle_5197/cattle_5197_DSCF7686.jpg,cattle_5197,14,train
BeefCattle_Muzzle_database/BeefCattle_Muzzle_Individualized/cattle_5197/cattle_5197_DSCF7702.jpg,cattle_5197,14,train
BeefCattle_Muzzle_database/BeefCattle_Muzzle_Individualized/cattle_5197/cattle_5197_DSCF7687.jpg,cattle_5197,14,train
BeefCattle_Muzzle_database/BeefCattle_Muzzle_Individualized/cattle_5197/cattle_5197_DSCF7710.jpg,cattle_5197,14,val
BeefCattle_Muzzle_database/BeefCattle_Muzzle_Individualized/cattle_5197/cattle_5197_DSCF7709.jpg,cattle_5197,14,val
BeefCattle_Muzzle_database/BeefCattle_Muzzle_Individualized/cattle_5197/cattle_5197_DSCF7704.jpg,cattle_5197,14,test
BeefCattle_Muzzle_database/BeefCattle_Muzzle_Individualized/cattle_5197/cattle_5197_DSCF7708.jpg,cattle_5197,14,test
BeefCattle_Muzzle_database/BeefCattle_Muzzle_Individualized/cattle_5197/cattle_5197_DSCF7712.jpg,cattle_5197,14,test
BeefCattle_Muzzle_database/BeefCattle_Muzzle_Individualized/cattle_5207/cattle_5207_DSCF8804.jpg,cattle_5207,18,train
BeefCattle_Muzzle_database/BeefCattle_Muzzle_Individualized/cattle_5207/cattle_5207_DSCF8803.jpg,cattle_5207,18,train
BeefCattle_Muzzle_database/BeefCattle_Muzzle_Individualized/cattle_5207/cattle_5207_DSCF8796.jpg,cattle_5207,18,train
BeefCattle_Muzzle_database/BeefCattle_Muzzle_Individualized/cattle_5207/cattle_5207_DSCF8809.jpg,cattle_5207,18,train
BeefCattle_Muzzle_database/BeefCattle_Muzzle_Individualized/cattle_5207/cattle_5207_DSCF8802.jpg,cattle_5207,18,train
BeefCattle_Muzzle_database/BeefCattle_Muzzle_Individualized/cattle_5207/cattle_5207_DSCF8810.jpg,cattle_5207,18,train
BeefCattle_Muzzle_database/BeefCattle_Muzzle_Individualized/cattle_5207/cattle_5207_DSCF8794.jpg,cattle_5207,18,train
BeefCattle_Muzzle_database/BeefCattle_Muzzle_Individualized/cattle_5207/cattle_5207_DSCF8807.jpg,cattle_5207,18,train
BeefCattle_Muzzle_database/BeefCattle_Muzzle_Individualized/cattle_5207/cattle_5207_DSCF8800.jpg,cattle_5207,18,train
BeefCattle_Muzzle_database/BeefCattle_Muzzle_Individualized/cattle_5207/cattle_5207_DSCF8798.jpg,cattle_5207,18,train
BeefCattle_Muzzle_database/BeefCattle_Muzzle_Individualized/cattle_5207/cattle_5207_DSCF8795.jpg,cattle_5207,18,train
BeefCattle_Muzzle_database/BeefCattle_Muzzle_Individualized/cattle_5207/cattle_5207_DSCF8808.jpg,cattle_5207,18,train
BeefCattle_Muzzle_database/BeefCattle_Muzzle_Individualized/cattle_5207/cattle_5207_DSCF8806.jpg,cattle_5207,18,val
BeefCattle_Muzzle_database/BeefCattle_Muzzle_Individualized/cattle_5207/cattle_5207_DSCF8793.jpg,cattle_5207,18,val
BeefCattle_Muzzle_database/BeefCattle_Muzzle_Individualized/cattle_5207/cattle_5207_DSCF8801.jpg,cattle_5207,18,test
BeefCattle_Muzzle_database/BeefCattle_Muzzle_Individualized/cattle_5207/cattle_5207_DSCF8805.jpg,cattle_5207,18,test
BeefCattle_Muzzle_database/BeefCattle_Muzzle_Individualized/cattle_5207/cattle_5207_DSCF8799.jpg,cattle_5207,18,test
BeefCattle_Muzzle_database/BeefCattle_Muzzle_Individualized/cattle_5207/cattle_5207_DSCF8797.jpg,cattle_5207,18,test
BeefCattle_Muzzle_database/BeefCattle_Muzzle_Individualized/cattle_5215/cattle_5215_DSCF9145.jpg,cattle_5215,48,train
BeefCattle_Muzzle_database/BeefCattle_Muzzle_Individualized/cattle_5215/cattle_5215_DSCF8254.jpg,cattle_5215,48,train
BeefCattle_Muzzle_database/BeefCattle_Muzzle_Individualized/cattle_5215/cattle_5215_DSCF8240.jpg,cattle_5215,48,train
BeefCattle_Muzzle_database/BeefCattle_Muzzle_Individualized/cattle_5215/cattle_5215_DSCF8251.jpg,cattle_5215,48,train
BeefCattle_Muzzle_database/BeefCattle_Muzzle_Individualized/cattle_5215/cattle_5215_DSCF8247.jpg,cattle_5215,48,train
BeefCattle_Muzzle_database/BeefCattle_Muzzle_Individualized/cattle_5215/cattle_5215_DSCF8239.jpg,cattle_5215,48,train
BeefCattle_Muzzle_database/BeefCattle_Muzzle_Individualized/cattle_5215/cattle_5215_DSCF9136.jpg,cattle_5215,48,train
BeefCattle_Muzzle_database/BeefCattle_Muzzle_Individualized/cattle_5215/cattle_5215_DSCF8238.jpg,cattle_5215,48,train
BeefCattle_Muzzle_database/BeefCattle_Muzzle_Individualized/cattle_5215/cattle_5215_DSCF8249.jpg,cattle_5215,48,train
BeefCattle_Muzzle_database/BeefCattle_Muzzle_Individualized/cattle_5215/cattle_5215_DSCF8241.jpg,cattle_5215,48,train
BeefCattle_Muzzle_database/BeefCattle_Muzzle_Individualized/cattle_5215/cattle_5215_DSCF9138.jpg,cattle_5215,48,train
BeefCattle_Muzzle_database/BeefCattle_Muzzle_Individualized/cattle_5215/cattle_5215_DSCF8246.jpg,cattle_5215,48,train
BeefCattle_Muzzle_database/BeefCattle_Muzzle_Individualized/cattle_5215/cattle_5215_DSCF9192.jpg,cattle_5215,48,train
BeefCattle_Muzzle_database/BeefCattle_Muzzle_Individualized/cattle_5215/cattle_5215_DSCF9134.jpg,cattle_5215,48,train
BeefCattle_Muzzle_database/BeefCattle_Muzzle_Individualized/cattle_5215/cattle_5215_DSCF8237.jpg,cattle_5215,48,train
BeefCattle_Muzzle_database/BeefCattle_Muzzle_Individualized/cattle_5215/cattle_5215_DSCF9150.jpg,cattle_5215,48,train
BeefCattle_Muzzle_database/BeefCattle_Muzzle_Individualized/cattle_5215/cattle_5215_DSCF9190.jpg,cattle_5215,48,train
BeefCattle_Muzzle_database/BeefCattle_Muzzle_Individualized/cattle_5215/cattle_5215_DSCF9148.jpg,cattle_5215,48,train
BeefCattle_Muzzle_database/BeefCattle_Muzzle_Individualized/cattle_5215/cattle_5215_DSCF9137.jpg,cattle_5215,48,train
BeefCattle_Muzzle_database/BeefCattle_Muzzle_Individualized/cattle_5215/cattle_5215_DSCF9139.jpg,cattle_5215,48,train
BeefCattle_Muzzle_database/BeefCattle_Muzzle_Individualized/cattle_5215/cattle_5215_DSCF8243.jpg,cattle_5215,48,train
BeefCattle_Muzzle_database/BeefCattle_Muzzle_Individualized/cattle_5215/cattle_5215_DSCF8250.jpg,cattle_5215,48,train
BeefCattle_Muzzle_database/BeefCattle_Muzzle_Individualized/cattle_5215/cattle_5215_DSCF9188.jpg,cattle_5215,48,train
BeefCattle_Muzzle_database/BeefCattle_Muzzle_Individualized/cattle_5215/cattle_5215_DSCF8235.jpg,cattle_5215,48,train
BeefCattle_Muzzle_database/BeefCattle_Muzzle_Individualized/cattle_5215/cattle_5215_DSCF8257.jpg,cattle_5215,48,train
BeefCattle_Muzzle_database/BeefCattle_Muzzle_Individualized/cattle_5215/cattle_5215_DSCF8259.jpg,cattle_5215,48,train
BeefCattle_Muzzle_database/BeefCattle_Muzzle_Individualized/cattle_5215/cattle_5215_DSCF9143.jpg,cattle_5215,48,train
BeefCattle_Muzzle_database/BeefCattle_Muzzle_Individualized/cattle_5215/cattle_5215_DSCF9191.jpg,cattle_5215,48,train
BeefCattle_Muzzle_database/BeefCattle_Muzzle_Individualized/cattle_5215/cattle_5215_DSCF8244.jpg,cattle_5215,48,train
BeefCattle_Muzzle_database/BeefCattle_Muzzle_Individualized/cattle_5215/cattle_5215_DSCF8255.jpg,cattle_5215,48,train
BeefCattle_Muzzle_database/BeefCattle_Muzzle_Individualized/cattle_5215/cattle_5215_DSCF8248.jpg,cattle_5215,48,train
BeefCattle_Muzzle_database/BeefCattle_Muzzle_Individualized/cattle_5215/cattle_5215_DSCF8242.jpg,cattle_5215,48,train
BeefCattle_Muzzle_database/BeefCattle_Muzzle_Individualized/cattle_5215/cattle_5215_DSCF9187.jpg,cattle_5215,48,train
BeefCattle_Muzzle_database/BeefCattle_Muzzle_Individualized/cattle_5215/cattle_5215_DSCF8260.jpg,cattle_5215,48,val
BeefCattle_Muzzle_database/BeefCattle_Muzzle_Individualized/cattle_5215/cattle_5215_DSCF8236.jpg,cattle_5215,48,val
BeefCattle_Muzzle_database/BeefCattle_Muzzle_Individualized/cattle_5215/cattle_5215_DSCF9140.jpg,cattle_5215,48,val
BeefCattle_Muzzle_database/BeefCattle_Muzzle_Individualized/cattle_5215/cattle_5215_DSCF9189.jpg,cattle_5215,48,val
BeefCattle_Muzzle_database/BeefCattle_Muzzle_Individualized/cattle_5215/cattle_5215_DSCF9146.jpg,cattle_5215,48,val
BeefCattle_Muzzle_database/BeefCattle_Muzzle_Individualized/cattle_5215/cattle_5215_DSCF9141.jpg,cattle_5215,48,val
BeefCattle_Muzzle_database/BeefCattle_Muzzle_Individualized/cattle_5215/cattle_5215_DSCF9144.jpg,cattle_5215,48,val
BeefCattle_Muzzle_database/BeefCattle_Muzzle_Individualized/cattle_5215/cattle_5215_DSCF9151.jpg,cattle_5215,48,test
BeefCattle_Muzzle_database/BeefCattle_Muzzle_Individualized/cattle_5215/cattle_5215_DSCF9142.jpg,cattle_5215,48,test
BeefCattle_Muzzle_database/BeefCattle_Muzzle_Individualized/cattle_5215/cattle_5215_DSCF8258.jpg,cattle_5215,48,test
BeefCattle_Muzzle_database/BeefCattle_Muzzle_Individualized/cattle_5215/cattle_5215_DSCF9147.jpg,cattle_5215,48,test
BeefCattle_Muzzle_database/BeefCattle_Muzzle_Individualized/cattle_5215/cattle_5215_DSCF8256.jpg,cattle_5215,48,test
BeefCattle_Muzzle_database/BeefCattle_Muzzle_Individualized/cattle_5215/cattle_5215_DSCF9149.jpg,cattle_5215,48,test
BeefCattle_Muzzle_database/BeefCattle_Muzzle_Individualized/cattle_5215/cattle_5215_DSCF9135.jpg,cattle_5215,48,test
BeefCattle_Muzzle_database/BeefCattle_Muzzle_Individualized/cattle_5215/cattle_5215_DSCF8245.jpg,cattle_5215,48,test
BeefCattle_Muzzle_database/BeefCattle_Muzzle_Individualized/cattle_5224/cattle_5224_DSCF9291.jpg,cattle_5224,28,train
BeefCattle_Muzzle_database/BeefCattle_Muzzle_Individualized/cattle_5224/cattle_5224_DSCF9308.jpg,cattle_5224,28,train
BeefCattle_Muzzle_database/BeefCattle_Muzzle_Individualized/cattle_5224/cattle_5224_DSCF9300.jpg,cattle_5224,28,train
BeefCattle_Muzzle_database/BeefCattle_Muzzle_Individualized/cattle_5224/cattle_5224_DSCF9303.jpg,cattle_5224,28,train
BeefCattle_Muzzle_database/BeefCattle_Muzzle_Individualized/cattle_5224/cattle_5224_DSCF9302.jpg,cattle_5224,28,train
BeefCattle_Muzzle_database/BeefCattle_Muzzle_Individualized/cattle_5224/cattle_5224_DSCF9311.jpg,cattle_5224,28,train
BeefCattle_Muzzle_database/BeefCattle_Muzzle_Individualized/cattle_5224/cattle_5224_DSCF9294.jpg,cattle_5224,28,train
BeefCattle_Muzzle_database/BeefCattle_Muzzle_Individualized/cattle_5224/cattle_5224_DSCF9293.jpg,cattle_5224,28,train
BeefCattle_Muzzle_database/BeefCattle_Muzzle_Individualized/cattle_5224/cattle_5224_DSCF9312.jpg,cattle_5224,28,train
BeefCattle_Muzzle_database/BeefCattle_Muzzle_Individualized/cattle_5224/cattle_5224_DSCF9309.jpg,cattle_5224,28,train
BeefCattle_Muzzle_database/BeefCattle_Muzzle_Individualized/cattle_5224/cattle_5224_DSCF9305.jpg,cattle_5224,28,train
BeefCattle_Muzzle_database/BeefCattle_Muzzle_Individualized/cattle_5224/cattle_5224_DSCF9298.jpg,cattle_5224,28,train
BeefCattle_Muzzle_database/BeefCattle_Muzzle_Individualized/cattle_5224/cattle_5224_DSCF9318.jpg,cattle_5224,28,train
BeefCattle_Muzzle_database/BeefCattle_Muzzle_Individualized/cattle_5224/cattle_5224_DSCF9296.jpg,cattle_5224,28,train
BeefCattle_Muzzle_database/BeefCattle_Muzzle_Individualized/cattle_5224/cattle_5224_DSCF9299.jpg,cattle_5224,28,train
BeefCattle_Muzzle_database/BeefCattle_Muzzle_Individualized/cattle_5224/cattle_5224_DSCF9314.jpg,cattle_5224,28,train
BeefCattle_Muzzle_database/BeefCattle_Muzzle_Individualized/cattle_5224/cattle_5224_DSCF9316.jpg,cattle_5224,28,train
BeefCattle_Muzzle_database/BeefCattle_Muzzle_Individualized/cattle_5224/cattle_5224_DSCF9292.jpg,cattle_5224,28,train
BeefCattle_Muzzle_database/BeefCattle_Muzzle_Individualized/cattle_5224/cattle_5224_DSCF9306.jpg,cattle_5224,28,train
BeefCattle_Muzzle_database/BeefCattle_Muzzle_Individualized/cattle_5224/cattle_5224_DSCF9310.jpg,cattle_5224,28,val
BeefCattle_Muzzle_database/BeefCattle_Muzzle_Individualized/cattle_5224/cattle_5224_DSCF9307.jpg,cattle_5224,28,val
BeefCattle_Muzzle_database/BeefCattle_Muzzle_Individualized/cattle_5224/cattle_5224_DSCF9315.jpg,cattle_5224,28,val
BeefCattle_Muzzle_database/BeefCattle_Muzzle_Individualized/cattle_5224/cattle_5224_DSCF9297.jpg,cattle_5224,28,val
BeefCattle_Muzzle_database/BeefCattle_Muzzle_Individualized/cattle_5224/cattle_5224_DSCF9313.jpg,cattle_5224,28,test
BeefCattle_Muzzle_database/BeefCattle_Muzzle_Individualized/cattle_5224/cattle_5224_DSCF9317.jpg,cattle_5224,28,test
BeefCattle_Muzzle_database/BeefCattle_Muzzle_Individualized/cattle_5224/cattle_5224_DSCF9295.jpg,cattle_5224,28,test
BeefCattle_Muzzle_database/BeefCattle_Muzzle_Individualized/cattle_5224/cattle_5224_DSCF9304.jpg,cattle_5224,28,test
BeefCattle_Muzzle_database/BeefCattle_Muzzle_Individualized/cattle_5224/cattle_5224_DSCF9301.jpg,cattle_5224,28,test
BeefCattle_Muzzle_database/BeefCattle_Muzzle_Individualized/cattle_5234/cattle_5234_DSCF9067.jpg,cattle_5234,8,train
BeefCattle_Muzzle_database/BeefCattle_Muzzle_Individualized/cattle_5234/cattle_5234_DSCF9069.jpg,cattle_5234,8,train
BeefCattle_Muzzle_database/BeefCattle_Muzzle_Individualized/cattle_5234/cattle_5234_DSCF9060.jpg,cattle_5234,8,train
BeefCattle_Muzzle_database/BeefCattle_Muzzle_Individualized/cattle_5234/cattle_5234_DSCF9068.jpg,cattle_5234,8,train
BeefCattle_Muzzle_database/BeefCattle_Muzzle_Individualized/cattle_5234/cattle_5234_DSCF9066.jpg,cattle_5234,8,train
BeefCattle_Muzzle_database/BeefCattle_Muzzle_Individualized/cattle_5234/cattle_5234_DSCF9070.jpg,cattle_5234,8,val
BeefCattle_Muzzle_database/BeefCattle_Muzzle_Individualized/cattle_5234/cattle_5234_DSCF9061.jpg,cattle_5234,8,test
BeefCattle_Muzzle_database/BeefCattle_Muzzle_Individualized/cattle_5234/cattle_5234_DSCF9071.jpg,cattle_5234,8,test
BeefCattle_Muzzle_database/BeefCattle_Muzzle_Individualized/cattle_5235/cattle_5235_DSCF8814.jpg,cattle_5235,24,train
BeefCattle_Muzzle_database/BeefCattle_Muzzle_Individualized/cattle_5235/cattle_5235_DSCF8815.jpg,cattle_5235,24,train
BeefCattle_Muzzle_database/BeefCattle_Muzzle_Individualized/cattle_5235/cattle_5235_DSCF8825.jpg,cattle_5235,24,train
BeefCattle_Muzzle_database/BeefCattle_Muzzle_Individualized/cattle_5235/cattle_5235_DSCF8828.jpg,cattle_5235,24,train
BeefCattle_Muzzle_database/BeefCattle_Muzzle_Individualized/cattle_5235/cattle_5235_DSCF8824.jpg,cattle_5235,24,train
BeefCattle_Muzzle_database/BeefCattle_Muzzle_Individualized/cattle_5235/cattle_5235_DSCF8811.jpg,cattle_5235,24,train
BeefCattle_Muzzle_database/BeefCattle_Muzzle_Individualized/cattle_5235/cattle_5235_DSCF8818.jpg,cattle_5235,24,train
BeefCattle_Muzzle_database/BeefCattle_Muzzle_Individualized/cattle_5235/cattle_5235_DSCF8813.jpg,cattle_5235,24,train
BeefCattle_Muzzle_database/BeefCattle_Muzzle_Individualized/cattle_5235/cattle_5235_DSCF8816.jpg,cattle_5235,24,train
BeefCattle_Muzzle_database/BeefCattle_Muzzle_Individualized/cattle_5235/cattle_5235_DSCF8823.jpg,cattle_5235,24,train
BeefCattle_Muzzle_database/BeefCattle_Muzzle_Individualized/cattle_5235/cattle_5235_DSCF8832.jpg,cattle_5235,24,train
BeefCattle_Muzzle_database/BeefCattle_Muzzle_Individualized/cattle_5235/cattle_5235_DSCF8827.jpg,cattle_5235,24,train
BeefCattle_Muzzle_database/BeefCattle_Muzzle_Individualized/cattle_5235/cattle_5235_DSCF8830.jpg,cattle_5235,24,train
BeefCattle_Muzzle_database/BeefCattle_Muzzle_Individualized/cattle_5235/cattle_5235_DSCF8829.jpg,cattle_5235,24,train
BeefCattle_Muzzle_database/BeefCattle_Muzzle_Individualized/cattle_5235/cattle_5235_DSCF8812.jpg,cattle_5235,24,train
BeefCattle_Muzzle_database/BeefCattle_Muzzle_Individualized/cattle_5235/cattle_5235_DSCF8834.jpg,cattle_5235,24,train
BeefCattle_Muzzle_database/BeefCattle_Muzzle_Individualized/cattle_5235/cattle_5235_DSCF8819.jpg,cattle_5235,24,val
BeefCattle_Muzzle_database/BeefCattle_Muzzle_Individualized/cattle_5235/cattle_5235_DSCF8822.jpg,cattle_5235,24,val
BeefCattle_Muzzle_database/BeefCattle_Muzzle_Individualized/cattle_5235/cattle_5235_DSCF8831.jpg,cattle_5235,24,val
BeefCattle_Muzzle_database/BeefCattle_Muzzle_Individualized/cattle_5235/cattle_5235_DSCF8821.jpg,cattle_5235,24,test
BeefCattle_Muzzle_database/BeefCattle_Muzzle_Individualized/cattle_5235/cattle_5235_DSCF8826.jpg,cattle_5235,24,test
BeefCattle_Muzzle_database/BeefCattle_Muzzle_Individualized/cattle_5235/cattle_5235_DSCF8817.jpg,cattle_5235,24,test
BeefCattle_Muzzle_database/BeefCattle_Muzzle_Individualized/cattle_5235/cattle_5235_DSCF8833.jpg,cattle_5235,24,test
BeefCattle_Muzzle_database/BeefCattle_Muzzle_Individualized/cattle_5235/cattle_5235_DSCF8820.jpg,cattle_5235,24,test
BeefCattle_Muzzle_database/BeefCattle_Muzzle_Individualized/cattle_5249/cattle_5249_DSCF7379.jpg,cattle_5249,24,train
BeefCattle_Muzzle_database/BeefCattle_Muzzle_Individualized/cattle_5249/cattle_5249_DSCF7374.jpg,cattle_5249,24,train
BeefCattle_Muzzle_database/BeefCattle_Muzzle_Individualized/cattle_5249/cattle_5249_DSCF7446.jpg,cattle_5249,24,train
BeefCattle_Muzzle_database/BeefCattle_Muzzle_Individualized/cattle_5249/cattle_5249_DSCF7452.jpg,cattle_5249,24,train
BeefCattle_Muzzle_database/BeefCattle_Muzzle_Individualized/cattle_5249/cattle_5249_DSCF7443.jpg,cattle_5249,24,train
BeefCattle_Muzzle_database/BeefCattle_Muzzle_Individualized/cattle_5249/cattle_5249_DSCF7441.jpg,cattle_5249,24,train
BeefCattle_Muzzle_database/BeefCattle_Muzzle_Individualized/cattle_5249/cattle_5249_DSCF7377.jpg,cattle_5249,24,train
BeefCattle_Muzzle_database/BeefCattle_Muzzle_Individualized/cattle_5249/cattle_5249_DSCF7437.jpg,cattle_5249,24,train
BeefCattle_Muzzle_database/BeefCattle_Muzzle_Individualized/cattle_5249/cattle_5249_DSCF7372.jpg,cattle_5249,24,train
BeefCattle_Muzzle_database/BeefCattle_Muzzle_Individualized/cattle_5249/cattle_5249_DSCF7382.jpg,cattle_5249,24,train
BeefCattle_Muzzle_database/BeefCattle_Muzzle_Individualized/cattle_5249/cattle_5249_DSCF7375.jpg,cattle_5249,24,train
BeefCattle_Muzzle_database/BeefCattle_Muzzle_Individualized/cattle_5249/cattle_5249_DSCF7438.jpg,cattle_5249,24,train
BeefCattle_Muzzle_database/BeefCattle_Muzzle_Individualized/cattle_5249/cattle_5249_DSCF7383.jpg,cattle_5249,24,train
BeefCattle_Muzzle_database/BeefCattle_Muzzle_Individualized/cattle_5249/cattle_5249_DSCF7381.jpg,cattle_5249,24,train
BeefCattle_Muzzle_database/BeefCattle_Muzzle_Individualized/cattle_5249/cattle_5249_DSCF7373.jpg,cattle_5249,24,train
BeefCattle_Muzzle_database/BeefCattle_Muzzle_Individualized/cattle_5249/cattle_5249_DSCF7376.jpg,cattle_5249,24,train
BeefCattle_Muzzle_database/BeefCattle_Muzzle_Individualized/cattle_5249/cattle_5249_DSCF7445.jpg,cattle_5249,24,val
BeefCattle_Muzzle_database/BeefCattle_Muzzle_Individualized/cattle_5249/cattle_5249_DSCF7453.jpg,cattle_5249,24,val
BeefCattle_Muzzle_database/BeefCattle_Muzzle_Individualized/cattle_5249/cattle_5249_DSCF7444.jpg,cattle_5249,24,val
BeefCattle_Muzzle_database/BeefCattle_Muzzle_Individualized/cattle_5249/cattle_5249_DSCF7454.jpg,cattle_5249,24,test
BeefCattle_Muzzle_database/BeefCattle_Muzzle_Individualized/cattle_5249/cattle_5249_DSCF7378.jpg,cattle_5249,24,test
BeefCattle_Muzzle_database/BeefCattle_Muzzle_Individualized/cattle_5249/cattle_5249_DSCF7442.jpg,cattle_5249,24,test
BeefCattle_Muzzle_database/BeefCattle_Muzzle_Individualized/cattle_5249/cattle_5249_DSCF7380.jpg,cattle_5249,24,test
BeefCattle_Muzzle_database/BeefCattle_Muzzle_Individualized/cattle_5249/cattle_5249_DSCF7451.jpg,cattle_5249,24,test
BeefCattle_Muzzle_database/BeefCattle_Muzzle_Individualized/cattle_5273/cattle_5273_DSCF7798.jpg,cattle_5273,18,train
BeefCattle_Muzzle_database/BeefCattle_Muzzle_Individualized/cattle_5273/cattle_5273_DSCF7811.jpg,cattle_5273,18,train
BeefCattle_Muzzle_database/BeefCattle_Muzzle_Individualized/cattle_5273/cattle_5273_DSCF7810.jpg,cattle_5273,18,train
BeefCattle_Muzzle_database/BeefCattle_Muzzle_Individualized/cattle_5273/cattle_5273_DSCF7814.jpg,cattle_5273,18,train
BeefCattle_Muzzle_database/BeefCattle_Muzzle_Individualized/cattle_5273/cattle_5273_DSCF7802.jpg,cattle_5273,18,train
BeefCattle_Muzzle_database/BeefCattle_Muzzle_Individualized/cattle_5273/cattle_5273_DSCF7809.jpg,cattle_5273,18,train
BeefCattle_Muzzle_database/BeefCattle_Muzzle_Individualized/cattle_5273/cattle_5273_DSCF7808.jpg,cattle_5273,18,train
BeefCattle_Muzzle_database/BeefCattle_Muzzle_Individualized/cattle_5273/cattle_5273_DSCF7813.jpg,cattle_5273,18,train
BeefCattle_Muzzle_database/BeefCattle_Muzzle_Individualized/cattle_5273/cattle_5273_DSCF7806.jpg,cattle_5273,18,train
BeefCattle_Muzzle_database/BeefCattle_Muzzle_Individualized/cattle_5273/cattle_5273_DSCF7804.jpg,cattle_5273,18,train
BeefCattle_Muzzle_database/BeefCattle_Muzzle_Individualized/cattle_5273/cattle_5273_DSCF7807.jpg,cattle_5273,18,train
BeefCattle_Muzzle_database/BeefCattle_Muzzle_Individualized/cattle_5273/cattle_5273_DSCF7803.jpg,cattle_5273,18,train
BeefCattle_Muzzle_database/BeefCattle_Muzzle_Individualized/cattle_5273/cattle_5273_DSCF7799.jpg,cattle_5273,18,val
BeefCattle_Muzzle_database/BeefCattle_Muzzle_Individualized/cattle_5273/cattle_5273_DSCF7805.jpg,cattle_5273,18,val
BeefCattle_Muzzle_database/BeefCattle_Muzzle_Individualized/cattle_5273/cattle_5273_DSCF7797.jpg,cattle_5273,18,test
BeefCattle_Muzzle_database/BeefCattle_Muzzle_Individualized/cattle_5273/cattle_5273_DSCF7801.jpg,cattle_5273,18,test
BeefCattle_Muzzle_database/BeefCattle_Muzzle_Individualized/cattle_5273/cattle_5273_DSCF7800.jpg,cattle_5273,18,test
BeefCattle_Muzzle_database/BeefCattle_Muzzle_Individualized/cattle_5273/cattle_5273_DSCF7812.jpg,cattle_5273,18,test
BeefCattle_Muzzle_database/BeefCattle_Muzzle_Individualized/cattle_5275/cattle_5275_DSCF9176.jpg,cattle_5275,14,train
BeefCattle_Muzzle_database/BeefCattle_Muzzle_Individualized/cattle_5275/cattle_5275_DSCF9173.jpg,cattle_5275,14,train
BeefCattle_Muzzle_database/BeefCattle_Muzzle_Individualized/cattle_5275/cattle_5275_DSCF9175.jpg,cattle_5275,14,train
BeefCattle_Muzzle_database/BeefCattle_Muzzle_Individualized/cattle_5275/cattle_5275_DSCF9178.jpg,cattle_5275,14,train
BeefCattle_Muzzle_database/BeefCattle_Muzzle_Individualized/cattle_5275/cattle_5275_DSCF9177.jpg,cattle_5275,14,train
BeefCattle_Muzzle_database/BeefCattle_Muzzle_Individualized/cattle_5275/cattle_5275_DSCF9182.jpg,cattle_5275,14,train
BeefCattle_Muzzle_database/BeefCattle_Muzzle_Individualized/cattle_5275/cattle_5275_DSCF9184.jpg,cattle_5275,14,train
BeefCattle_Muzzle_database/BeefCattle_Muzzle_Individualized/cattle_5275/cattle_5275_DSCF9171.jpg,cattle_5275,14,train
BeefCattle_Muzzle_database/BeefCattle_Muzzle_Individualized/cattle_5275/cattle_5275_DSCF9179.jpg,cattle_5275,14,train
BeefCattle_Muzzle_database/BeefCattle_Muzzle_Individualized/cattle_5275/cattle_5275_DSCF9174.jpg,cattle_5275,14,val
BeefCattle_Muzzle_database/BeefCattle_Muzzle_Individualized/cattle_5275/cattle_5275_DSCF9180.jpg,cattle_5275,14,val
BeefCattle_Muzzle_database/BeefCattle_Muzzle_Individualized/cattle_5275/cattle_5275_DSCF9181.jpg,cattle_5275,14,test
BeefCattle_Muzzle_database/BeefCattle_Muzzle_Individualized/cattle_5275/cattle_5275_DSCF9172.jpg,cattle_5275,14,test
BeefCattle_Muzzle_database/BeefCattle_Muzzle_Individualized/cattle_5275/cattle_5275_DSCF9183.jpg,cattle_5275,14,test
BeefCattle_Muzzle_database/BeefCattle_Muzzle_Individualized/cattle_5283/cattle_5283_DSCF7866.jpg,cattle_5283,14,train
BeefCattle_Muzzle_database/BeefCattle_Muzzle_Individualized/cattle_5283/cattle_5283_DSCF7868.jpg,cattle_5283,14,train
BeefCattle_Muzzle_database/BeefCattle_Muzzle_Individualized/cattle_5283/cattle_5283_DSCF7870.jpg,cattle_5283,14,train
BeefCattle_Muzzle_database/BeefCattle_Muzzle_Individualized/cattle_5283/cattle_5283_DSCF7869.jpg,cattle_5283,14,train
BeefCattle_Muzzle_database/BeefCattle_Muzzle_Individualized/cattle_5283/cattle_5283_DSCF7864.jpg,cattle_5283,14,train
BeefCattle_Muzzle_database/BeefCattle_Muzzle_Individualized/cattle_5283/cattle_5283_DSCF7867.jpg,cattle_5283,14,train
BeefCattle_Muzzle_database/BeefCattle_Muzzle_Individualized/cattle_5283/cattle_5283_DSCF7882.jpg,cattle_5283,14,train
BeefCattle_Muzzle_database/BeefCattle_Muzzle_Individualized/cattle_5283/cattle_5283_DSCF7862.jpg,cattle_5283,14,train
BeefCattle_Muzzle_database/BeefCattle_Muzzle_Individualized/cattle_5283/cattle_5283_DSCF7881.jpg,cattle_5283,14,train
BeefCattle_Muzzle_database/BeefCattle_Muzzle_Individualized/cattle_5283/cattle_5283_DSCF7879.jpg,cattle_5283,14,val
BeefCattle_Muzzle_database/BeefCattle_Muzzle_Individualized/cattle_5283/cattle_5283_DSCF7861.jpg,cattle_5283,14,val
BeefCattle_Muzzle_database/BeefCattle_Muzzle_Individualized/cattle_5283/cattle_5283_DSCF7865.jpg,cattle_5283,14,test
BeefCattle_Muzzle_database/BeefCattle_Muzzle_Individualized/cattle_5283/cattle_5283_DSCF7880.jpg,cattle_5283,14,test
BeefCattle_Muzzle_database/BeefCattle_Muzzle_Individualized/cattle_5283/cattle_5283_DSCF7863.jpg,cattle_5283,14,test
BeefCattle_Muzzle_database/BeefCattle_Muzzle_Individualized/cattle_5297/cattle_5297_DSCF7376.jpg,cattle_5297,32,train
BeefCattle_Muzzle_database/BeefCattle_Muzzle_Individualized/cattle_5297/cattle_5297_DSCF7385.jpg,cattle_5297,32,train
BeefCattle_Muzzle_database/BeefCattle_Muzzle_Individualized/cattle_5297/cattle_5297_DSCF7444.jpg,cattle_5297,32,train
BeefCattle_Muzzle_database/BeefCattle_Muzzle_Individualized/cattle_5297/cattle_5297_DSCF7392.jpg,cattle_5297,32,train
BeefCattle_Muzzle_database/BeefCattle_Muzzle_Individualized/cattle_5297/cattle_5297_DSCF7381.jpg,cattle_5297,32,train
BeefCattle_Muzzle_database/BeefCattle_Muzzle_Individualized/cattle_5297/cattle_5297_DSCF7443.jpg,cattle_5297,32,train
BeefCattle_Muzzle_database/BeefCattle_Muzzle_Individualized/cattle_5297/cattle_5297_DSCF7389.jpg,cattle_5297,32,train
BeefCattle_Muzzle_database/BeefCattle_Muzzle_Individualized/cattle_5297/cattle_5297_DSCF7374.jpg,cattle_5297,32,train
BeefCattle_Muzzle_database/BeefCattle_Muzzle_Individualized/cattle_5297/cattle_5297_DSCF7393.jpg,cattle_5297,32,train
BeefCattle_Muzzle_database/BeefCattle_Muzzle_Individualized/cattle_5297/cattle_5297_DSCF7439.jpg,cattle_5297,32,train
BeefCattle_Muzzle_database/BeefCattle_Muzzle_Individualized/cattle_5297/cattle_5297_DSCF7373.jpg,cattle_5297,32,train
BeefCattle_Muzzle_database/BeefCattle_Muzzle_Individualized/cattle_5297/cattle_5297_DSCF7390.jpg,cattle_5297,32,train
BeefCattle_Muzzle_database/BeefCattle_Muzzle_Individualized/cattle_5297/cattle_5297_DSCF7437.jpg,cattle_5297,32,train
BeefCattle_Muzzle_database/BeefCattle_Muzzle_Individualized/cattle_5297/cattle_5297_DSCF7446.jpg,cattle_5297,32,train
BeefCattle_Muzzle_database/BeefCattle_Muzzle_Individualized/cattle_5297/cattle_5297_DSCF7387.jpg,cattle_5297,32,train
BeefCattle_Muzzle_database/BeefCattle_Muzzle_Individualized/cattle_5297/cattle_5297_DSCF7386.jpg,cattle_5297,32,train
BeefCattle_Muzzle_database/BeefCattle_Muzzle_Individualized/cattle_5297/cattle_5297_DSCF7395.jpg,cattle_5297,32,train
BeefCattle_Muzzle_database/BeefCattle_Muzzle_Individualized/cattle_5297/cattle_5297_DSCF7445.jpg,cattle_5297,32,train
BeefCattle_Muzzle_database/BeefCattle_Muzzle_Individualized/cattle_5297/cattle_5297_DSCF7383.jpg,cattle_5297,32,train
BeefCattle_Muzzle_database/BeefCattle_Muzzle_Individualized/cattle_5297/cattle_5297_DSCF7442.jpg,cattle_5297,32,train
BeefCattle_Muzzle_database/BeefCattle_Muzzle_Individualized/cattle_5297/cattle_5297_DSCF7372.jpg,cattle_5297,32,train
BeefCattle_Muzzle_database/BeefCattle_Muzzle_Individualized/cattle_5297/cattle_5297_DSCF7441.jpg,cattle_5297,32,train
BeefCattle_Muzzle_database/BeefCattle_Muzzle_Individualized/cattle_5297/cattle_5297_DSCF7382.jpg,cattle_5297,32,val
BeefCattle_Muzzle_database/BeefCattle_Muzzle_Individualized/cattle_5297/cattle_5297_DSCF7394.jpg,cattle_5297,32,val
BeefCattle_Muzzle_database/BeefCattle_Muzzle_Individualized/cattle_5297/cattle_5297_DSCF7388.jpg,cattle_5297,32,val
BeefCattle_Muzzle_database/BeefCattle_Muzzle_Individualized/cattle_5297/cattle_5297_DSCF7438.jpg,cattle_5297,32,val
BeefCattle_Muzzle_database/BeefCattle_Muzzle_Individualized/cattle_5297/cattle_5297_DSCF7377.jpg,cattle_5297,32,test
BeefCattle_Muzzle_database/BeefCattle_Muzzle_Individualized/cattle_5297/cattle_5297_DSCF7384.jpg,cattle_5297,32,test
BeefCattle_Muzzle_database/BeefCattle_Muzzle_Individualized/cattle_5297/cattle_5297_DSCF7375.jpg,cattle_5297,32,test
BeefCattle_Muzzle_database/BeefCattle_Muzzle_Individualized/cattle_5297/cattle_5297_DSCF7440.jpg,cattle_5297,32,test
BeefCattle_Muzzle_database/BeefCattle_Muzzle_Individualized/cattle_5297/cattle_5297_DSCF7380.jpg,cattle_5297,32,test
BeefCattle_Muzzle_database/BeefCattle_Muzzle_Individualized/cattle_5297/cattle_5297_DSCF7391.jpg,cattle_5297,32,test
BeefCattle_Muzzle_database/BeefCattle_Muzzle_Individualized/cattle_5298/cattle_5298_DSCF8100.jpg,cattle_5298,25,train
BeefCattle_Muzzle_database/BeefCattle_Muzzle_Individualized/cattle_5298/cattle_5298_DSCF8102.jpg,cattle_5298,25,train
BeefCattle_Muzzle_database/BeefCattle_Muzzle_Individualized/cattle_5298/cattle_5298_DSCF8084.jpg,cattle_5298,25,train
BeefCattle_Muzzle_database/BeefCattle_Muzzle_Individualized/cattle_5298/cattle_5298_DSCF8097.jpg,cattle_5298,25,train
BeefCattle_Muzzle_database/BeefCattle_Muzzle_Individualized/cattle_5298/cattle_5298_DSCF8094.jpg,cattle_5298,25,train
BeefCattle_Muzzle_database/BeefCattle_Muzzle_Individualized/cattle_5298/cattle_5298_DSCF8083.jpg,cattle_5298,25,train
BeefCattle_Muzzle_database/BeefCattle_Muzzle_Individualized/cattle_5298/cattle_5298_DSCF8091.jpg,cattle_5298,25,train
BeefCattle_Muzzle_database/BeefCattle_Muzzle_Individualized/cattle_5298/cattle_5298_DSCF8080.jpg,cattle_5298,25,train
BeefCattle_Muzzle_database/BeefCattle_Muzzle_Individualized/cattle_5298/cattle_5298_DSCF8082.jpg,cattle_5298,25,train
BeefCattle_Muzzle_database/BeefCattle_Muzzle_Individualized/cattle_5298/cattle_5298_DSCF8101.jpg,cattle_5298,25,train
BeefCattle_Muzzle_database/BeefCattle_Muzzle_Individualized/cattle_5298/cattle_5298_DSCF8079.jpg,cattle_5298,25,train
BeefCattle_Muzzle_database/BeefCattle_Muzzle_Individualized/cattle_5298/cattle_5298_DSCF8098.jpg,cattle_5298,25,train
BeefCattle_Muzzle_database/BeefCattle_Muzzle_Individualized/cattle_5298/cattle_5298_DSCF8095.jpg,cattle_5298,25,train
BeefCattle_Muzzle_database/BeefCattle_Muzzle_Individualized/cattle_5298/cattle_5298_DSCF8081.jpg,cattle_5298,25,train
BeefCattle_Muzzle_database/BeefCattle_Muzzle_Individualized/cattle_5298/cattle_5298_DSCF8093.jpg,cattle_5298,25,train
BeefCattle_Muzzle_database/BeefCattle_Muzzle_Individualized/cattle_5298/cattle_5298_DSCF8089.jpg,cattle_5298,25,train
BeefCattle_Muzzle_database/BeefCattle_Muzzle_Individualized/cattle_5298/cattle_5298_DSCF8099.jpg,cattle_5298,25,train
BeefCattle_Muzzle_database/BeefCattle_Muzzle_Individualized/cattle_5298/cattle_5298_DSCF8078.jpg,cattle_5298,25,val
BeefCattle_Muzzle_database/BeefCattle_Muzzle_Individualized/cattle_5298/cattle_5298_DSCF8096.jpg,cattle_5298,25,val
BeefCattle_Muzzle_database/BeefCattle_Muzzle_Individualized/cattle_5298/cattle_5298_DSCF8087.jpg,cattle_5298,25,val
BeefCattle_Muzzle_database/BeefCattle_Muzzle_Individualized/cattle_5298/cattle_5298_DSCF8088.jpg,cattle_5298,25,test
BeefCattle_Muzzle_database/BeefCattle_Muzzle_Individualized/cattle_5298/cattle_5298_DSCF8086.jpg,cattle_5298,25,test
BeefCattle_Muzzle_database/BeefCattle_Muzzle_Individualized/cattle_5298/cattle_5298_DSCF8092.jpg,cattle_5298,25,test
BeefCattle_Muzzle_database/BeefCattle_Muzzle_Individualized/cattle_5298/cattle_5298_DSCF8085.jpg,cattle_5298,25,test
BeefCattle_Muzzle_database/BeefCattle_Muzzle_Individualized/cattle_5298/cattle_5298_DSCF8090.jpg,cattle_5298,25,test
BeefCattle_Muzzle_database/BeefCattle_Muzzle_Individualized/cattle_5307/cattle_5307_DSCF7871.jpg,cattle_5307,10,train
BeefCattle_Muzzle_database/BeefCattle_Muzzle_Individualized/cattle_5307/cattle_5307_DSCF7873.jpg,cattle_5307,10,train
BeefCattle_Muzzle_database/BeefCattle_Muzzle_Individualized/cattle_5307/cattle_5307_DSCF7884.jpg,cattle_5307,10,train
BeefCattle_Muzzle_database/BeefCattle_Muzzle_Individualized/cattle_5307/cattle_5307_DSCF7883.jpg,cattle_5307,10,train
BeefCattle_Muzzle_database/BeefCattle_Muzzle_Individualized/cattle_5307/cattle_5307_DSCF7878.jpg,cattle_5307,10,train
BeefCattle_Muzzle_database/BeefCattle_Muzzle_Individualized/cattle_5307/cattle_5307_DSCF7877.jpg,cattle_5307,10,train
BeefCattle_Muzzle_database/BeefCattle_Muzzle_Individualized/cattle_5307/cattle_5307_DSCF7872.jpg,cattle_5307,10,train
BeefCattle_Muzzle_database/BeefCattle_Muzzle_Individualized/cattle_5307/cattle_5307_DSCF7874.jpg,cattle_5307,10,val
BeefCattle_Muzzle_database/BeefCattle_Muzzle_Individualized/cattle_5307/cattle_5307_DSCF7876.jpg,cattle_5307,10,test
BeefCattle_Muzzle_database/BeefCattle_Muzzle_Individualized/cattle_5307/cattle_5307_DSCF7875.jpg,cattle_5307,10,test
BeefCattle_Muzzle_database/BeefCattle_Muzzle_Individualized/cattle_5314/cattle_5314_DSCF9218.jpg,cattle_5314,13,train
BeefCattle_Muzzle_database/BeefCattle_Muzzle_Individualized/cattle_5314/cattle_5314_DSCF9214.jpg,cattle_5314,13,train
BeefCattle_Muzzle_database/BeefCattle_Muzzle_Individualized/cattle_5314/cattle_5314_DSCF9211.jpg,cattle_5314,13,train
BeefCattle_Muzzle_database/BeefCattle_Muzzle_Individualized/cattle_5314/cattle_5314_DSCF9209.jpg,cattle_5314,13,train
BeefCattle_Muzzle_database/BeefCattle_Muzzle_Individualized/cattle_5314/cattle_5314_DSCF9213.jpg,cattle_5314,13,train
BeefCattle_Muzzle_database/BeefCattle_Muzzle_Individualized/cattle_5314/cattle_5314_DSCF9210.jpg,cattle_5314,13,train
BeefCattle_Muzzle_database/BeefCattle_Muzzle_Individualized/cattle_5314/cattle_5314_DSCF9221.jpg,cattle_5314,13,train
BeefCattle_Muzzle_database/BeefCattle_Muzzle_Individualized/cattle_5314/cattle_5314_DSCF9212.jpg,cattle_5314,13,train
BeefCattle_Muzzle_database/BeefCattle_Muzzle_Individualized/cattle_5314/cattle_5314_DSCF9219.jpg,cattle_5314,13,train
BeefCattle_Muzzle_database/BeefCattle_Muzzle_Individualized/cattle_5314/cattle_5314_DSCF9216.jpg,cattle_5314,13,val
BeefCattle_Muzzle_database/BeefCattle_Muzzle_Individualized/cattle_5314/cattle_5314_DSCF9217.jpg,cattle_5314,13,test
BeefCattle_Muzzle_database/BeefCattle_Muzzle_Individualized/cattle_5314/cattle_5314_DSCF9220.jpg,cattle_5314,13,test
BeefCattle_Muzzle_database/BeefCattle_Muzzle_Individualized/cattle_5314/cattle_5314_DSCF9215.jpg,cattle_5314,13,test
BeefCattle_Muzzle_database/BeefCattle_Muzzle_Individualized/cattle_5325/cattle_5325_DSCF8221.jpg,cattle_5325,36,train
BeefCattle_Muzzle_database/BeefCattle_Muzzle_Individualized/cattle_5325/cattle_5325_DSCF8200.jpg,cattle_5325,36,train
BeefCattle_Muzzle_database/BeefCattle_Muzzle_Individualized/cattle_5325/cattle_5325_DSCF8208.jpg,cattle_5325,36,train
BeefCattle_Muzzle_database/BeefCattle_Muzzle_Individualized/cattle_5325/cattle_5325_DSCF8220.jpg,cattle_5325,36,train
BeefCattle_Muzzle_database/BeefCattle_Muzzle_Individualized/cattle_5325/cattle_5325_DSCF8210.jpg,cattle_5325,36,train
BeefCattle_Muzzle_database/BeefCattle_Muzzle_Individualized/cattle_5325/cattle_5325_DSCF8233.jpg,cattle_5325,36,train
BeefCattle_Muzzle_database/BeefCattle_Muzzle_Individualized/cattle_5325/cattle_5325_DSCF8224.jpg,cattle_5325,36,train
BeefCattle_Muzzle_database/BeefCattle_Muzzle_Individualized/cattle_5325/cattle_5325_DSCF8223.jpg,cattle_5325,36,train
BeefCattle_Muzzle_database/BeefCattle_Muzzle_Individualized/cattle_5325/cattle_5325_DSCF8212.jpg,cattle_5325,36,train
BeefCattle_Muzzle_database/BeefCattle_Muzzle_Individualized/cattle_5325/cattle_5325_DSCF8219.jpg,cattle_5325,36,train
BeefCattle_Muzzle_database/BeefCattle_Muzzle_Individualized/cattle_5325/cattle_5325_DSCF8211.jpg,cattle_5325,36,train
BeefCattle_Muzzle_database/BeefCattle_Muzzle_Individualized/cattle_5325/cattle_5325_DSCF8199.jpg,cattle_5325,36,train
BeefCattle_Muzzle_database/BeefCattle_Muzzle_Individualized/cattle_5325/cattle_5325_DSCF8231.jpg,cattle_5325,36,train
BeefCattle_Muzzle_database/BeefCattle_Muzzle_Individualized/cattle_5325/cattle_5325_DSCF8207.jpg,cattle_5325,36,train
BeefCattle_Muzzle_database/BeefCattle_Muzzle_Individualized/cattle_5325/cattle_5325_DSCF8218.jpg,cattle_5325,36,train
BeefCattle_Muzzle_database/BeefCattle_Muzzle_Individualized/cattle_5325/cattle_5325_DSCF8201.jpg,cattle_5325,36,train
BeefCattle_Muzzle_database/BeefCattle_Muzzle_Individualized/cattle_5325/cattle_5325_DSCF8214.jpg,cattle_5325,36,train
BeefCattle_Muzzle_database/BeefCattle_Muzzle_Individualized/cattle_5325/cattle_5325_DSCF8229.jpg,cattle_5325,36,train
BeefCattle_Muzzle_database/BeefCattle_Muzzle_Individualized/cattle_5325/cattle_5325_DSCF8230.jpg,cattle_5325,36,train
BeefCattle_Muzzle_database/BeefCattle_Muzzle_Individualized/cattle_5325/cattle_5325_DSCF8213.jpg,cattle_5325,36,train
BeefCattle_Muzzle_database/BeefCattle_Muzzle_Individualized/cattle_5325/cattle_5325_DSCF8226.jpg,cattle_5325,36,train
BeefCattle_Muzzle_database/BeefCattle_Muzzle_Individualized/cattle_5325/cattle_5325_DSCF8209.jpg,cattle_5325,36,train
BeefCattle_Muzzle_database/BeefCattle_Muzzle_Individualized/cattle_5325/cattle_5325_DSCF8204.jpg,cattle_5325,36,train
BeefCattle_Muzzle_database/BeefCattle_Muzzle_Individualized/cattle_5325/cattle_5325_DSCF8234.jpg,cattle_5325,36,train
BeefCattle_Muzzle_database/BeefCattle_Muzzle_Individualized/cattle_5325/cattle_5325_DSCF8228.jpg,cattle_5325,36,train
BeefCattle_Muzzle_database/BeefCattle_Muzzle_Individualized/cattle_5325/cattle_5325_DSCF8217.jpg,cattle_5325,36,val
BeefCattle_Muzzle_database/BeefCattle_Muzzle_Individualized/cattle_5325/cattle_5325_DSCF8205.jpg,cattle_5325,36,val
BeefCattle_Muzzle_database/BeefCattle_Muzzle_Individualized/cattle_5325/cattle_5325_DSCF8215.jpg,cattle_5325,36,val
BeefCattle_Muzzle_database/BeefCattle_Muzzle_Individualized/cattle_5325/cattle_5325_DSCF8227.jpg,cattle_5325,36,val
BeefCattle_Muzzle_database/BeefCattle_Muzzle_Individualized/cattle_5325/cattle_5325_DSCF8216.jpg,cattle_5325,36,val
BeefCattle_Muzzle_database/BeefCattle_Muzzle_Individualized/cattle_5325/cattle_5325_DSCF8225.jpg,cattle_5325,36,test
BeefCattle_Muzzle_database/BeefCattle_Muzzle_Individualized/cattle_5325/cattle_5325_DSCF8202.jpg,cattle_5325,36,test
BeefCattle_Muzzle_database/BeefCattle_Muzzle_Individualized/cattle_5325/cattle_5325_DSCF8206.jpg,cattle_5325,36,test
BeefCattle_Muzzle_database/BeefCattle_Muzzle_Individualized/cattle_5325/cattle_5325_DSCF8203.jpg,cattle_5325,36,test
BeefCattle_Muzzle_database/BeefCattle_Muzzle_Individualized/cattle_5325/cattle_5325_DSCF8222.jpg,cattle_5325,36,test
BeefCattle_Muzzle_database/BeefCattle_Muzzle_Individualized/cattle_5325/cattle_5325_DSCF8232.jpg,cattle_5325,36,test
BeefCattle_Muzzle_database/BeefCattle_Muzzle_Individualized/cattle_5359/cattle_5359_DSCF0935.jpg,cattle_5359,10,train
BeefCattle_Muzzle_database/BeefCattle_Muzzle_Individualized/cattle_5359/cattle_5359_DSCF0940.jpg,cattle_5359,10,train
BeefCattle_Muzzle_database/BeefCattle_Muzzle_Individualized/cattle_5359/cattle_5359_DSCF0936.jpg,cattle_5359,10,train
BeefCattle_Muzzle_database/BeefCattle_Muzzle_Individualized/cattle_5359/cattle_5359_DSCF0938.jpg,cattle_5359,10,train
BeefCattle_Muzzle_database/BeefCattle_Muzzle_Individualized/cattle_5359/cattle_5359_DSCF0934.jpg,cattle_5359,10,train
BeefCattle_Muzzle_database/BeefCattle_Muzzle_Individualized/cattle_5359/cattle_5359_DSCF0942.jpg,cattle_5359,10,train
BeefCattle_Muzzle_database/BeefCattle_Muzzle_Individualized/cattle_5359/cattle_5359_DSCF0941.jpg,cattle_5359,10,train
BeefCattle_Muzzle_database/BeefCattle_Muzzle_Individualized/cattle_5359/cattle_5359_DSCF0937.jpg,cattle_5359,10,val
BeefCattle_Muzzle_database/BeefCattle_Muzzle_Individualized/cattle_5359/cattle_5359_DSCF0939.jpg,cattle_5359,10,test
BeefCattle_Muzzle_database/BeefCattle_Muzzle_Individualized/cattle_5359/cattle_5359_DSCF0933.jpg,cattle_5359,10,test
BeefCattle_Muzzle_database/BeefCattle_Muzzle_Individualized/cattle_5360/cattle_5360_DSCF0474.jpg,cattle_5360,35,train
BeefCattle_Muzzle_database/BeefCattle_Muzzle_Individualized/cattle_5360/cattle_5360_DSCF0447.jpg,cattle_5360,35,train
BeefCattle_Muzzle_database/BeefCattle_Muzzle_Individualized/cattle_5360/cattle_5360_DSCF0454.jpg,cattle_5360,35,train
BeefCattle_Muzzle_database/BeefCattle_Muzzle_Individualized/cattle_5360/cattle_5360_DSCF0466.jpg,cattle_5360,35,train
BeefCattle_Muzzle_database/BeefCattle_Muzzle_Individualized/cattle_5360/cattle_5360_DSCF0453.jpg,cattle_5360,35,train
BeefCattle_Muzzle_database/BeefCattle_Muzzle_Individualized/cattle_5360/cattle_5360_DSCF0479.jpg,cattle_5360,35,train
BeefCattle_Muzzle_database/BeefCattle_Muzzle_Individualized/cattle_5360/cattle_5360_DSCF0470.jpg,cattle_5360,35,train
BeefCattle_Muzzle_database/BeefCattle_Muzzle_Individualized/cattle_5360/cattle_5360_DSCF0477.jpg,cattle_5360,35,train
BeefCattle_Muzzle_database/BeefCattle_Muzzle_Individualized/cattle_5360/cattle_5360_DSCF0464.jpg,cattle_5360,35,train
BeefCattle_Muzzle_database/BeefCattle_Muzzle_Individualized/cattle_5360/cattle_5360_DSCF0472.jpg,cattle_5360,35,train
BeefCattle_Muzzle_database/BeefCattle_Muzzle_Individualized/cattle_5360/cattle_5360_DSCF0449.jpg,cattle_5360,35,train
BeefCattle_Muzzle_database/BeefCattle_Muzzle_Individualized/cattle_5360/cattle_5360_DSCF0455.jpg,cattle_5360,35,train
BeefCattle_Muzzle_database/BeefCattle_Muzzle_Individualized/cattle_5360/cattle_5360_DSCF0468.jpg,cattle_5360,35,train
BeefCattle_Muzzle_database/BeefCattle_Muzzle_Individualized/cattle_5360/cattle_5360_DSCF0457.jpg,cattle_5360,35,train
BeefCattle_Muzzle_database/BeefCattle_Muzzle_Individualized/cattle_5360/cattle_5360_DSCF0475.jpg,cattle_5360,35,train
BeefCattle_Muzzle_database/BeefCattle_Muzzle_Individualized/cattle_5360/cattle_5360_DSCF0463.jpg,cattle_5360,35,train
BeefCattle_Muzzle_database/BeefCattle_Muzzle_Individualized/cattle_5360/cattle_5360_DSCF0465.jpg,cattle_5360,35,train
BeefCattle_Muzzle_database/BeefCattle_Muzzle_Individualized/cattle_5360/cattle_5360_DSCF0461.jpg,cattle_5360,35,train
BeefCattle_Muzzle_database/BeefCattle_Muzzle_Individualized/cattle_5360/cattle_5360_DSCF0459.jpg,cattle_5360,35,train
BeefCattle_Muzzle_database/BeefCattle_Muzzle_Individualized/cattle_5360/cattle_5360_DSCF0458.jpg,cattle_5360,35,train
BeefCattle_Muzzle_database/BeefCattle_Muzzle_Individualized/cattle_5360/cattle_5360_DSCF0473.jpg,cattle_5360,35,train
BeefCattle_Muzzle_database/BeefCattle_Muzzle_Individualized/cattle_5360/cattle_5360_DSCF0481.jpg,cattle_5360,35,train
BeefCattle_Muzzle_database/BeefCattle_Muzzle_Individualized/cattle_5360/cattle_5360_DSCF0467.jpg,cattle_5360,35,train
BeefCattle_Muzzle_database/BeefCattle_Muzzle_Individualized/cattle_5360/cattle_5360_DSCF0478.jpg,cattle_5360,35,train
BeefCattle_Muzzle_database/BeefCattle_Muzzle_Individualized/cattle_5360/cattle_5360_DSCF0471.jpg,cattle_5360,35,val
BeefCattle_Muzzle_database/BeefCattle_Muzzle_Individualized/cattle_5360/cattle_5360_DSCF0452.jpg,cattle_5360,35,val
BeefCattle_Muzzle_database/BeefCattle_Muzzle_Individualized/cattle_5360/cattle_5360_DSCF0460.jpg,cattle_5360,35,val
BeefCattle_Muzzle_database/BeefCattle_Muzzle_Individualized/cattle_5360/cattle_5360_DSCF0456.jpg,cattle_5360,35,val
BeefCattle_Muzzle_database/BeefCattle_Muzzle_Individualized/cattle_5360/cattle_5360_DSCF0448.jpg,cattle_5360,35,val
BeefCattle_Muzzle_database/BeefCattle_Muzzle_Individualized/cattle_5360/cattle_5360_DSCF0462.jpg,cattle_5360,35,test
BeefCattle_Muzzle_database/BeefCattle_Muzzle_Individualized/cattle_5360/cattle_5360_DSCF0476.jpg,cattle_5360,35,test
BeefCattle_Muzzle_database/BeefCattle_Muzzle_Individualized/cattle_5360/cattle_5360_DSCF0480.jpg,cattle_5360,35,test
BeefCattle_Muzzle_database/BeefCattle_Muzzle_Individualized/cattle_5360/cattle_5360_DSCF0450.jpg,cattle_5360,35,test
BeefCattle_Muzzle_database/BeefCattle_Muzzle_Individualized/cattle_5360/cattle_5360_DSCF0451.jpg,cattle_5360,35,test
BeefCattle_Muzzle_database/BeefCattle_Muzzle_Individualized/cattle_5360/cattle_5360_DSCF0469.jpg,cattle_5360,35,test
BeefCattle_Muzzle_database/BeefCattle_Muzzle_Individualized/cattle_5362/cattle_5362_DSCF0780.jpg,cattle_5362,18,train
BeefCattle_Muzzle_database/BeefCattle_Muzzle_Individualized/cattle_5362/cattle_5362_DSCF0792.jpg,cattle_5362,18,train
BeefCattle_Muzzle_database/BeefCattle_Muzzle_Individualized/cattle_5362/cattle_5362_DSCF0781.jpg,cattle_5362,18,train
BeefCattle_Muzzle_database/BeefCattle_Muzzle_Individualized/cattle_5362/cattle_5362_DSCF0791.jpg,cattle_5362,18,train
BeefCattle_Muzzle_database/BeefCattle_Muzzle_Individualized/cattle_5362/cattle_5362_DSCF0778.jpg,cattle_5362,18,train
BeefCattle_Muzzle_database/BeefCattle_Muzzle_Individualized/cattle_5362/cattle_5362_DSCF0790.jpg,cattle_5362,18,train
BeefCattle_Muzzle_database/BeefCattle_Muzzle_Individualized/cattle_5362/cattle_5362_DSCF0777.jpg,cattle_5362,18,train
BeefCattle_Muzzle_database/BeefCattle_Muzzle_Individualized/cattle_5362/cattle_5362_DSCF0779.jpg,cattle_5362,18,train
BeefCattle_Muzzle_database/BeefCattle_Muzzle_Individualized/cattle_5362/cattle_5362_DSCF0789.jpg,cattle_5362,18,train
BeefCattle_Muzzle_database/BeefCattle_Muzzle_Individualized/cattle_5362/cattle_5362_DSCF0788.jpg,cattle_5362,18,train
BeefCattle_Muzzle_database/BeefCattle_Muzzle_Individualized/cattle_5362/cattle_5362_DSCF0782.jpg,cattle_5362,18,train
BeefCattle_Muzzle_database/BeefCattle_Muzzle_Individualized/cattle_5362/cattle_5362_DSCF0784.jpg,cattle_5362,18,train
BeefCattle_Muzzle_database/BeefCattle_Muzzle_Individualized/cattle_5362/cattle_5362_DSCF0787.jpg,cattle_5362,18,val
BeefCattle_Muzzle_database/BeefCattle_Muzzle_Individualized/cattle_5362/cattle_5362_DSCF0786.jpg,cattle_5362,18,val
BeefCattle_Muzzle_database/BeefCattle_Muzzle_Individualized/cattle_5362/cattle_5362_DSCF0783.jpg,cattle_5362,18,test
BeefCattle_Muzzle_database/BeefCattle_Muzzle_Individualized/cattle_5362/cattle_5362_DSCF0785.jpg,cattle_5362,18,test
BeefCattle_Muzzle_database/BeefCattle_Muzzle_Individualized/cattle_5362/cattle_5362_DSCF0793.jpg,cattle_5362,18,test
BeefCattle_Muzzle_database/BeefCattle_Muzzle_Individualized/cattle_5362/cattle_5362_DSCF0776.jpg,cattle_5362,18,test
BeefCattle_Muzzle_database/BeefCattle_Muzzle_Individualized/cattle_5373/cattle_5373_DSCF0701.jpg,cattle_5373,27,train
BeefCattle_Muzzle_database/BeefCattle_Muzzle_Individualized/cattle_5373/cattle_5373_DSCF0712.jpg,cattle_5373,27,train
BeefCattle_Muzzle_database/BeefCattle_Muzzle_Individualized/cattle_5373/cattle_5373_DSCF0708.jpg,cattle_5373,27,train
BeefCattle_Muzzle_database/BeefCattle_Muzzle_Individualized/cattle_5373/cattle_5373_DSCF0700.jpg,cattle_5373,27,train
BeefCattle_Muzzle_database/BeefCattle_Muzzle_Individualized/cattle_5373/cattle_5373_DSCF0722.jpg,cattle_5373,27,train
BeefCattle_Muzzle_database/BeefCattle_Muzzle_Individualized/cattle_5373/cattle_5373_DSCF0713.jpg,cattle_5373,27,train
BeefCattle_Muzzle_database/BeefCattle_Muzzle_Individualized/cattle_5373/cattle_5373_DSCF0704.jpg,cattle_5373,27,train
BeefCattle_Muzzle_database/BeefCattle_Muzzle_Individualized/cattle_5373/cattle_5373_DSCF0707.jpg,cattle_5373,27,train
BeefCattle_Muzzle_database/BeefCattle_Muzzle_Individualized/cattle_5373/cattle_5373_DSCF0711.jpg,cattle_5373,27,train
BeefCattle_Muzzle_database/BeefCattle_Muzzle_Individualized/cattle_5373/cattle_5373_DSCF0718.jpg,cattle_5373,27,train
BeefCattle_Muzzle_database/BeefCattle_Muzzle_Individualized/cattle_5373/cattle_5373_DSCF0706.jpg,cattle_5373,27,train
BeefCattle_Muzzle_database/BeefCattle_Muzzle_Individualized/cattle_5373/cattle_5373_DSCF0710.jpg,cattle_5373,27,train
BeefCattle_Muzzle_database/BeefCattle_Muzzle_Individualized/cattle_5373/cattle_5373_DSCF0714.jpg,cattle_5373,27,train
BeefCattle_Muzzle_database/BeefCattle_Muzzle_Individualized/cattle_5373/cattle_5373_DSCF0716.jpg,cattle_5373,27,train
BeefCattle_Muzzle_database/BeefCattle_Muzzle_Individualized/cattle_5373/cattle_5373_DSCF0705.jpg,cattle_5373,27,train
BeefCattle_Muzzle_database/BeefCattle_Muzzle_Individualized/cattle_5373/cattle_5373_DSCF0721.jpg,cattle_5373,27,train
BeefCattle_Muzzle_database/BeefCattle_Muzzle_Individualized/cattle_5373/cattle_5373_DSCF0698.jpg,cattle_5373,27,train
BeefCattle_Muzzle_database/BeefCattle_Muzzle_Individualized/cattle_5373/cattle_5373_DSCF0702.jpg,cattle_5373,27,train
BeefCattle_Muzzle_database/BeefCattle_Muzzle_Individualized/cattle_5373/cattle_5373_DSCF0703.jpg,cattle_5373,27,val
BeefCattle_Muzzle_database/BeefCattle_Muzzle_Individualized/cattle_5373/cattle_5373_DSCF0696.jpg,cattle_5373,27,val
BeefCattle_Muzzle_database/BeefCattle_Muzzle_Individualized/cattle_5373/cattle_5373_DSCF0715.jpg,cattle_5373,27,val
BeefCattle_Muzzle_database/BeefCattle_Muzzle_Individualized/cattle_5373/cattle_5373_DSCF0709.jpg,cattle_5373,27,val
BeefCattle_Muzzle_database/BeefCattle_Muzzle_Individualized/cattle_5373/cattle_5373_DSCF0717.jpg,cattle_5373,27,test
BeefCattle_Muzzle_database/BeefCattle_Muzzle_Individualized/cattle_5373/cattle_5373_DSCF0697.jpg,cattle_5373,27,test
BeefCattle_Muzzle_database/BeefCattle_Muzzle_Individualized/cattle_5373/cattle_5373_DSCF0699.jpg,cattle_5373,27,test
BeefCattle_Muzzle_database/BeefCattle_Muzzle_Individualized/cattle_5373/cattle_5373_DSCF0720.jpg,cattle_5373,27,test
BeefCattle_Muzzle_database/BeefCattle_Muzzle_Individualized/cattle_5373/cattle_5373_DSCF0719.jpg,cattle_5373,27,test
BeefCattle_Muzzle_database/BeefCattle_Muzzle_Individualized/cattle_5374/cattle_5374_DSCF1157.jpg,cattle_5374,27,train
BeefCattle_Muzzle_database/BeefCattle_Muzzle_Individualized/cattle_5374/cattle_5374_DSCF1141.jpg,cattle_5374,27,train
BeefCattle_Muzzle_database/BeefCattle_Muzzle_Individualized/cattle_5374/cattle_5374_DSCF1153.jpg,cattle_5374,27,train
BeefCattle_Muzzle_database/BeefCattle_Muzzle_Individualized/cattle_5374/cattle_5374_DSCF1166.jpg,cattle_5374,27,train
BeefCattle_Muzzle_database/BeefCattle_Muzzle_Individualized/cattle_5374/cattle_5374_DSCF1152.jpg,cattle_5374,27,train
BeefCattle_Muzzle_database/BeefCattle_Muzzle_Individualized/cattle_5374/cattle_5374_DSCF1151.jpg,cattle_5374,27,train
BeefCattle_Muzzle_database/BeefCattle_Muzzle_Individualized/cattle_5374/cattle_5374_DSCF1145.jpg,cattle_5374,27,train
BeefCattle_Muzzle_database/BeefCattle_Muzzle_Individualized/cattle_5374/cattle_5374_DSCF1142.jpg,cattle_5374,27,train
BeefCattle_Muzzle_database/BeefCattle_Muzzle_Individualized/cattle_5374/cattle_5374_DSCF1140.jpg,cattle_5374,27,train
BeefCattle_Muzzle_database/BeefCattle_Muzzle_Individualized/cattle_5374/cattle_5374_DSCF1154.jpg,cattle_5374,27,train
BeefCattle_Muzzle_database/BeefCattle_Muzzle_Individualized/cattle_5374/cattle_5374_DSCF1155.jpg,cattle_5374,27,train
BeefCattle_Muzzle_database/BeefCattle_Muzzle_Individualized/cattle_5374/cattle_5374_DSCF1146.jpg,cattle_5374,27,train
BeefCattle_Muzzle_database/BeefCattle_Muzzle_Individualized/cattle_5374/cattle_5374_DSCF1143.jpg,cattle_5374,27,train
BeefCattle_Muzzle_database/BeefCattle_Muzzle_Individualized/cattle_5374/cattle_5374_DSCF1148.jpg,cattle_5374,27,train
BeefCattle_Muzzle_database/BeefCattle_Muzzle_Individualized/cattle_5374/cattle_5374_DSCF1160.jpg,cattle_5374,27,train
BeefCattle_Muzzle_database/BeefCattle_Muzzle_Individualized/cattle_5374/cattle_5374_DSCF1144.jpg,cattle_5374,27,train
BeefCattle_Muzzle_database/BeefCattle_Muzzle_Individualized/cattle_5374/cattle_5374_DSCF1165.jpg,cattle_5374,27,train
BeefCattle_Muzzle_database/BeefCattle_Muzzle_Individualized/cattle_5374/cattle_5374_DSCF1164.jpg,cattle_5374,27,train
BeefCattle_Muzzle_database/BeefCattle_Muzzle_Individualized/cattle_5374/cattle_5374_DSCF1161.jpg,cattle_5374,27,val
BeefCattle_Muzzle_database/BeefCattle_Muzzle_Individualized/cattle_5374/cattle_5374_DSCF1159.jpg,cattle_5374,27,val
BeefCattle_Muzzle_database/BeefCattle_Muzzle_Individualized/cattle_5374/cattle_5374_DSCF1162.jpg,cattle_5374,27,val
BeefCattle_Muzzle_database/BeefCattle_Muzzle_Individualized/cattle_5374/cattle_5374_DSCF1150.jpg,cattle_5374,27,val
BeefCattle_Muzzle_database/BeefCattle_Muzzle_Individualized/cattle_5374/cattle_5374_DSCF1158.jpg,cattle_5374,27,test
BeefCattle_Muzzle_database/BeefCattle_Muzzle_Individualized/cattle_5374/cattle_5374_DSCF1163.jpg,cattle_5374,27,test
BeefCattle_Muzzle_database/BeefCattle_Muzzle_Individualized/cattle_5374/cattle_5374_DSCF1147.jpg,cattle_5374,27,test
BeefCattle_Muzzle_database/BeefCattle_Muzzle_Individualized/cattle_5374/cattle_5374_DSCF1149.jpg,cattle_5374,27,test
BeefCattle_Muzzle_database/BeefCattle_Muzzle_Individualized/cattle_5374/cattle_5374_DSCF1156.jpg,cattle_5374,27,test
BeefCattle_Muzzle_database/BeefCattle_Muzzle_Individualized/cattle_5403/cattle_5403_DSCF0192.jpg,cattle_5403,26,train
BeefCattle_Muzzle_database/BeefCattle_Muzzle_Individualized/cattle_5403/cattle_5403_DSCF0197.jpg,cattle_5403,26,train
BeefCattle_Muzzle_database/BeefCattle_Muzzle_Individualized/cattle_5403/cattle_5403_DSCF0210.jpg,cattle_5403,26,train
BeefCattle_Muzzle_database/BeefCattle_Muzzle_Individualized/cattle_5403/cattle_5403_DSCF0206.jpg,cattle_5403,26,train
BeefCattle_Muzzle_database/BeefCattle_Muzzle_Individualized/cattle_5403/cattle_5403_DSCF0215.jpg,cattle_5403,26,train
BeefCattle_Muzzle_database/BeefCattle_Muzzle_Individualized/cattle_5403/cattle_5403_DSCF0208.jpg,cattle_5403,26,train
BeefCattle_Muzzle_database/BeefCattle_Muzzle_Individualized/cattle_5403/cattle_5403_DSCF0191.jpg,cattle_5403,26,train
BeefCattle_Muzzle_database/BeefCattle_Muzzle_Individualized/cattle_5403/cattle_5403_DSCF0205.jpg,cattle_5403,26,train
BeefCattle_Muzzle_database/BeefCattle_Muzzle_Individualized/cattle_5403/cattle_5403_DSCF0193.jpg,cattle_5403,26,train
BeefCattle_Muzzle_database/BeefCattle_Muzzle_Individualized/cattle_5403/cattle_5403_DSCF0209.jpg,cattle_5403,26,train
BeefCattle_Muzzle_database/BeefCattle_Muzzle_Individualized/cattle_5403/cattle_5403_DSCF0202.jpg,cattle_5403,26,train
BeefCattle_Muzzle_database/BeefCattle_Muzzle_Individualized/cattle_5403/cattle_5403_DSCF0194.jpg,cattle_5403,26,train
BeefCattle_Muzzle_database/BeefCattle_Muzzle_Individualized/cattle_5403/cattle_5403_DSCF0198.jpg,cattle_5403,26,train
BeefCattle_Muzzle_database/BeefCattle_Muzzle_Individualized/cattle_5403/cattle_5403_DSCF0199.jpg,cattle_5403,26,train
BeefCattle_Muzzle_database/BeefCattle_Muzzle_Individualized/cattle_5403/cattle_5403_DSCF0213.jpg,cattle_5403,26,train
BeefCattle_Muzzle_database/BeefCattle_Muzzle_Individualized/cattle_5403/cattle_5403_DSCF0196.jpg,cattle_5403,26,train
BeefCattle_Muzzle_database/BeefCattle_Muzzle_Individualized/cattle_5403/cattle_5403_DSCF0214.jpg,cattle_5403,26,train
BeefCattle_Muzzle_database/BeefCattle_Muzzle_Individualized/cattle_5403/cattle_5403_DSCF0200.jpg,cattle_5403,26,train
BeefCattle_Muzzle_database/BeefCattle_Muzzle_Individualized/cattle_5403/cattle_5403_DSCF0195.jpg,cattle_5403,26,val
BeefCattle_Muzzle_database/BeefCattle_Muzzle_Individualized/cattle_5403/cattle_5403_DSCF0216.jpg,cattle_5403,26,val
BeefCattle_Muzzle_database/BeefCattle_Muzzle_Individualized/cattle_5403/cattle_5403_DSCF0204.jpg,cattle_5403,26,val
BeefCattle_Muzzle_database/BeefCattle_Muzzle_Individualized/cattle_5403/cattle_5403_DSCF0201.jpg,cattle_5403,26,test
BeefCattle_Muzzle_database/BeefCattle_Muzzle_Individualized/cattle_5403/cattle_5403_DSCF0207.jpg,cattle_5403,26,test
BeefCattle_Muzzle_database/BeefCattle_Muzzle_Individualized/cattle_5403/cattle_5403_DSCF0203.jpg,cattle_5403,26,test
BeefCattle_Muzzle_database/BeefCattle_Muzzle_Individualized/cattle_5403/cattle_5403_DSCF0212.jpg,cattle_5403,26,test
BeefCattle_Muzzle_database/BeefCattle_Muzzle_Individualized/cattle_5403/cattle_5403_DSCF0211.jpg,cattle_5403,26,test
BeefCattle_Muzzle_database/BeefCattle_Muzzle_Individualized/cattle_5404/cattle_5404_DSCF0291.jpg,cattle_5404,22,train
BeefCattle_Muzzle_database/BeefCattle_Muzzle_Individualized/cattle_5404/cattle_5404_DSCF0286.jpg,cattle_5404,22,train
BeefCattle_Muzzle_database/BeefCattle_Muzzle_Individualized/cattle_5404/cattle_5404_DSCF0287.jpg,cattle_5404,22,train
BeefCattle_Muzzle_database/BeefCattle_Muzzle_Individualized/cattle_5404/cattle_5404_DSCF0279.jpg,cattle_5404,22,train
BeefCattle_Muzzle_database/BeefCattle_Muzzle_Individualized/cattle_5404/cattle_5404_DSCF0290.jpg,cattle_5404,22,train
BeefCattle_Muzzle_database/BeefCattle_Muzzle_Individualized/cattle_5404/cattle_5404_DSCF0281.jpg,cattle_5404,22,train
BeefCattle_Muzzle_database/BeefCattle_Muzzle_Individualized/cattle_5404/cattle_5404_DSCF0285.jpg,cattle_5404,22,train
BeefCattle_Muzzle_database/BeefCattle_Muzzle_Individualized/cattle_5404/cattle_5404_DSCF0288.jpg,cattle_5404,22,train
BeefCattle_Muzzle_database/BeefCattle_Muzzle_Individualized/cattle_5404/cattle_5404_DSCF0274.jpg,cattle_5404,22,train
BeefCattle_Muzzle_database/BeefCattle_Muzzle_Individualized/cattle_5404/cattle_5404_DSCF0270.jpg,cattle_5404,22,train
BeefCattle_Muzzle_database/BeefCattle_Muzzle_Individualized/cattle_5404/cattle_5404_DSCF0273.jpg,cattle_5404,22,train
BeefCattle_Muzzle_database/BeefCattle_Muzzle_Individualized/cattle_5404/cattle_5404_DSCF0289.jpg,cattle_5404,22,train
BeefCattle_Muzzle_database/BeefCattle_Muzzle_Individualized/cattle_5404/cattle_5404_DSCF0271.jpg,cattle_5404,22,train
BeefCattle_Muzzle_database/BeefCattle_Muzzle_Individualized/cattle_5404/cattle_5404_DSCF0275.jpg,cattle_5404,22,train
BeefCattle_Muzzle_database/BeefCattle_Muzzle_Individualized/cattle_5404/cattle_5404_DSCF0283.jpg,cattle_5404,22,train
BeefCattle_Muzzle_database/BeefCattle_Muzzle_Individualized/cattle_5404/cattle_5404_DSCF0284.jpg,cattle_5404,22,val
BeefCattle_Muzzle_database/BeefCattle_Muzzle_Individualized/cattle_5404/cattle_5404_DSCF0272.jpg,cattle_5404,22,val
BeefCattle_Muzzle_database/BeefCattle_Muzzle_Individualized/cattle_5404/cattle_5404_DSCF0280.jpg,cattle_5404,22,val
BeefCattle_Muzzle_database/BeefCattle_Muzzle_Individualized/cattle_5404/cattle_5404_DSCF0276.jpg,cattle_5404,22,test
BeefCattle_Muzzle_database/BeefCattle_Muzzle_Individualized/cattle_5404/cattle_5404_DSCF0278.jpg,cattle_5404,22,test
BeefCattle_Muzzle_database/BeefCattle_Muzzle_Individualized/cattle_5404/cattle_5404_DSCF0277.jpg,cattle_5404,22,test
BeefCattle_Muzzle_database/BeefCattle_Muzzle_Individualized/cattle_5404/cattle_5404_DSCF0282.jpg,cattle_5404,22,test
BeefCattle_Muzzle_database/BeefCattle_Muzzle_Individualized/cattle_5407/cattle_5407_DSCF1015.jpg,cattle_5407,40,train
BeefCattle_Muzzle_database/BeefCattle_Muzzle_Individualized/cattle_5407/cattle_5407_DSCF1002.jpg,cattle_5407,40,train
BeefCattle_Muzzle_database/BeefCattle_Muzzle_Individualized/cattle_5407/cattle_5407_DSCF1003.jpg,cattle_5407,40,train
BeefCattle_Muzzle_database/BeefCattle_Muzzle_Individualized/cattle_5407/cattle_5407_DSCF1033.jpg,cattle_5407,40,train
BeefCattle_Muzzle_database/BeefCattle_Muzzle_Individualized/cattle_5407/cattle_5407_DSCF1032.jpg,cattle_5407,40,train
BeefCattle_Muzzle_database/BeefCattle_Muzzle_Individualized/cattle_5407/cattle_5407_DSCF1028.jpg,cattle_5407,40,train
BeefCattle_Muzzle_database/BeefCattle_Muzzle_Individualized/cattle_5407/cattle_5407_DSCF1035.jpg,cattle_5407,40,train
BeefCattle_Muzzle_database/BeefCattle_Muzzle_Individualized/cattle_5407/cattle_5407_DSCF1012.jpg,cattle_5407,40,train
BeefCattle_Muzzle_database/BeefCattle_Muzzle_Individualized/cattle_5407/cattle_5407_DSCF1026.jpg,cattle_5407,40,train
BeefCattle_Muzzle_database/BeefCattle_Muzzle_Individualized/cattle_5407/cattle_5407_DSCF1005.jpg,cattle_5407,40,train
BeefCattle_Muzzle_database/BeefCattle_Muzzle_Individualized/cattle_5407/cattle_5407_DSCF1006.jpg,cattle_5407,40,train
BeefCattle_Muzzle_database/BeefCattle_Muzzle_Individualized/cattle_5407/cattle_5407_DSCF1017.jpg,cattle_5407,40,train
BeefCattle_Muzzle_database/BeefCattle_Muzzle_Individualized/cattle_5407/cattle_5407_DSCF1009.jpg,cattle_5407,40,train
BeefCattle_Muzzle_database/BeefCattle_Muzzle_Individualized/cattle_5407/cattle_5407_DSCF1019.jpg,cattle_5407,40,train
BeefCattle_Muzzle_database/BeefCattle_Muzzle_Individualized/cattle_5407/cattle_5407_DSCF1021.jpg,cattle_5407,40,train
BeefCattle_Muzzle_database/BeefCattle_Muzzle_Individualized/cattle_5407/cattle_5407_DSCF1010.jpg,cattle_5407,40,train
BeefCattle_Muzzle_database/BeefCattle_Muzzle_Individualized/cattle_5407/cattle_5407_DSCF1011.jpg,cattle_5407,40,train
BeefCattle_Muzzle_database/BeefCattle_Muzzle_Individualized/cattle_5407/cattle_5407_DSCF1018.jpg,cattle_5407,40,train
BeefCattle_Muzzle_database/BeefCattle_Muzzle_Individualized/cattle_5407/cattle_5407_DSCF1027.jpg,cattle_5407,40,train
BeefCattle_Muzzle_database/BeefCattle_Muzzle_Individualized/cattle_5407/cattle_5407_DSCF1013.jpg,cattle_5407,40,train
BeefCattle_Muzzle_database/BeefCattle_Muzzle_Individualized/cattle_5407/cattle_5407_DSCF1037.jpg,cattle_5407,40,train
BeefCattle_Muzzle_database/BeefCattle_Muzzle_Individualized/cattle_5407/cattle_5407_DSCF1034.jpg,cattle_5407,40,train
BeefCattle_Muzzle_database/BeefCattle_Muzzle_Individualized/cattle_5407/cattle_5407_DSCF1023.jpg,cattle_5407,40,train
BeefCattle_Muzzle_database/BeefCattle_Muzzle_Individualized/cattle_5407/cattle_5407_DSCF1008.jpg,cattle_5407,40,train
BeefCattle_Muzzle_database/BeefCattle_Muzzle_Individualized/cattle_5407/cattle_5407_DSCF1016.jpg,cattle_5407,40,train
BeefCattle_Muzzle_database/BeefCattle_Muzzle_Individualized/cattle_5407/cattle_5407_DSCF1025.jpg,cattle_5407,40,train
BeefCattle_Muzzle_database/BeefCattle_Muzzle_Individualized/cattle_5407/cattle_5407_DSCF1029.jpg,cattle_5407,40,train
BeefCattle_Muzzle_database/BeefCattle_Muzzle_Individualized/cattle_5407/cattle_5407_DSCF1004.jpg,cattle_5407,40,train
BeefCattle_Muzzle_database/BeefCattle_Muzzle_Individualized/cattle_5407/cattle_5407_DSCF1024.jpg,cattle_5407,40,val
BeefCattle_Muzzle_database/BeefCattle_Muzzle_Individualized/cattle_5407/cattle_5407_DSCF1007.jpg,cattle_5407,40,val
BeefCattle_Muzzle_database/BeefCattle_Muzzle_Individualized/cattle_5407/cattle_5407_DSCF1030.jpg,cattle_5407,40,val
BeefCattle_Muzzle_database/BeefCattle_Muzzle_Individualized/cattle_5407/cattle_5407_DSCF1039.jpg,cattle_5407,40,val
BeefCattle_Muzzle_database/BeefCattle_Muzzle_Individualized/cattle_5407/cattle_5407_DSCF1001.jpg,cattle_5407,40,val
BeefCattle_Muzzle_database/BeefCattle_Muzzle_Individualized/cattle_5407/cattle_5407_DSCF1020.jpg,cattle_5407,40,val
BeefCattle_Muzzle_database/BeefCattle_Muzzle_Individualized/cattle_5407/cattle_5407_DSCF1022.jpg,cattle_5407,40,test
BeefCattle_Muzzle_database/BeefCattle_Muzzle_Individualized/cattle_5407/cattle_5407_DSCF1040.jpg,cattle_5407,40,test
BeefCattle_Muzzle_database/BeefCattle_Muzzle_Individualized/cattle_5407/cattle_5407_DSCF1031.jpg,cattle_5407,40,test
BeefCattle_Muzzle_database/BeefCattle_Muzzle_Individualized/cattle_5407/cattle_5407_DSCF1014.jpg,cattle_5407,40,test
BeefCattle_Muzzle_database/BeefCattle_Muzzle_Individualized/cattle_5407/cattle_5407_DSCF1036.jpg,cattle_5407,40,test
BeefCattle_Muzzle_database/BeefCattle_Muzzle_Individualized/cattle_5407/cattle_5407_DSCF1038.jpg,cattle_5407,40,test
BeefCattle_Muzzle_database/BeefCattle_Muzzle_Individualized/cattle_5408/cattle_5408_DSCF1030.jpg,cattle_5408,18,train
BeefCattle_Muzzle_database/BeefCattle_Muzzle_Individualized/cattle_5408/cattle_5408_DSCF1023.jpg,cattle_5408,18,train
BeefCattle_Muzzle_database/BeefCattle_Muzzle_Individualized/cattle_5408/cattle_5408_DSCF1016.jpg,cattle_5408,18,train
BeefCattle_Muzzle_database/BeefCattle_Muzzle_Individualized/cattle_5408/cattle_5408_DSCF1032.jpg,cattle_5408,18,train
BeefCattle_Muzzle_database/BeefCattle_Muzzle_Individualized/cattle_5408/cattle_5408_DSCF1029.jpg,cattle_5408,18,train
BeefCattle_Muzzle_database/BeefCattle_Muzzle_Individualized/cattle_5408/cattle_5408_DSCF1028.jpg,cattle_5408,18,train
BeefCattle_Muzzle_database/BeefCattle_Muzzle_Individualized/cattle_5408/cattle_5408_DSCF1022.jpg,cattle_5408,18,train
BeefCattle_Muzzle_database/BeefCattle_Muzzle_Individualized/cattle_5408/cattle_5408_DSCF1019.jpg,cattle_5408,18,train
BeefCattle_Muzzle_database/BeefCattle_Muzzle_Individualized/cattle_5408/cattle_5408_DSCF1027.jpg,cattle_5408,18,train
BeefCattle_Muzzle_database/BeefCattle_Muzzle_Individualized/cattle_5408/cattle_5408_DSCF1017.jpg,cattle_5408,18,train
BeefCattle_Muzzle_database/BeefCattle_Muzzle_Individualized/cattle_5408/cattle_5408_DSCF1018.jpg,cattle_5408,18,train
BeefCattle_Muzzle_database/BeefCattle_Muzzle_Individualized/cattle_5408/cattle_5408_DSCF1024.jpg,cattle_5408,18,train
BeefCattle_Muzzle_database/BeefCattle_Muzzle_Individualized/cattle_5408/cattle_5408_DSCF1015.jpg,cattle_5408,18,val
BeefCattle_Muzzle_database/BeefCattle_Muzzle_Individualized/cattle_5408/cattle_5408_DSCF1031.jpg,cattle_5408,18,val
BeefCattle_Muzzle_database/BeefCattle_Muzzle_Individualized/cattle_5408/cattle_5408_DSCF1020.jpg,cattle_5408,18,test
BeefCattle_Muzzle_database/BeefCattle_Muzzle_Individualized/cattle_5408/cattle_5408_DSCF1026.jpg,cattle_5408,18,test
BeefCattle_Muzzle_database/BeefCattle_Muzzle_Individualized/cattle_5408/cattle_5408_DSCF1021.jpg,cattle_5408,18,test
BeefCattle_Muzzle_database/BeefCattle_Muzzle_Individualized/cattle_5408/cattle_5408_DSCF1025.jpg,cattle_5408,18,test
BeefCattle_Muzzle_database/BeefCattle_Muzzle_Individualized/cattle_5410/cattle_5410_DSCF0080.jpg,cattle_5410,20,train
BeefCattle_Muzzle_database/BeefCattle_Muzzle_Individualized/cattle_5410/cattle_5410_DSCF0090.jpg,cattle_5410,20,train
BeefCattle_Muzzle_database/BeefCattle_Muzzle_Individualized/cattle_5410/cattle_5410_DSCF0071.jpg,cattle_5410,20,train
BeefCattle_Muzzle_database/BeefCattle_Muzzle_Individualized/cattle_5410/cattle_5410_DSCF0082.jpg,cattle_5410,20,train
BeefCattle_Muzzle_database/BeefCattle_Muzzle_Individualized/cattle_5410/cattle_5410_DSCF0073.jpg,cattle_5410,20,train
BeefCattle_Muzzle_database/BeefCattle_Muzzle_Individualized/cattle_5410/cattle_5410_DSCF0072.jpg,cattle_5410,20,train
BeefCattle_Muzzle_database/BeefCattle_Muzzle_Individualized/cattle_5410/cattle_5410_DSCF0074.jpg,cattle_5410,20,train
BeefCattle_Muzzle_database/BeefCattle_Muzzle_Individualized/cattle_5410/cattle_5410_DSCF0084.jpg,cattle_5410,20,train
BeefCattle_Muzzle_database/BeefCattle_Muzzle_Individualized/cattle_5410/cattle_5410_DSCF0085.jpg,cattle_5410,20,train
BeefCattle_Muzzle_database/BeefCattle_Muzzle_Individualized/cattle_5410/cattle_5410_DSCF0075.jpg,cattle_5410,20,train
BeefCattle_Muzzle_database/BeefCattle_Muzzle_Individualized/cattle_5410/cattle_5410_DSCF0076.jpg,cattle_5410,20,train
BeefCattle_Muzzle_database/BeefCattle_Muzzle_Individualized/cattle_5410/cattle_5410_DSCF0087.jpg,cattle_5410,20,train
BeefCattle_Muzzle_database/BeefCattle_Muzzle_Individualized/cattle_5410/cattle_5410_DSCF0089.jpg,cattle_5410,20,train
BeefCattle_Muzzle_database/BeefCattle_Muzzle_Individualized/cattle_5410/cattle_5410_DSCF0079.jpg,cattle_5410,20,train
BeefCattle_Muzzle_database/BeefCattle_Muzzle_Individualized/cattle_5410/cattle_5410_DSCF0086.jpg,cattle_5410,20,val
BeefCattle_Muzzle_database/BeefCattle_Muzzle_Individualized/cattle_5410/cattle_5410_DSCF0088.jpg,cattle_5410,20,val
BeefCattle_Muzzle_database/BeefCattle_Muzzle_Individualized/cattle_5410/cattle_5410_DSCF0083.jpg,cattle_5410,20,val
BeefCattle_Muzzle_database/BeefCattle_Muzzle_Individualized/cattle_5410/cattle_5410_DSCF0078.jpg,cattle_5410,20,test
BeefCattle_Muzzle_database/BeefCattle_Muzzle_Individualized/cattle_5410/cattle_5410_DSCF0081.jpg,cattle_5410,20,test
BeefCattle_Muzzle_database/BeefCattle_Muzzle_Individualized/cattle_5410/cattle_5410_DSCF0077.jpg,cattle_5410,20,test
BeefCattle_Muzzle_database/BeefCattle_Muzzle_Individualized/cattle_5411/cattle_5411_DSCF1050.jpg,cattle_5411,31,train
BeefCattle_Muzzle_database/BeefCattle_Muzzle_Individualized/cattle_5411/cattle_5411_DSCF1067.jpg,cattle_5411,31,train
BeefCattle_Muzzle_database/BeefCattle_Muzzle_Individualized/cattle_5411/cattle_5411_DSCF1059.jpg,cattle_5411,31,train
BeefCattle_Muzzle_database/BeefCattle_Muzzle_Individualized/cattle_5411/cattle_5411_DSCF1055.jpg,cattle_5411,31,train
BeefCattle_Muzzle_database/BeefCattle_Muzzle_Individualized/cattle_5411/cattle_5411_DSCF1047.jpg,cattle_5411,31,train
BeefCattle_Muzzle_database/BeefCattle_Muzzle_Individualized/cattle_5411/cattle_5411_DSCF1051.jpg,cattle_5411,31,train
BeefCattle_Muzzle_database/BeefCattle_Muzzle_Individualized/cattle_5411/cattle_5411_DSCF1068.jpg,cattle_5411,31,train
BeefCattle_Muzzle_database/BeefCattle_Muzzle_Individualized/cattle_5411/cattle_5411_DSCF1053.jpg,cattle_5411,31,train
BeefCattle_Muzzle_database/BeefCattle_Muzzle_Individualized/cattle_5411/cattle_5411_DSCF1071.jpg,cattle_5411,31,train
BeefCattle_Muzzle_database/BeefCattle_Muzzle_Individualized/cattle_5411/cattle_5411_DSCF1065.jpg,cattle_5411,31,train
BeefCattle_Muzzle_database/BeefCattle_Muzzle_Individualized/cattle_5411/cattle_5411_DSCF1049.jpg,cattle_5411,31,train
BeefCattle_Muzzle_database/BeefCattle_Muzzle_Individualized/cattle_5411/cattle_5411_DSCF1044.jpg,cattle_5411,31,train
BeefCattle_Muzzle_database/BeefCattle_Muzzle_Individualized/cattle_5411/cattle_5411_DSCF1060.jpg,cattle_5411,31,train
BeefCattle_Muzzle_database/BeefCattle_Muzzle_Individualized/cattle_5411/cattle_5411_DSCF1056.jpg,cattle_5411,31,train
BeefCattle_Muzzle_database/BeefCattle_Muzzle_Individualized/cattle_5411/cattle_5411_DSCF1052.jpg,cattle_5411,31,train
BeefCattle_Muzzle_database/BeefCattle_Muzzle_Individualized/cattle_5411/cattle_5411_DSCF1063.jpg,cattle_5411,31,train
BeefCattle_Muzzle_database/BeefCattle_Muzzle_Individualized/cattle_5411/cattle_5411_DSCF1048.jpg,cattle_5411,31,train
BeefCattle_Muzzle_database/BeefCattle_Muzzle_Individualized/cattle_5411/cattle_5411_DSCF1045.jpg,cattle_5411,31,train
BeefCattle_Muzzle_database/BeefCattle_Muzzle_Individualized/cattle_5411/cattle_5411_DSCF1054.jpg,cattle_5411,31,train
BeefCattle_Muzzle_database/BeefCattle_Muzzle_Individualized/cattle_5411/cattle_5411_DSCF1041.jpg,cattle_5411,31,train
BeefCattle_Muzzle_database/BeefCattle_Muzzle_Individualized/cattle_5411/cattle_5411_DSCF1064.jpg,cattle_5411,31,train
BeefCattle_Muzzle_database/BeefCattle_Muzzle_Individualized/cattle_5411/cattle_5411_DSCF1062.jpg,cattle_5411,31,val
BeefCattle_Muzzle_database/BeefCattle_Muzzle_Individualized/cattle_5411/cattle_5411_DSCF1043.jpg,cattle_5411,31,val
BeefCattle_Muzzle_database/BeefCattle_Muzzle_Individualized/cattle_5411/cattle_5411_DSCF1066.jpg,cattle_5411,31,val
BeefCattle_Muzzle_database/BeefCattle_Muzzle_Individualized/cattle_5411/cattle_5411_DSCF1057.jpg,cattle_5411,31,val
BeefCattle_Muzzle_database/BeefCattle_Muzzle_Individualized/cattle_5411/cattle_5411_DSCF1042.jpg,cattle_5411,31,test
BeefCattle_Muzzle_database/BeefCattle_Muzzle_Individualized/cattle_5411/cattle_5411_DSCF1061.jpg,cattle_5411,31,test
BeefCattle_Muzzle_database/BeefCattle_Muzzle_Individualized/cattle_5411/cattle_5411_DSCF1058.jpg,cattle_5411,31,test
BeefCattle_Muzzle_database/BeefCattle_Muzzle_Individualized/cattle_5411/cattle_5411_DSCF1069.jpg,cattle_5411,31,test
BeefCattle_Muzzle_database/BeefCattle_Muzzle_Individualized/cattle_5411/cattle_5411_DSCF1070.jpg,cattle_5411,31,test
BeefCattle_Muzzle_database/BeefCattle_Muzzle_Individualized/cattle_5411/cattle_5411_DSCF1046.jpg,cattle_5411,31,test
BeefCattle_Muzzle_database/BeefCattle_Muzzle_Individualized/cattle_5425/cattle_5425_DSCF0377.jpg,cattle_5425,26,train
BeefCattle_Muzzle_database/BeefCattle_Muzzle_Individualized/cattle_5425/cattle_5425_DSCF0365.jpg,cattle_5425,26,train
BeefCattle_Muzzle_database/BeefCattle_Muzzle_Individualized/cattle_5425/cattle_5425_DSCF0380.jpg,cattle_5425,26,train
BeefCattle_Muzzle_database/BeefCattle_Muzzle_Individualized/cattle_5425/cattle_5425_DSCF0374.jpg,cattle_5425,26,train
BeefCattle_Muzzle_database/BeefCattle_Muzzle_Individualized/cattle_5425/cattle_5425_DSCF0367.jpg,cattle_5425,26,train
BeefCattle_Muzzle_database/BeefCattle_Muzzle_Individualized/cattle_5425/cattle_5425_DSCF0369.jpg,cattle_5425,26,train
BeefCattle_Muzzle_database/BeefCattle_Muzzle_Individualized/cattle_5425/cattle_5425_DSCF0366.jpg,cattle_5425,26,train
BeefCattle_Muzzle_database/BeefCattle_Muzzle_Individualized/cattle_5425/cattle_5425_DSCF0376.jpg,cattle_5425,26,train
BeefCattle_Muzzle_database/BeefCattle_Muzzle_Individualized/cattle_5425/cattle_5425_DSCF0363.jpg,cattle_5425,26,train
BeefCattle_Muzzle_database/BeefCattle_Muzzle_Individualized/cattle_5425/cattle_5425_DSCF0364.jpg,cattle_5425,26,train
BeefCattle_Muzzle_database/BeefCattle_Muzzle_Individualized/cattle_5425/cattle_5425_DSCF0368.jpg,cattle_5425,26,train
BeefCattle_Muzzle_database/BeefCattle_Muzzle_Individualized/cattle_5425/cattle_5425_DSCF0372.jpg,cattle_5425,26,train
BeefCattle_Muzzle_database/BeefCattle_Muzzle_Individualized/cattle_5425/cattle_5425_DSCF0373.jpg,cattle_5425,26,train
BeefCattle_Muzzle_database/BeefCattle_Muzzle_Individualized/cattle_5425/cattle_5425_DSCF0383.jpg,cattle_5425,26,train
BeefCattle_Muzzle_database/BeefCattle_Muzzle_Individualized/cattle_5425/cattle_5425_DSCF0384.jpg,cattle_5425,26,train
BeefCattle_Muzzle_database/BeefCattle_Muzzle_Individualized/cattle_5425/cattle_5425_DSCF0381.jpg,cattle_5425,26,train
BeefCattle_Muzzle_database/BeefCattle_Muzzle_Individualized/cattle_5425/cattle_5425_DSCF0371.jpg,cattle_5425,26,train
BeefCattle_Muzzle_database/BeefCattle_Muzzle_Individualized/cattle_5425/cattle_5425_DSCF0370.jpg,cattle_5425,26,train
BeefCattle_Muzzle_database/BeefCattle_Muzzle_Individualized/cattle_5425/cattle_5425_DSCF0378.jpg,cattle_5425,26,val
BeefCattle_Muzzle_database/BeefCattle_Muzzle_Individualized/cattle_5425/cattle_5425_DSCF0382.jpg,cattle_5425,26,val
BeefCattle_Muzzle_database/BeefCattle_Muzzle_Individualized/cattle_5425/cattle_5425_DSCF0386.jpg,cattle_5425,26,val
BeefCattle_Muzzle_database/BeefCattle_Muzzle_Individualized/cattle_5425/cattle_5425_DSCF0375.jpg,cattle_5425,26,test
BeefCattle_Muzzle_database/BeefCattle_Muzzle_Individualized/cattle_5425/cattle_5425_DSCF0385.jpg,cattle_5425,26,test
BeefCattle_Muzzle_database/BeefCattle_Muzzle_Individualized/cattle_5425/cattle_5425_DSCF0379.jpg,cattle_5425,26,test
BeefCattle_Muzzle_database/BeefCattle_Muzzle_Individualized/cattle_5425/cattle_5425_DSCF0387.jpg,cattle_5425,26,test
BeefCattle_Muzzle_database/BeefCattle_Muzzle_Individualized/cattle_5425/cattle_5425_DSCF0362.jpg,cattle_5425,26,test
BeefCattle_Muzzle_database/BeefCattle_Muzzle_Individualized/cattle_5427/cattle_5427_DSCF0765.jpg,cattle_5427,13,train
BeefCattle_Muzzle_database/BeefCattle_Muzzle_Individualized/cattle_5427/cattle_5427_DSCF0763.jpg,cattle_5427,13,train
BeefCattle_Muzzle_database/BeefCattle_Muzzle_Individualized/cattle_5427/cattle_5427_DSCF0770.jpg,cattle_5427,13,train
BeefCattle_Muzzle_database/BeefCattle_Muzzle_Individualized/cattle_5427/cattle_5427_DSCF0771.jpg,cattle_5427,13,train
BeefCattle_Muzzle_database/BeefCattle_Muzzle_Individualized/cattle_5427/cattle_5427_DSCF0772.jpg,cattle_5427,13,train
BeefCattle_Muzzle_database/BeefCattle_Muzzle_Individualized/cattle_5427/cattle_5427_DSCF0774.jpg,cattle_5427,13,train
BeefCattle_Muzzle_database/BeefCattle_Muzzle_Individualized/cattle_5427/cattle_5427_DSCF0766.jpg,cattle_5427,13,train
BeefCattle_Muzzle_database/BeefCattle_Muzzle_Individualized/cattle_5427/cattle_5427_DSCF0773.jpg,cattle_5427,13,train
BeefCattle_Muzzle_database/BeefCattle_Muzzle_Individualized/cattle_5427/cattle_5427_DSCF0775.jpg,cattle_5427,13,train
BeefCattle_Muzzle_database/BeefCattle_Muzzle_Individualized/cattle_5427/cattle_5427_DSCF0764.jpg,cattle_5427,13,val
BeefCattle_Muzzle_database/BeefCattle_Muzzle_Individualized/cattle_5427/cattle_5427_DSCF0769.jpg,cattle_5427,13,test
BeefCattle_Muzzle_database/BeefCattle_Muzzle_Individualized/cattle_5427/cattle_5427_DSCF0767.jpg,cattle_5427,13,test
BeefCattle_Muzzle_database/BeefCattle_Muzzle_Individualized/cattle_5427/cattle_5427_DSCF0768.jpg,cattle_5427,13,test
BeefCattle_Muzzle_database/BeefCattle_Muzzle_Individualized/cattle_5432/cattle_5432_DSCF1121.jpg,cattle_5432,19,train
BeefCattle_Muzzle_database/BeefCattle_Muzzle_Individualized/cattle_5432/cattle_5432_DSCF1111.jpg,cattle_5432,19,train
BeefCattle_Muzzle_database/BeefCattle_Muzzle_Individualized/cattle_5432/cattle_5432_DSCF1110.jpg,cattle_5432,19,train
BeefCattle_Muzzle_database/BeefCattle_Muzzle_Individualized/cattle_5432/cattle_5432_DSCF1115.jpg,cattle_5432,19,train
BeefCattle_Muzzle_database/BeefCattle_Muzzle_Individualized/cattle_5432/cattle_5432_DSCF1119.jpg,cattle_5432,19,train
BeefCattle_Muzzle_database/BeefCattle_Muzzle_Individualized/cattle_5432/cattle_5432_DSCF1120.jpg,cattle_5432,19,train
BeefCattle_Muzzle_database/BeefCattle_Muzzle_Individualized/cattle_5432/cattle_5432_DSCF1109.jpg,cattle_5432,19,train
BeefCattle_Muzzle_database/BeefCattle_Muzzle_Individualized/cattle_5432/cattle_5432_DSCF1124.jpg,cattle_5432,19,train
BeefCattle_Muzzle_database/BeefCattle_Muzzle_Individualized/cattle_5432/cattle_5432_DSCF1123.jpg,cattle_5432,19,train
BeefCattle_Muzzle_database/BeefCattle_Muzzle_Individualized/cattle_5432/cattle_5432_DSCF1117.jpg,cattle_5432,19,train
BeefCattle_Muzzle_database/BeefCattle_Muzzle_Individualized/cattle_5432/cattle_5432_DSCF1116.jpg,cattle_5432,19,train
BeefCattle_Muzzle_database/BeefCattle_Muzzle_Individualized/cattle_5432/cattle_5432_DSCF1106.jpg,cattle_5432,19,train
BeefCattle_Muzzle_database/BeefCattle_Muzzle_Individualized/cattle_5432/cattle_5432_DSCF1113.jpg,cattle_5432,19,train
BeefCattle_Muzzle_database/BeefCattle_Muzzle_Individualized/cattle_5432/cattle_5432_DSCF1114.jpg,cattle_5432,19,val
BeefCattle_Muzzle_database/BeefCattle_Muzzle_Individualized/cattle_5432/cattle_5432_DSCF1112.jpg,cattle_5432,19,val
BeefCattle_Muzzle_database/BeefCattle_Muzzle_Individualized/cattle_5432/cattle_5432_DSCF1122.jpg,cattle_5432,19,test
BeefCattle_Muzzle_database/BeefCattle_Muzzle_Individualized/cattle_5432/cattle_5432_DSCF1118.jpg,cattle_5432,19,test
BeefCattle_Muzzle_database/BeefCattle_Muzzle_Individualized/cattle_5432/cattle_5432_DSCF1108.jpg,cattle_5432,19,test
BeefCattle_Muzzle_database/BeefCattle_Muzzle_Individualized/cattle_5432/cattle_5432_DSCF1107.jpg,cattle_5432,19,test
BeefCattle_Muzzle_database/BeefCattle_Muzzle_Individualized/cattle_5477/cattle_5477_DSCF6959.jpg,cattle_5477,9,train
BeefCattle_Muzzle_database/BeefCattle_Muzzle_Individualized/cattle_5477/cattle_5477_DSCF6956.jpg,cattle_5477,9,train
BeefCattle_Muzzle_database/BeefCattle_Muzzle_Individualized/cattle_5477/cattle_5477_DSCF6958.jpg,cattle_5477,9,train
BeefCattle_Muzzle_database/BeefCattle_Muzzle_Individualized/cattle_5477/cattle_5477_DSCF6964.jpg,cattle_5477,9,train
BeefCattle_Muzzle_database/BeefCattle_Muzzle_Individualized/cattle_5477/cattle_5477_DSCF6961.jpg,cattle_5477,9,train
BeefCattle_Muzzle_database/BeefCattle_Muzzle_Individualized/cattle_5477/cattle_5477_DSCF6962.jpg,cattle_5477,9,train
BeefCattle_Muzzle_database/BeefCattle_Muzzle_Individualized/cattle_5477/cattle_5477_DSCF6963.jpg,cattle_5477,9,val
BeefCattle_Muzzle_database/BeefCattle_Muzzle_Individualized/cattle_5477/cattle_5477_DSCF6965.jpg,cattle_5477,9,test
BeefCattle_Muzzle_database/BeefCattle_Muzzle_Individualized/cattle_5477/cattle_5477_DSCF6960.jpg,cattle_5477,9,test
BeefCattle_Muzzle_database/BeefCattle_Muzzle_Individualized/cattle_5507/cattle_5507_DSCF0308.jpg,cattle_5507,25,train
BeefCattle_Muzzle_database/BeefCattle_Muzzle_Individualized/cattle_5507/cattle_5507_DSCF0312.jpg,cattle_5507,25,train
BeefCattle_Muzzle_database/BeefCattle_Muzzle_Individualized/cattle_5507/cattle_5507_DSCF0299.jpg,cattle_5507,25,train
BeefCattle_Muzzle_database/BeefCattle_Muzzle_Individualized/cattle_5507/cattle_5507_DSCF0295.jpg,cattle_5507,25,train
BeefCattle_Muzzle_database/BeefCattle_Muzzle_Individualized/cattle_5507/cattle_5507_DSCF0315.jpg,cattle_5507,25,train
BeefCattle_Muzzle_database/BeefCattle_Muzzle_Individualized/cattle_5507/cattle_5507_DSCF0306.jpg,cattle_5507,25,train
BeefCattle_Muzzle_database/BeefCattle_Muzzle_Individualized/cattle_5507/cattle_5507_DSCF0314.jpg,cattle_5507,25,train
BeefCattle_Muzzle_database/BeefCattle_Muzzle_Individualized/cattle_5507/cattle_5507_DSCF0305.jpg,cattle_5507,25,train
BeefCattle_Muzzle_database/BeefCattle_Muzzle_Individualized/cattle_5507/cattle_5507_DSCF0296.jpg,cattle_5507,25,train
BeefCattle_Muzzle_database/BeefCattle_Muzzle_Individualized/cattle_5507/cattle_5507_DSCF0311.jpg,cattle_5507,25,train
BeefCattle_Muzzle_database/BeefCattle_Muzzle_Individualized/cattle_5507/cattle_5507_DSCF0307.jpg,cattle_5507,25,train
BeefCattle_Muzzle_database/BeefCattle_Muzzle_Individualized/cattle_5507/cattle_5507_DSCF0303.jpg,cattle_5507,25,train
BeefCattle_Muzzle_database/BeefCattle_Muzzle_Individualized/cattle_5507/cattle_5507_DSCF0304.jpg,cattle_5507,25,train
BeefCattle_Muzzle_database/BeefCattle_Muzzle_Individualized/cattle_5507/cattle_5507_DSCF0316.jpg,cattle_5507,25,train
BeefCattle_Muzzle_database/BeefCattle_Muzzle_Individualized/cattle_5507/cattle_5507_DSCF0301.jpg,cattle_5507,25,train
BeefCattle_Muzzle_database/BeefCattle_Muzzle_Individualized/cattle_5507/cattle_5507_DSCF0298.jpg,cattle_5507,25,train
BeefCattle_Muzzle_database/BeefCattle_Muzzle_Individualized/cattle_5507/cattle_5507_DSCF0292.jpg,cattle_5507,25,train
BeefCattle_Muzzle_database/BeefCattle_Muzzle_Individualized/cattle_5507/cattle_5507_DSCF0302.jpg,cattle_5507,25,val
BeefCattle_Muzzle_database/BeefCattle_Muzzle_Individualized/cattle_5507/cattle_5507_DSCF0297.jpg,cattle_5507,25,val
BeefCattle_Muzzle_database/BeefCattle_Muzzle_Individualized/cattle_5507/cattle_5507_DSCF0293.jpg,cattle_5507,25,val
BeefCattle_Muzzle_database/BeefCattle_Muzzle_Individualized/cattle_5507/cattle_5507_DSCF0310.jpg,cattle_5507,25,test
BeefCattle_Muzzle_database/BeefCattle_Muzzle_Individualized/cattle_5507/cattle_5507_DSCF0309.jpg,cattle_5507,25,test
BeefCattle_Muzzle_database/BeefCattle_Muzzle_Individualized/cattle_5507/cattle_5507_DSCF0300.jpg,cattle_5507,25,test
BeefCattle_Muzzle_database/BeefCattle_Muzzle_Individualized/cattle_5507/cattle_5507_DSCF0313.jpg,cattle_5507,25,test
BeefCattle_Muzzle_database/BeefCattle_Muzzle_Individualized/cattle_5507/cattle_5507_DSCF0294.jpg,cattle_5507,25,test
BeefCattle_Muzzle_database/BeefCattle_Muzzle_Individualized/cattle_5508/cattle_5508_DSCF0314.jpg,cattle_5508,25,train
BeefCattle_Muzzle_database/BeefCattle_Muzzle_Individualized/cattle_5508/cattle_5508_DSCF0300.jpg,cattle_5508,25,train
BeefCattle_Muzzle_database/BeefCattle_Muzzle_Individualized/cattle_5508/cattle_5508_DSCF0306.jpg,cattle_5508,25,train
BeefCattle_Muzzle_database/BeefCattle_Muzzle_Individualized/cattle_5508/cattle_5508_DSCF0309.jpg,cattle_5508,25,train
BeefCattle_Muzzle_database/BeefCattle_Muzzle_Individualized/cattle_5508/cattle_5508_DSCF0313.jpg,cattle_5508,25,train
BeefCattle_Muzzle_database/BeefCattle_Muzzle_Individualized/cattle_5508/cattle_5508_DSCF0307.jpg,cattle_5508,25,train
BeefCattle_Muzzle_database/BeefCattle_Muzzle_Individualized/cattle_5508/cattle_5508_DSCF0292.jpg,cattle_5508,25,train
BeefCattle_Muzzle_database/BeefCattle_Muzzle_Individualized/cattle_5508/cattle_5508_DSCF0316.jpg,cattle_5508,25,train
BeefCattle_Muzzle_database/BeefCattle_Muzzle_Individualized/cattle_5508/cattle_5508_DSCF0298.jpg,cattle_5508,25,train
BeefCattle_Muzzle_database/BeefCattle_Muzzle_Individualized/cattle_5508/cattle_5508_DSCF0302.jpg,cattle_5508,25,train
BeefCattle_Muzzle_database/BeefCattle_Muzzle_Individualized/cattle_5508/cattle_5508_DSCF0311.jpg,cattle_5508,25,train
BeefCattle_Muzzle_database/BeefCattle_Muzzle_Individualized/cattle_5508/cattle_5508_DSCF0301.jpg,cattle_5508,25,train
BeefCattle_Muzzle_database/BeefCattle_Muzzle_Individualized/cattle_5508/cattle_5508_DSCF0297.jpg,cattle_5508,25,train
BeefCattle_Muzzle_database/BeefCattle_Muzzle_Individualized/cattle_5508/cattle_5508_DSCF0310.jpg,cattle_5508,25,train
BeefCattle_Muzzle_database/BeefCattle_Muzzle_Individualized/cattle_5508/cattle_5508_DSCF0312.jpg,cattle_5508,25,train
BeefCattle_Muzzle_database/BeefCattle_Muzzle_Individualized/cattle_5508/cattle_5508_DSCF0299.jpg,cattle_5508,25,train
BeefCattle_Muzzle_database/BeefCattle_Muzzle_Individualized/cattle_5508/cattle_5508_DSCF0305.jpg,cattle_5508,25,train
BeefCattle_Muzzle_database/BeefCattle_Muzzle_Individualized/cattle_5508/cattle_5508_DSCF0295.jpg,cattle_5508,25,val
BeefCattle_Muzzle_database/BeefCattle_Muzzle_Individualized/cattle_5508/cattle_5508_DSCF0293.jpg,cattle_5508,25,val
BeefCattle_Muzzle_database/BeefCattle_Muzzle_Individualized/cattle_5508/cattle_5508_DSCF0303.jpg,cattle_5508,25,val
BeefCattle_Muzzle_database/BeefCattle_Muzzle_Individualized/cattle_5508/cattle_5508_DSCF0308.jpg,cattle_5508,25,test
BeefCattle_Muzzle_database/BeefCattle_Muzzle_Individualized/cattle_5508/cattle_5508_DSCF0294.jpg,cattle_5508,25,test
BeefCattle_Muzzle_database/BeefCattle_Muzzle_Individualized/cattle_5508/cattle_5508_DSCF0296.jpg,cattle_5508,25,test
BeefCattle_Muzzle_database/BeefCattle_Muzzle_Individualized/cattle_5508/cattle_5508_DSCF0315.jpg,cattle_5508,25,test
BeefCattle_Muzzle_database/BeefCattle_Muzzle_Individualized/cattle_5508/cattle_5508_DSCF0304.jpg,cattle_5508,25,test
BeefCattle_Muzzle_database/BeefCattle_Muzzle_Individualized/cattle_5509/cattle_5509_DSCF0868.jpg,cattle_5509,22,train
BeefCattle_Muzzle_database/BeefCattle_Muzzle_Individualized/cattle_5509/cattle_5509_DSCF0875.jpg,cattle_5509,22,train
BeefCattle_Muzzle_database/BeefCattle_Muzzle_Individualized/cattle_5509/cattle_5509_DSCF0876.jpg,cattle_5509,22,train
BeefCattle_Muzzle_database/BeefCattle_Muzzle_Individualized/cattle_5509/cattle_5509_DSCF0874.jpg,cattle_5509,22,train
BeefCattle_Muzzle_database/BeefCattle_Muzzle_Individualized/cattle_5509/cattle_5509_DSCF0886.jpg,cattle_5509,22,train
BeefCattle_Muzzle_database/BeefCattle_Muzzle_Individualized/cattle_5509/cattle_5509_DSCF0888.jpg,cattle_5509,22,train
BeefCattle_Muzzle_database/BeefCattle_Muzzle_Individualized/cattle_5509/cattle_5509_DSCF0889.jpg,cattle_5509,22,train
BeefCattle_Muzzle_database/BeefCattle_Muzzle_Individualized/cattle_5509/cattle_5509_DSCF0883.jpg,cattle_5509,22,train
BeefCattle_Muzzle_database/BeefCattle_Muzzle_Individualized/cattle_5509/cattle_5509_DSCF0882.jpg,cattle_5509,22,train
BeefCattle_Muzzle_database/BeefCattle_Muzzle_Individualized/cattle_5509/cattle_5509_DSCF0878.jpg,cattle_5509,22,train
BeefCattle_Muzzle_database/BeefCattle_Muzzle_Individualized/cattle_5509/cattle_5509_DSCF0869.jpg,cattle_5509,22,train
BeefCattle_Muzzle_database/BeefCattle_Muzzle_Individualized/cattle_5509/cattle_5509_DSCF0871.jpg,cattle_5509,22,train
BeefCattle_Muzzle_database/BeefCattle_Muzzle_Individualized/cattle_5509/cattle_5509_DSCF0872.jpg,cattle_5509,22,train
BeefCattle_Muzzle_database/BeefCattle_Muzzle_Individualized/cattle_5509/cattle_5509_DSCF0877.jpg,cattle_5509,22,train
BeefCattle_Muzzle_database/BeefCattle_Muzzle_Individualized/cattle_5509/cattle_5509_DSCF0884.jpg,cattle_5509,22,train
BeefCattle_Muzzle_database/BeefCattle_Muzzle_Individualized/cattle_5509/cattle_5509_DSCF0870.jpg,cattle_5509,22,val
BeefCattle_Muzzle_database/BeefCattle_Muzzle_Individualized/cattle_5509/cattle_5509_DSCF0887.jpg,cattle_5509,22,val
BeefCattle_Muzzle_database/BeefCattle_Muzzle_Individualized/cattle_5509/cattle_5509_DSCF0873.jpg,cattle_5509,22,val
BeefCattle_Muzzle_database/BeefCattle_Muzzle_Individualized/cattle_5509/cattle_5509_DSCF0881.jpg,cattle_5509,22,test
BeefCattle_Muzzle_database/BeefCattle_Muzzle_Individualized/cattle_5509/cattle_5509_DSCF0880.jpg,cattle_5509,22,test
BeefCattle_Muzzle_database/BeefCattle_Muzzle_Individualized/cattle_5509/cattle_5509_DSCF0885.jpg,cattle_5509,22,test
BeefCattle_Muzzle_database/BeefCattle_Muzzle_Individualized/cattle_5509/cattle_5509_DSCF0879.jpg,cattle_5509,22,test
BeefCattle_Muzzle_database/BeefCattle_Muzzle_Individualized/cattle_5519/cattle_5519_DSCF0405.jpg,cattle_5519,25,train
BeefCattle_Muzzle_database/BeefCattle_Muzzle_Individualized/cattle_5519/cattle_5519_DSCF0400.jpg,cattle_5519,25,train
BeefCattle_Muzzle_database/BeefCattle_Muzzle_Individualized/cattle_5519/cattle_5519_DSCF0404.jpg,cattle_5519,25,train
BeefCattle_Muzzle_database/BeefCattle_Muzzle_Individualized/cattle_5519/cattle_5519_DSCF0393.jpg,cattle_5519,25,train
BeefCattle_Muzzle_database/BeefCattle_Muzzle_Individualized/cattle_5519/cattle_5519_DSCF0408.jpg,cattle_5519,25,train
BeefCattle_Muzzle_database/BeefCattle_Muzzle_Individualized/cattle_5519/cattle_5519_DSCF0409.jpg,cattle_5519,25,train
BeefCattle_Muzzle_database/BeefCattle_Muzzle_Individualized/cattle_5519/cattle_5519_DSCF0410.jpg,cattle_5519,25,train
BeefCattle_Muzzle_database/BeefCattle_Muzzle_Individualized/cattle_5519/cattle_5519_DSCF0389.jpg,cattle_5519,25,train
BeefCattle_Muzzle_database/BeefCattle_Muzzle_Individualized/cattle_5519/cattle_5519_DSCF0401.jpg,cattle_5519,25,train
BeefCattle_Muzzle_database/BeefCattle_Muzzle_Individualized/cattle_5519/cattle_5519_DSCF0398.jpg,cattle_5519,25,train
BeefCattle_Muzzle_database/BeefCattle_Muzzle_Individualized/cattle_5519/cattle_5519_DSCF0407.jpg,cattle_5519,25,train
BeefCattle_Muzzle_database/BeefCattle_Muzzle_Individualized/cattle_5519/cattle_5519_DSCF0406.jpg,cattle_5519,25,train
BeefCattle_Muzzle_database/BeefCattle_Muzzle_Individualized/cattle_5519/cattle_5519_DSCF0395.jpg,cattle_5519,25,train
BeefCattle_Muzzle_database/BeefCattle_Muzzle_Individualized/cattle_5519/cattle_5519_DSCF0394.jpg,cattle_5519,25,train
BeefCattle_Muzzle_database/BeefCattle_Muzzle_Individualized/cattle_5519/cattle_5519_DSCF0403.jpg,cattle_5519,25,train
BeefCattle_Muzzle_database/BeefCattle_Muzzle_Individualized/cattle_5519/cattle_5519_DSCF0411.jpg,cattle_5519,25,train
BeefCattle_Muzzle_database/BeefCattle_Muzzle_Individualized/cattle_5519/cattle_5519_DSCF0392.jpg,cattle_5519,25,train
BeefCattle_Muzzle_database/BeefCattle_Muzzle_Individualized/cattle_5519/cattle_5519_DSCF0412.jpg,cattle_5519,25,val
BeefCattle_Muzzle_database/BeefCattle_Muzzle_Individualized/cattle_5519/cattle_5519_DSCF0396.jpg,cattle_5519,25,val
BeefCattle_Muzzle_database/BeefCattle_Muzzle_Individualized/cattle_5519/cattle_5519_DSCF0399.jpg,cattle_5519,25,val
BeefCattle_Muzzle_database/BeefCattle_Muzzle_Individualized/cattle_5519/cattle_5519_DSCF0402.jpg,cattle_5519,25,test
BeefCattle_Muzzle_database/BeefCattle_Muzzle_Individualized/cattle_5519/cattle_5519_DSCF0397.jpg,cattle_5519,25,test
BeefCattle_Muzzle_database/BeefCattle_Muzzle_Individualized/cattle_5519/cattle_5519_DSCF0388.jpg,cattle_5519,25,test
BeefCattle_Muzzle_database/BeefCattle_Muzzle_Individualized/cattle_5519/cattle_5519_DSCF0390.jpg,cattle_5519,25,test
BeefCattle_Muzzle_database/BeefCattle_Muzzle_Individualized/cattle_5519/cattle_5519_DSCF0391.jpg,cattle_5519,25,test
BeefCattle_Muzzle_database/BeefCattle_Muzzle_Individualized/cattle_5529/cattle_5529_DSCF0983.jpg,cattle_5529,29,train
BeefCattle_Muzzle_database/BeefCattle_Muzzle_Individualized/cattle_5529/cattle_5529_DSCF0998.jpg,cattle_5529,29,train
BeefCattle_Muzzle_database/BeefCattle_Muzzle_Individualized/cattle_5529/cattle_5529_DSCF0980.jpg,cattle_5529,29,train
BeefCattle_Muzzle_database/BeefCattle_Muzzle_Individualized/cattle_5529/cattle_5529_DSCF0987.jpg,cattle_5529,29,train
BeefCattle_Muzzle_database/BeefCattle_Muzzle_Individualized/cattle_5529/cattle_5529_DSCF0978.jpg,cattle_5529,29,train
BeefCattle_Muzzle_database/BeefCattle_Muzzle_Individualized/cattle_5529/cattle_5529_DSCF0982.jpg,cattle_5529,29,train
BeefCattle_Muzzle_database/BeefCattle_Muzzle_Individualized/cattle_5529/cattle_5529_DSCF0975.jpg,cattle_5529,29,train
BeefCattle_Muzzle_database/BeefCattle_Muzzle_Individualized/cattle_5529/cattle_5529_DSCF0997.jpg,cattle_5529,29,train
BeefCattle_Muzzle_database/BeefCattle_Muzzle_Individualized/cattle_5529/cattle_5529_DSCF0973.jpg,cattle_5529,29,train
BeefCattle_Muzzle_database/BeefCattle_Muzzle_Individualized/cattle_5529/cattle_5529_DSCF0986.jpg,cattle_5529,29,train
BeefCattle_Muzzle_database/BeefCattle_Muzzle_Individualized/cattle_5529/cattle_5529_DSCF0992.jpg,cattle_5529,29,train
BeefCattle_Muzzle_database/BeefCattle_Muzzle_Individualized/cattle_5529/cattle_5529_DSCF0991.jpg,cattle_5529,29,train
BeefCattle_Muzzle_database/BeefCattle_Muzzle_Individualized/cattle_5529/cattle_5529_DSCF0996.jpg,cattle_5529,29,train
BeefCattle_Muzzle_database/BeefCattle_Muzzle_Individualized/cattle_5529/cattle_5529_DSCF0976.jpg,cattle_5529,29,train
BeefCattle_Muzzle_database/BeefCattle_Muzzle_Individualized/cattle_5529/cattle_5529_DSCF0994.jpg,cattle_5529,29,train
BeefCattle_Muzzle_database/BeefCattle_Muzzle_Individualized/cattle_5529/cattle_5529_DSCF0993.jpg,cattle_5529,29,train
BeefCattle_Muzzle_database/BeefCattle_Muzzle_Individualized/cattle_5529/cattle_5529_DSCF0995.jpg,cattle_5529,29,train
BeefCattle_Muzzle_database/BeefCattle_Muzzle_Individualized/cattle_5529/cattle_5529_DSCF0977.jpg,cattle_5529,29,train
BeefCattle_Muzzle_database/BeefCattle_Muzzle_Individualized/cattle_5529/cattle_5529_DSCF0988.jpg,cattle_5529,29,train
BeefCattle_Muzzle_database/BeefCattle_Muzzle_Individualized/cattle_5529/cattle_5529_DSCF0990.jpg,cattle_5529,29,train
BeefCattle_Muzzle_database/BeefCattle_Muzzle_Individualized/cattle_5529/cattle_5529_DSCF0979.jpg,cattle_5529,29,val
BeefCattle_Muzzle_database/BeefCattle_Muzzle_Individualized/cattle_5529/cattle_5529_DSCF0989.jpg,cattle_5529,29,val
BeefCattle_Muzzle_database/BeefCattle_Muzzle_Individualized/cattle_5529/cattle_5529_DSCF0974.jpg,cattle_5529,29,val
BeefCattle_Muzzle_database/BeefCattle_Muzzle_Individualized/cattle_5529/cattle_5529_DSCF1000.jpg,cattle_5529,29,val
BeefCattle_Muzzle_database/BeefCattle_Muzzle_Individualized/cattle_5529/cattle_5529_DSCF0985.jpg,cattle_5529,29,test
BeefCattle_Muzzle_database/BeefCattle_Muzzle_Individualized/cattle_5529/cattle_5529_DSCF0981.jpg,cattle_5529,29,test
BeefCattle_Muzzle_database/BeefCattle_Muzzle_Individualized/cattle_5529/cattle_5529_DSCF0972.jpg,cattle_5529,29,test
BeefCattle_Muzzle_database/BeefCattle_Muzzle_Individualized/cattle_5529/cattle_5529_DSCF0984.jpg,cattle_5529,29,test
BeefCattle_Muzzle_database/BeefCattle_Muzzle_Individualized/cattle_5529/cattle_5529_DSCF0999.jpg,cattle_5529,29,test
BeefCattle_Muzzle_database/BeefCattle_Muzzle_Individualized/cattle_5537/cattle_5537_DSCF0535.jpg,cattle_5537,37,train
BeefCattle_Muzzle_database/BeefCattle_Muzzle_Individualized/cattle_5537/cattle_5537_DSCF0545.jpg,cattle_5537,37,train
BeefCattle_Muzzle_database/BeefCattle_Muzzle_Individualized/cattle_5537/cattle_5537_DSCF0519.jpg,cattle_5537,37,train
BeefCattle_Muzzle_database/BeefCattle_Muzzle_Individualized/cattle_5537/cattle_5537_DSCF0553.jpg,cattle_5537,37,train
BeefCattle_Muzzle_database/BeefCattle_Muzzle_Individualized/cattle_5537/cattle_5537_DSCF0529.jpg,cattle_5537,37,train
BeefCattle_Muzzle_database/BeefCattle_Muzzle_Individualized/cattle_5537/cattle_5537_DSCF0526.jpg,cattle_5537,37,train
BeefCattle_Muzzle_database/BeefCattle_Muzzle_Individualized/cattle_5537/cattle_5537_DSCF0554.jpg,cattle_5537,37,train
BeefCattle_Muzzle_database/BeefCattle_Muzzle_Individualized/cattle_5537/cattle_5537_DSCF0548.jpg,cattle_5537,37,train
BeefCattle_Muzzle_database/BeefCattle_Muzzle_Individualized/cattle_5537/cattle_5537_DSCF0539.jpg,cattle_5537,37,train
BeefCattle_Muzzle_database/BeefCattle_Muzzle_Individualized/cattle_5537/cattle_5537_DSCF0536.jpg,cattle_5537,37,train
BeefCattle_Muzzle_database/BeefCattle_Muzzle_Individualized/cattle_5537/cattle_5537_DSCF0542.jpg,cattle_5537,37,train
BeefCattle_Muzzle_database/BeefCattle_Muzzle_Individualized/cattle_5537/cattle_5537_DSCF0552.jpg,cattle_5537,37,train
BeefCattle_Muzzle_database/BeefCattle_Muzzle_Individualized/cattle_5537/cattle_5537_DSCF0520.jpg,cattle_5537,37,train
BeefCattle_Muzzle_database/BeefCattle_Muzzle_Individualized/cattle_5537/cattle_5537_DSCF0523.jpg,cattle_5537,37,train
BeefCattle_Muzzle_database/BeefCattle_Muzzle_Individualized/cattle_5537/cattle_5537_DSCF0525.jpg,cattle_5537,37,train
BeefCattle_Muzzle_database/BeefCattle_Muzzle_Individualized/cattle_5537/cattle_5537_DSCF0524.jpg,cattle_5537,37,train
BeefCattle_Muzzle_database/BeefCattle_Muzzle_Individualized/cattle_5537/cattle_5537_DSCF0538.jpg,cattle_5537,37,train
BeefCattle_Muzzle_database/BeefCattle_Muzzle_Individualized/cattle_5537/cattle_5537_DSCF0546.jpg,cattle_5537,37,train
BeefCattle_Muzzle_database/BeefCattle_Muzzle_Individualized/cattle_5537/cattle_5537_DSCF0551.jpg,cattle_5537,37,train
BeefCattle_Muzzle_database/BeefCattle_Muzzle_Individualized/cattle_5537/cattle_5537_DSCF0531.jpg,cattle_5537,37,train
BeefCattle_Muzzle_database/BeefCattle_Muzzle_Individualized/cattle_5537/cattle_5537_DSCF0540.jpg,cattle_5537,37,train
BeefCattle_Muzzle_database/BeefCattle_Muzzle_Individualized/cattle_5537/cattle_5537_DSCF0532.jpg,cattle_5537,37,train
BeefCattle_Muzzle_database/BeefCattle_Muzzle_Individualized/cattle_5537/cattle_5537_DSCF0543.jpg,cattle_5537,37,train
BeefCattle_Muzzle_database/BeefCattle_Muzzle_Individualized/cattle_5537/cattle_5537_DSCF0544.jpg,cattle_5537,37,train
BeefCattle_Muzzle_database/BeefCattle_Muzzle_Individualized/cattle_5537/cattle_5537_DSCF0537.jpg,cattle_5537,37,train
BeefCattle_Muzzle_database/BeefCattle_Muzzle_Individualized/cattle_5537/cattle_5537_DSCF0528.jpg,cattle_5537,37,val
BeefCattle_Muzzle_database/BeefCattle_Muzzle_Individualized/cattle_5537/cattle_5537_DSCF0550.jpg,cattle_5537,37,val
BeefCattle_Muzzle_database/BeefCattle_Muzzle_Individualized/cattle_5537/cattle_5537_DSCF0518.jpg,cattle_5537,37,val
BeefCattle_Muzzle_database/BeefCattle_Muzzle_Individualized/cattle_5537/cattle_5537_DSCF0527.jpg,cattle_5537,37,val
BeefCattle_Muzzle_database/BeefCattle_Muzzle_Individualized/cattle_5537/cattle_5537_DSCF0522.jpg,cattle_5537,37,val
BeefCattle_Muzzle_database/BeefCattle_Muzzle_Individualized/cattle_5537/cattle_5537_DSCF0521.jpg,cattle_5537,37,test
BeefCattle_Muzzle_database/BeefCattle_Muzzle_Individualized/cattle_5537/cattle_5537_DSCF0547.jpg,cattle_5537,37,test
BeefCattle_Muzzle_database/BeefCattle_Muzzle_Individualized/cattle_5537/cattle_5537_DSCF0530.jpg,cattle_5537,37,test
BeefCattle_Muzzle_database/BeefCattle_Muzzle_Individualized/cattle_5537/cattle_5537_DSCF0549.jpg,cattle_5537,37,test
BeefCattle_Muzzle_database/BeefCattle_Muzzle_Individualized/cattle_5537/cattle_5537_DSCF0533.jpg,cattle_5537,37,test
BeefCattle_Muzzle_database/BeefCattle_Muzzle_Individualized/cattle_5537/cattle_5537_DSCF0534.jpg,cattle_5537,37,test
BeefCattle_Muzzle_database/BeefCattle_Muzzle_Individualized/cattle_5537/cattle_5537_DSCF0541.jpg,cattle_5537,37,test
BeefCattle_Muzzle_database/BeefCattle_Muzzle_Individualized/cattle_5556/cattle_5556_DSCF7184.jpg,cattle_5556,8,train
BeefCattle_Muzzle_database/BeefCattle_Muzzle_Individualized/cattle_5556/cattle_5556_DSCF7182.jpg,cattle_5556,8,train
BeefCattle_Muzzle_database/BeefCattle_Muzzle_Individualized/cattle_5556/cattle_5556_DSCF7179.jpg,cattle_5556,8,train
BeefCattle_Muzzle_database/BeefCattle_Muzzle_Individualized/cattle_5556/cattle_5556_DSCF7177.jpg,cattle_5556,8,train
BeefCattle_Muzzle_database/BeefCattle_Muzzle_Individualized/cattle_5556/cattle_5556_DSCF7178.jpg,cattle_5556,8,train
BeefCattle_Muzzle_database/BeefCattle_Muzzle_Individualized/cattle_5556/cattle_5556_DSCF7183.jpg,cattle_5556,8,val
BeefCattle_Muzzle_database/BeefCattle_Muzzle_Individualized/cattle_5556/cattle_5556_DSCF7181.jpg,cattle_5556,8,test
BeefCattle_Muzzle_database/BeefCattle_Muzzle_Individualized/cattle_5556/cattle_5556_DSCF7180.jpg,cattle_5556,8,test
BeefCattle_Muzzle_database/BeefCattle_Muzzle_Individualized/cattle_5559/cattle_5559_DSCF9425.jpg,cattle_5559,21,train
BeefCattle_Muzzle_database/BeefCattle_Muzzle_Individualized/cattle_5559/cattle_5559_DSCF9419.jpg,cattle_5559,21,train
BeefCattle_Muzzle_database/BeefCattle_Muzzle_Individualized/cattle_5559/cattle_5559_DSCF9436.jpg,cattle_5559,21,train
BeefCattle_Muzzle_database/BeefCattle_Muzzle_Individualized/cattle_5559/cattle_5559_DSCF9423.jpg,cattle_5559,21,train
BeefCattle_Muzzle_database/BeefCattle_Muzzle_Individualized/cattle_5559/cattle_5559_DSCF9434.jpg,cattle_5559,21,train
BeefCattle_Muzzle_database/BeefCattle_Muzzle_Individualized/cattle_5559/cattle_5559_DSCF9429.jpg,cattle_5559,21,train
BeefCattle_Muzzle_database/BeefCattle_Muzzle_Individualized/cattle_5559/cattle_5559_DSCF9418.jpg,cattle_5559,21,train
BeefCattle_Muzzle_database/BeefCattle_Muzzle_Individualized/cattle_5559/cattle_5559_DSCF9426.jpg,cattle_5559,21,train
BeefCattle_Muzzle_database/BeefCattle_Muzzle_Individualized/cattle_5559/cattle_5559_DSCF9438.jpg,cattle_5559,21,train
BeefCattle_Muzzle_database/BeefCattle_Muzzle_Individualized/cattle_5559/cattle_5559_DSCF9437.jpg,cattle_5559,21,train
BeefCattle_Muzzle_database/BeefCattle_Muzzle_Individualized/cattle_5559/cattle_5559_DSCF9430.jpg,cattle_5559,21,train
BeefCattle_Muzzle_database/BeefCattle_Muzzle_Individualized/cattle_5559/cattle_5559_DSCF9421.jpg,cattle_5559,21,train
BeefCattle_Muzzle_database/BeefCattle_Muzzle_Individualized/cattle_5559/cattle_5559_DSCF9422.jpg,cattle_5559,21,train
BeefCattle_Muzzle_database/BeefCattle_Muzzle_Individualized/cattle_5559/cattle_5559_DSCF9428.jpg,cattle_5559,21,train
BeefCattle_Muzzle_database/BeefCattle_Muzzle_Individualized/cattle_5559/cattle_5559_DSCF9435.jpg,cattle_5559,21,val
BeefCattle_Muzzle_database/BeefCattle_Muzzle_Individualized/cattle_5559/cattle_5559_DSCF9433.jpg,cattle_5559,21,val
BeefCattle_Muzzle_database/BeefCattle_Muzzle_Individualized/cattle_5559/cattle_5559_DSCF9431.jpg,cattle_5559,21,val
BeefCattle_Muzzle_database/BeefCattle_Muzzle_Individualized/cattle_5559/cattle_5559_DSCF9420.jpg,cattle_5559,21,test
BeefCattle_Muzzle_database/BeefCattle_Muzzle_Individualized/cattle_5559/cattle_5559_DSCF9427.jpg,cattle_5559,21,test
BeefCattle_Muzzle_database/BeefCattle_Muzzle_Individualized/cattle_5559/cattle_5559_DSCF9432.jpg,cattle_5559,21,test
BeefCattle_Muzzle_database/BeefCattle_Muzzle_Individualized/cattle_5559/cattle_5559_DSCF9424.jpg,cattle_5559,21,test
BeefCattle_Muzzle_database/BeefCattle_Muzzle_Individualized/cattle_5581/cattle_5581_DSCF9545.jpg,cattle_5581,29,train
BeefCattle_Muzzle_database/BeefCattle_Muzzle_Individualized/cattle_5581/cattle_5581_DSCF9540.jpg,cattle_5581,29,train
BeefCattle_Muzzle_database/BeefCattle_Muzzle_Individualized/cattle_5581/cattle_5581_DSCF9522.jpg,cattle_5581,29,train
BeefCattle_Muzzle_database/BeefCattle_Muzzle_Individualized/cattle_5581/cattle_5581_DSCF9542.jpg,cattle_5581,29,train
BeefCattle_Muzzle_database/BeefCattle_Muzzle_Individualized/cattle_5581/cattle_5581_DSCF9526.jpg,cattle_5581,29,train
BeefCattle_Muzzle_database/BeefCattle_Muzzle_Individualized/cattle_5581/cattle_5581_DSCF9543.jpg,cattle_5581,29,train
BeefCattle_Muzzle_database/BeefCattle_Muzzle_Individualized/cattle_5581/cattle_5581_DSCF9530.jpg,cattle_5581,29,train
BeefCattle_Muzzle_database/BeefCattle_Muzzle_Individualized/cattle_5581/cattle_5581_DSCF9549.jpg,cattle_5581,29,train
BeefCattle_Muzzle_database/BeefCattle_Muzzle_Individualized/cattle_5581/cattle_5581_DSCF9537.jpg,cattle_5581,29,train
BeefCattle_Muzzle_database/BeefCattle_Muzzle_Individualized/cattle_5581/cattle_5581_DSCF9524.jpg,cattle_5581,29,train
BeefCattle_Muzzle_database/BeefCattle_Muzzle_Individualized/cattle_5581/cattle_5581_DSCF9536.jpg,cattle_5581,29,train
BeefCattle_Muzzle_database/BeefCattle_Muzzle_Individualized/cattle_5581/cattle_5581_DSCF9547.jpg,cattle_5581,29,train
BeefCattle_Muzzle_database/BeefCattle_Muzzle_Individualized/cattle_5581/cattle_5581_DSCF9518.jpg,cattle_5581,29,train
BeefCattle_Muzzle_database/BeefCattle_Muzzle_Individualized/cattle_5581/cattle_5581_DSCF9527.jpg,cattle_5581,29,train
BeefCattle_Muzzle_database/BeefCattle_Muzzle_Individualized/cattle_5581/cattle_5581_DSCF9528.jpg,cattle_5581,29,train
BeefCattle_Muzzle_database/BeefCattle_Muzzle_Individualized/cattle_5581/cattle_5581_DSCF9523.jpg,cattle_5581,29,train
BeefCattle_Muzzle_database/BeefCattle_Muzzle_Individualized/cattle_5581/cattle_5581_DSCF9548.jpg,cattle_5581,29,train
BeefCattle_Muzzle_database/BeefCattle_Muzzle_Individualized/cattle_5581/cattle_5581_DSCF9525.jpg,cattle_5581,29,train
BeefCattle_Muzzle_database/BeefCattle_Muzzle_Individualized/cattle_5581/cattle_5581_DSCF9521.jpg,cattle_5581,29,train
BeefCattle_Muzzle_database/BeefCattle_Muzzle_Individualized/cattle_5581/cattle_5581_DSCF9520.jpg,cattle_5581,29,train
BeefCattle_Muzzle_database/BeefCattle_Muzzle_Individualized/cattle_5581/cattle_5581_DSCF9541.jpg,cattle_5581,29,val
BeefCattle_Muzzle_database/BeefCattle_Muzzle_Individualized/cattle_5581/cattle_5581_DSCF9546.jpg,cattle_5581,29,val
BeefCattle_Muzzle_database/BeefCattle_Muzzle_Individualized/cattle_5581/cattle_5581_DSCF9529.jpg,cattle_5581,29,val
BeefCattle_Muzzle_database/BeefCattle_Muzzle_Individualized/cattle_5581/cattle_5581_DSCF9519.jpg,cattle_5581,29,val
BeefCattle_Muzzle_database/BeefCattle_Muzzle_Individualized/cattle_5581/cattle_5581_DSCF9550.jpg,cattle_5581,29,test
BeefCattle_Muzzle_database/BeefCattle_Muzzle_Individualized/cattle_5581/cattle_5581_DSCF9535.jpg,cattle_5581,29,test
BeefCattle_Muzzle_database/BeefCattle_Muzzle_Individualized/cattle_5581/cattle_5581_DSCF9544.jpg,cattle_5581,29,test
BeefCattle_Muzzle_database/BeefCattle_Muzzle_Individualized/cattle_5581/cattle_5581_DSCF9538.jpg,cattle_5581,29,test
BeefCattle_Muzzle_database/BeefCattle_Muzzle_Individualized/cattle_5581/cattle_5581_DSCF9539.jpg,cattle_5581,29,test
BeefCattle_Muzzle_database/BeefCattle_Muzzle_Individualized/cattle_5604/cattle_5604_DSCF6929.jpg,cattle_5604,14,train
BeefCattle_Muzzle_database/BeefCattle_Muzzle_Individualized/cattle_5604/cattle_5604_DSCF6936.jpg,cattle_5604,14,train
BeefCattle_Muzzle_database/BeefCattle_Muzzle_Individualized/cattle_5604/cattle_5604_DSCF6926.jpg,cattle_5604,14,train
BeefCattle_Muzzle_database/BeefCattle_Muzzle_Individualized/cattle_5604/cattle_5604_DSCF6937.jpg,cattle_5604,14,train
BeefCattle_Muzzle_database/BeefCattle_Muzzle_Individualized/cattle_5604/cattle_5604_DSCF6928.jpg,cattle_5604,14,train
BeefCattle_Muzzle_database/BeefCattle_Muzzle_Individualized/cattle_5604/cattle_5604_DSCF6925.jpg,cattle_5604,14,train
BeefCattle_Muzzle_database/BeefCattle_Muzzle_Individualized/cattle_5604/cattle_5604_DSCF6935.jpg,cattle_5604,14,train
BeefCattle_Muzzle_database/BeefCattle_Muzzle_Individualized/cattle_5604/cattle_5604_DSCF6927.jpg,cattle_5604,14,train
BeefCattle_Muzzle_database/BeefCattle_Muzzle_Individualized/cattle_5604/cattle_5604_DSCF6933.jpg,cattle_5604,14,train
BeefCattle_Muzzle_database/BeefCattle_Muzzle_Individualized/cattle_5604/cattle_5604_DSCF6934.jpg,cattle_5604,14,val
BeefCattle_Muzzle_database/BeefCattle_Muzzle_Individualized/cattle_5604/cattle_5604_DSCF6938.jpg,cattle_5604,14,val
BeefCattle_Muzzle_database/BeefCattle_Muzzle_Individualized/cattle_5604/cattle_5604_DSCF6931.jpg,cattle_5604,14,test
BeefCattle_Muzzle_database/BeefCattle_Muzzle_Individualized/cattle_5604/cattle_5604_DSCF6930.jpg,cattle_5604,14,test
BeefCattle_Muzzle_database/BeefCattle_Muzzle_Individualized/cattle_5604/cattle_5604_DSCF6932.jpg,cattle_5604,14,test
BeefCattle_Muzzle_database/BeefCattle_Muzzle_Individualized/cattle_5605/cattle_5605_DSCF7324.jpg,cattle_5605,14,train
BeefCattle_Muzzle_database/BeefCattle_Muzzle_Individualized/cattle_5605/cattle_5605_DSCF7334.jpg,cattle_5605,14,train
BeefCattle_Muzzle_database/BeefCattle_Muzzle_Individualized/cattle_5605/cattle_5605_DSCF7331.jpg,cattle_5605,14,train
BeefCattle_Muzzle_database/BeefCattle_Muzzle_Individualized/cattle_5605/cattle_5605_DSCF7330.jpg,cattle_5605,14,train
BeefCattle_Muzzle_database/BeefCattle_Muzzle_Individualized/cattle_5605/cattle_5605_DSCF7332.jpg,cattle_5605,14,train
BeefCattle_Muzzle_database/BeefCattle_Muzzle_Individualized/cattle_5605/cattle_5605_DSCF7336.jpg,cattle_5605,14,train
BeefCattle_Muzzle_database/BeefCattle_Muzzle_Individualized/cattle_5605/cattle_5605_DSCF7327.jpg,cattle_5605,14,train
BeefCattle_Muzzle_database/BeefCattle_Muzzle_Individualized/cattle_5605/cattle_5605_DSCF7333.jpg,cattle_5605,14,train
BeefCattle_Muzzle_database/BeefCattle_Muzzle_Individualized/cattle_5605/cattle_5605_DSCF7328.jpg,cattle_5605,14,train
BeefCattle_Muzzle_database/BeefCattle_Muzzle_Individualized/cattle_5605/cattle_5605_DSCF7329.jpg,cattle_5605,14,val
BeefCattle_Muzzle_database/BeefCattle_Muzzle_Individualized/cattle_5605/cattle_5605_DSCF7326.jpg,cattle_5605,14,val
BeefCattle_Muzzle_database/BeefCattle_Muzzle_Individualized/cattle_5605/cattle_5605_DSCF7335.jpg,cattle_5605,14,test
BeefCattle_Muzzle_database/BeefCattle_Muzzle_Individualized/cattle_5605/cattle_5605_DSCF7337.jpg,cattle_5605,14,test
BeefCattle_Muzzle_database/BeefCattle_Muzzle_Individualized/cattle_5605/cattle_5605_DSCF7325.jpg,cattle_5605,14,test
BeefCattle_Muzzle_database/BeefCattle_Muzzle_Individualized/cattle_5620/cattle_5620_DSCF7191.jpg,cattle_5620,12,train
BeefCattle_Muzzle_database/BeefCattle_Muzzle_Individualized/cattle_5620/cattle_5620_DSCF7188.jpg,cattle_5620,12,train
BeefCattle_Muzzle_database/BeefCattle_Muzzle_Individualized/cattle_5620/cattle_5620_DSCF7194.jpg,cattle_5620,12,train
BeefCattle_Muzzle_database/BeefCattle_Muzzle_Individualized/cattle_5620/cattle_5620_DSCF7189.jpg,cattle_5620,12,train
BeefCattle_Muzzle_database/BeefCattle_Muzzle_Individualized/cattle_5620/cattle_5620_DSCF7193.jpg,cattle_5620,12,train
BeefCattle_Muzzle_database/BeefCattle_Muzzle_Individualized/cattle_5620/cattle_5620_DSCF7185.jpg,cattle_5620,12,train
BeefCattle_Muzzle_database/BeefCattle_Muzzle_Individualized/cattle_5620/cattle_5620_DSCF7187.jpg,cattle_5620,12,train
BeefCattle_Muzzle_database/BeefCattle_Muzzle_Individualized/cattle_5620/cattle_5620_DSCF7196.jpg,cattle_5620,12,train
BeefCattle_Muzzle_database/BeefCattle_Muzzle_Individualized/cattle_5620/cattle_5620_DSCF7190.jpg,cattle_5620,12,val
BeefCattle_Muzzle_database/BeefCattle_Muzzle_Individualized/cattle_5620/cattle_5620_DSCF7195.jpg,cattle_5620,12,test
BeefCattle_Muzzle_database/BeefCattle_Muzzle_Individualized/cattle_5620/cattle_5620_DSCF7192.jpg,cattle_5620,12,test
BeefCattle_Muzzle_database/BeefCattle_Muzzle_Individualized/cattle_5620/cattle_5620_DSCF7186.jpg,cattle_5620,12,test
BeefCattle_Muzzle_database/BeefCattle_Muzzle_Individualized/cattle_5633/cattle_5633_DSCF9050.jpg,cattle_5633,13,train
BeefCattle_Muzzle_database/BeefCattle_Muzzle_Individualized/cattle_5633/cattle_5633_DSCF9045.jpg,cattle_5633,13,train
BeefCattle_Muzzle_database/BeefCattle_Muzzle_Individualized/cattle_5633/cattle_5633_DSCF9044.jpg,cattle_5633,13,train
BeefCattle_Muzzle_database/BeefCattle_Muzzle_Individualized/cattle_5633/cattle_5633_DSCF9049.jpg,cattle_5633,13,train
BeefCattle_Muzzle_database/BeefCattle_Muzzle_Individualized/cattle_5633/cattle_5633_DSCF9056.jpg,cattle_5633,13,train
BeefCattle_Muzzle_database/BeefCattle_Muzzle_Individualized/cattle_5633/cattle_5633_DSCF9048.jpg,cattle_5633,13,train
BeefCattle_Muzzle_database/BeefCattle_Muzzle_Individualized/cattle_5633/cattle_5633_DSCF9051.jpg,cattle_5633,13,train
BeefCattle_Muzzle_database/BeefCattle_Muzzle_Individualized/cattle_5633/cattle_5633_DSCF9053.jpg,cattle_5633,13,train
BeefCattle_Muzzle_database/BeefCattle_Muzzle_Individualized/cattle_5633/cattle_5633_DSCF9055.jpg,cattle_5633,13,train
BeefCattle_Muzzle_database/BeefCattle_Muzzle_Individualized/cattle_5633/cattle_5633_DSCF9052.jpg,cattle_5633,13,val
BeefCattle_Muzzle_database/BeefCattle_Muzzle_Individualized/cattle_5633/cattle_5633_DSCF9047.jpg,cattle_5633,13,test
BeefCattle_Muzzle_database/BeefCattle_Muzzle_Individualized/cattle_5633/cattle_5633_DSCF9046.jpg,cattle_5633,13,test
BeefCattle_Muzzle_database/BeefCattle_Muzzle_Individualized/cattle_5633/cattle_5633_DSCF9054.jpg,cattle_5633,13,test
BeefCattle_Muzzle_database/BeefCattle_Muzzle_Individualized/cattle_5634/cattle_5634_DSCF9051.jpg,cattle_5634,13,train
BeefCattle_Muzzle_database/BeefCattle_Muzzle_Individualized/cattle_5634/cattle_5634_DSCF9052.jpg,cattle_5634,13,train
BeefCattle_Muzzle_database/BeefCattle_Muzzle_Individualized/cattle_5634/cattle_5634_DSCF9056.jpg,cattle_5634,13,train
BeefCattle_Muzzle_database/BeefCattle_Muzzle_Individualized/cattle_5634/cattle_5634_DSCF9047.jpg,cattle_5634,13,train
BeefCattle_Muzzle_database/BeefCattle_Muzzle_Individualized/cattle_5634/cattle_5634_DSCF9045.jpg,cattle_5634,13,train
BeefCattle_Muzzle_database/BeefCattle_Muzzle_Individualized/cattle_5634/cattle_5634_DSCF9048.jpg,cattle_5634,13,train
BeefCattle_Muzzle_database/BeefCattle_Muzzle_Individualized/cattle_5634/cattle_5634_DSCF9049.jpg,cattle_5634,13,train
BeefCattle_Muzzle_database/BeefCattle_Muzzle_Individualized/cattle_5634/cattle_5634_DSCF9044.jpg,cattle_5634,13,train
BeefCattle_Muzzle_database/BeefCattle_Muzzle_Individualized/cattle_5634/cattle_5634_DSCF9053.jpg,cattle_5634,13,train
BeefCattle_Muzzle_database/BeefCattle_Muzzle_Individualized/cattle_5634/cattle_5634_DSCF9050.jpg,cattle_5634,13,val
BeefCattle_Muzzle_database/BeefCattle_Muzzle_Individualized/cattle_5634/cattle_5634_DSCF9055.jpg,cattle_5634,13,test
BeefCattle_Muzzle_database/BeefCattle_Muzzle_Individualized/cattle_5634/cattle_5634_DSCF9046.jpg,cattle_5634,13,test
BeefCattle_Muzzle_database/BeefCattle_Muzzle_Individualized/cattle_5634/cattle_5634_DSCF9054.jpg,cattle_5634,13,test
BeefCattle_Muzzle_database/BeefCattle_Muzzle_Individualized/cattle_5639/cattle_5639_DSCF7116.jpg,cattle_5639,12,train
BeefCattle_Muzzle_database/BeefCattle_Muzzle_Individualized/cattle_5639/cattle_5639_DSCF7123.jpg,cattle_5639,12,train
BeefCattle_Muzzle_database/BeefCattle_Muzzle_Individualized/cattle_5639/cattle_5639_DSCF7117.jpg,cattle_5639,12,train
BeefCattle_Muzzle_database/BeefCattle_Muzzle_Individualized/cattle_5639/cattle_5639_DSCF7122.jpg,cattle_5639,12,train
BeefCattle_Muzzle_database/BeefCattle_Muzzle_Individualized/cattle_5639/cattle_5639_DSCF7137.jpg,cattle_5639,12,train
BeefCattle_Muzzle_database/BeefCattle_Muzzle_Individualized/cattle_5639/cattle_5639_DSCF7120.jpg,cattle_5639,12,train
BeefCattle_Muzzle_database/BeefCattle_Muzzle_Individualized/cattle_5639/cattle_5639_DSCF7138.jpg,cattle_5639,12,train
BeefCattle_Muzzle_database/BeefCattle_Muzzle_Individualized/cattle_5639/cattle_5639_DSCF7119.jpg,cattle_5639,12,train
BeefCattle_Muzzle_database/BeefCattle_Muzzle_Individualized/cattle_5639/cattle_5639_DSCF7124.jpg,cattle_5639,12,val
BeefCattle_Muzzle_database/BeefCattle_Muzzle_Individualized/cattle_5639/cattle_5639_DSCF7118.jpg,cattle_5639,12,test
BeefCattle_Muzzle_database/BeefCattle_Muzzle_Individualized/cattle_5639/cattle_5639_DSCF7115.jpg,cattle_5639,12,test
BeefCattle_Muzzle_database/BeefCattle_Muzzle_Individualized/cattle_5639/cattle_5639_DSCF7121.jpg,cattle_5639,12,test
BeefCattle_Muzzle_database/BeefCattle_Muzzle_Individualized/cattle_5654/cattle_5654_DSCF9352.jpg,cattle_5654,53,train
BeefCattle_Muzzle_database/BeefCattle_Muzzle_Individualized/cattle_5654/cattle_5654_DSCF9360.jpg,cattle_5654,53,train
BeefCattle_Muzzle_database/BeefCattle_Muzzle_Individualized/cattle_5654/cattle_5654_DSCF9411.jpg,cattle_5654,53,train
BeefCattle_Muzzle_database/BeefCattle_Muzzle_Individualized/cattle_5654/cattle_5654_DSCF9381.jpg,cattle_5654,53,train
BeefCattle_Muzzle_database/BeefCattle_Muzzle_Individualized/cattle_5654/cattle_5654_DSCF9353.jpg,cattle_5654,53,train
BeefCattle_Muzzle_database/BeefCattle_Muzzle_Individualized/cattle_5654/cattle_5654_DSCF9370.jpg,cattle_5654,53,train
BeefCattle_Muzzle_database/BeefCattle_Muzzle_Individualized/cattle_5654/cattle_5654_DSCF9383.jpg,cattle_5654,53,train
BeefCattle_Muzzle_database/BeefCattle_Muzzle_Individualized/cattle_5654/cattle_5654_DSCF9387.jpg,cattle_5654,53,train
BeefCattle_Muzzle_database/BeefCattle_Muzzle_Individualized/cattle_5654/cattle_5654_DSCF9368.jpg,cattle_5654,53,train
BeefCattle_Muzzle_database/BeefCattle_Muzzle_Individualized/cattle_5654/cattle_5654_DSCF9408.jpg,cattle_5654,53,train
BeefCattle_Muzzle_database/BeefCattle_Muzzle_Individualized/cattle_5654/cattle_5654_DSCF9367.jpg,cattle_5654,53,train
BeefCattle_Muzzle_database/BeefCattle_Muzzle_Individualized/cattle_5654/cattle_5654_DSCF9366.jpg,cattle_5654,53,train
BeefCattle_Muzzle_database/BeefCattle_Muzzle_Individualized/cattle_5654/cattle_5654_DSCF9380.jpg,cattle_5654,53,train
BeefCattle_Muzzle_database/BeefCattle_Muzzle_Individualized/cattle_5654/cattle_5654_DSCF9379.jpg,cattle_5654,53,train
BeefCattle_Muzzle_database/BeefCattle_Muzzle_Individualized/cattle_5654/cattle_5654_DSCF9358.jpg,cattle_5654,53,train
BeefCattle_Muzzle_database/BeefCattle_Muzzle_Individualized/cattle_5654/cattle_5654_DSCF9415.jpg,cattle_5654,53,train
BeefCattle_Muzzle_database/BeefCattle_Muzzle_Individualized/cattle_5654/cattle_5654_DSCF9412.jpg,cattle_5654,53,train
BeefCattle_Muzzle_database/BeefCattle_Muzzle_Individualized/cattle_5654/cattle_5654_DSCF9394.jpg,cattle_5654,53,train
BeefCattle_Muzzle_database/BeefCattle_Muzzle_Individualized/cattle_5654/cattle_5654_DSCF9385.jpg,cattle_5654,53,train
BeefCattle_Muzzle_database/BeefCattle_Muzzle_Individualized/cattle_5654/cattle_5654_DSCF9357.jpg,cattle_5654,53,train
BeefCattle_Muzzle_database/BeefCattle_Muzzle_Individualized/cattle_5654/cattle_5654_DSCF9417.jpg,cattle_5654,53,train
BeefCattle_Muzzle_database/BeefCattle_Muzzle_Individualized/cattle_5654/cattle_5654_DSCF9361.jpg,cattle_5654,53,train
BeefCattle_Muzzle_database/BeefCattle_Muzzle_Individualized/cattle_5654/cattle_5654_DSCF9389.jpg,cattle_5654,53,train
BeefCattle_Muzzle_database/BeefCattle_Muzzle_Individualized/cattle_5654/cattle_5654_DSCF9355.jpg,cattle_5654,53,train
BeefCattle_Muzzle_database/BeefCattle_Muzzle_Individualized/cattle_5654/cattle_5654_DSCF9362.jpg,cattle_5654,53,train
BeefCattle_Muzzle_database/BeefCattle_Muzzle_Individualized/cattle_5654/cattle_5654_DSCF9356.jpg,cattle_5654,53,train
BeefCattle_Muzzle_database/BeefCattle_Muzzle_Individualized/cattle_5654/cattle_5654_DSCF9374.jpg,cattle_5654,53,train
BeefCattle_Muzzle_database/BeefCattle_Muzzle_Individualized/cattle_5654/cattle_5654_DSCF9354.jpg,cattle_5654,53,train
BeefCattle_Muzzle_database/BeefCattle_Muzzle_Individualized/cattle_5654/cattle_5654_DSCF9371.jpg,cattle_5654,53,train
BeefCattle_Muzzle_database/BeefCattle_Muzzle_Individualized/cattle_5654/cattle_5654_DSCF9410.jpg,cattle_5654,53,train
BeefCattle_Muzzle_database/BeefCattle_Muzzle_Individualized/cattle_5654/cattle_5654_DSCF9409.jpg,cattle_5654,53,train
BeefCattle_Muzzle_database/BeefCattle_Muzzle_Individualized/cattle_5654/cattle_5654_DSCF9372.jpg,cattle_5654,53,train
BeefCattle_Muzzle_database/BeefCattle_Muzzle_Individualized/cattle_5654/cattle_5654_DSCF9364.jpg,cattle_5654,53,train
BeefCattle_Muzzle_database/BeefCattle_Muzzle_Individualized/cattle_5654/cattle_5654_DSCF9414.jpg,cattle_5654,53,train
BeefCattle_Muzzle_database/BeefCattle_Muzzle_Individualized/cattle_5654/cattle_5654_DSCF9388.jpg,cattle_5654,53,train
BeefCattle_Muzzle_database/BeefCattle_Muzzle_Individualized/cattle_5654/cattle_5654_DSCF9375.jpg,cattle_5654,53,train
BeefCattle_Muzzle_database/BeefCattle_Muzzle_Individualized/cattle_5654/cattle_5654_DSCF9413.jpg,cattle_5654,53,train
BeefCattle_Muzzle_database/BeefCattle_Muzzle_Individualized/cattle_5654/cattle_5654_DSCF9390.jpg,cattle_5654,53,val
BeefCattle_Muzzle_database/BeefCattle_Muzzle_Individualized/cattle_5654/cattle_5654_DSCF9378.jpg,cattle_5654,53,val
BeefCattle_Muzzle_database/BeefCattle_Muzzle_Individualized/cattle_5654/cattle_5654_DSCF9392.jpg,cattle_5654,53,val
BeefCattle_Muzzle_database/BeefCattle_Muzzle_Individualized/cattle_5654/cattle_5654_DSCF9377.jpg,cattle_5654,53,val
BeefCattle_Muzzle_database/BeefCattle_Muzzle_Individualized/cattle_5654/cattle_5654_DSCF9391.jpg,cattle_5654,53,val
BeefCattle_Muzzle_database/BeefCattle_Muzzle_Individualized/cattle_5654/cattle_5654_DSCF9416.jpg,cattle_5654,53,val
BeefCattle_Muzzle_database/BeefCattle_Muzzle_Individualized/cattle_5654/cattle_5654_DSCF9393.jpg,cattle_5654,53,val
BeefCattle_Muzzle_database/BeefCattle_Muzzle_Individualized/cattle_5654/cattle_5654_DSCF9386.jpg,cattle_5654,53,test
BeefCattle_Muzzle_database/BeefCattle_Muzzle_Individualized/cattle_5654/cattle_5654_DSCF9384.jpg,cattle_5654,53,test
BeefCattle_Muzzle_database/BeefCattle_Muzzle_Individualized/cattle_5654/cattle_5654_DSCF9395.jpg,cattle_5654,53,test
BeefCattle_Muzzle_database/BeefCattle_Muzzle_Individualized/cattle_5654/cattle_5654_DSCF9369.jpg,cattle_5654,53,test
BeefCattle_Muzzle_database/BeefCattle_Muzzle_Individualized/cattle_5654/cattle_5654_DSCF9359.jpg,cattle_5654,53,test
BeefCattle_Muzzle_database/BeefCattle_Muzzle_Individualized/cattle_5654/cattle_5654_DSCF9382.jpg,cattle_5654,53,test
BeefCattle_Muzzle_database/BeefCattle_Muzzle_Individualized/cattle_5654/cattle_5654_DSCF9365.jpg,cattle_5654,53,test
BeefCattle_Muzzle_database/BeefCattle_Muzzle_Individualized/cattle_5654/cattle_5654_DSCF9373.jpg,cattle_5654,53,test
BeefCattle_Muzzle_database/BeefCattle_Muzzle_Individualized/cattle_5654/cattle_5654_DSCF9376.jpg,cattle_5654,53,test
BeefCattle_Muzzle_database/BeefCattle_Muzzle_Individualized/cattle_5658/cattle_5658_DSCF7638.jpg,cattle_5658,12,train
BeefCattle_Muzzle_database/BeefCattle_Muzzle_Individualized/cattle_5658/cattle_5658_DSCF7648.jpg,cattle_5658,12,train
BeefCattle_Muzzle_database/BeefCattle_Muzzle_Individualized/cattle_5658/cattle_5658_DSCF7643.jpg,cattle_5658,12,train
BeefCattle_Muzzle_database/BeefCattle_Muzzle_Individualized/cattle_5658/cattle_5658_DSCF7642.jpg,cattle_5658,12,train
BeefCattle_Muzzle_database/BeefCattle_Muzzle_Individualized/cattle_5658/cattle_5658_DSCF7647.jpg,cattle_5658,12,train
BeefCattle_Muzzle_database/BeefCattle_Muzzle_Individualized/cattle_5658/cattle_5658_DSCF7649.jpg,cattle_5658,12,train
BeefCattle_Muzzle_database/BeefCattle_Muzzle_Individualized/cattle_5658/cattle_5658_DSCF7645.jpg,cattle_5658,12,train
BeefCattle_Muzzle_database/BeefCattle_Muzzle_Individualized/cattle_5658/cattle_5658_DSCF7637.jpg,cattle_5658,12,train
BeefCattle_Muzzle_database/BeefCattle_Muzzle_Individualized/cattle_5658/cattle_5658_DSCF7646.jpg,cattle_5658,12,val
BeefCattle_Muzzle_database/BeefCattle_Muzzle_Individualized/cattle_5658/cattle_5658_DSCF7644.jpg,cattle_5658,12,test
BeefCattle_Muzzle_database/BeefCattle_Muzzle_Individualized/cattle_5658/cattle_5658_DSCF7650.jpg,cattle_5658,12,test
BeefCattle_Muzzle_database/BeefCattle_Muzzle_Individualized/cattle_5658/cattle_5658_DSCF7641.jpg,cattle_5658,12,test
BeefCattle_Muzzle_database/BeefCattle_Muzzle_Individualized/cattle_5670/cattle_5670_DSCF7475.jpg,cattle_5670,16,train
BeefCattle_Muzzle_database/BeefCattle_Muzzle_Individualized/cattle_5670/cattle_5670_DSCF7478.jpg,cattle_5670,16,train
BeefCattle_Muzzle_database/BeefCattle_Muzzle_Individualized/cattle_5670/cattle_5670_DSCF7486.jpg,cattle_5670,16,train
BeefCattle_Muzzle_database/BeefCattle_Muzzle_Individualized/cattle_5670/cattle_5670_DSCF7477.jpg,cattle_5670,16,train
BeefCattle_Muzzle_database/BeefCattle_Muzzle_Individualized/cattle_5670/cattle_5670_DSCF7473.jpg,cattle_5670,16,train
BeefCattle_Muzzle_database/BeefCattle_Muzzle_Individualized/cattle_5670/cattle_5670_DSCF7474.jpg,cattle_5670,16,train
BeefCattle_Muzzle_database/BeefCattle_Muzzle_Individualized/cattle_5670/cattle_5670_DSCF7476.jpg,cattle_5670,16,train
BeefCattle_Muzzle_database/BeefCattle_Muzzle_Individualized/cattle_5670/cattle_5670_DSCF7482.jpg,cattle_5670,16,train
BeefCattle_Muzzle_database/BeefCattle_Muzzle_Individualized/cattle_5670/cattle_5670_DSCF7488.jpg,cattle_5670,16,train
BeefCattle_Muzzle_database/BeefCattle_Muzzle_Individualized/cattle_5670/cattle_5670_DSCF7484.jpg,cattle_5670,16,train
BeefCattle_Muzzle_database/BeefCattle_Muzzle_Individualized/cattle_5670/cattle_5670_DSCF7479.jpg,cattle_5670,16,train
BeefCattle_Muzzle_database/BeefCattle_Muzzle_Individualized/cattle_5670/cattle_5670_DSCF7480.jpg,cattle_5670,16,val
BeefCattle_Muzzle_database/BeefCattle_Muzzle_Individualized/cattle_5670/cattle_5670_DSCF7483.jpg,cattle_5670,16,val
BeefCattle_Muzzle_database/BeefCattle_Muzzle_Individualized/cattle_5670/cattle_5670_DSCF7487.jpg,cattle_5670,16,test
BeefCattle_Muzzle_database/BeefCattle_Muzzle_Individualized/cattle_5670/cattle_5670_DSCF7481.jpg,cattle_5670,16,test
BeefCattle_Muzzle_database/BeefCattle_Muzzle_Individualized/cattle_5670/cattle_5670_DSCF7485.jpg,cattle_5670,16,test
BeefCattle_Muzzle_database/BeefCattle_Muzzle_Individualized/cattle_5677/cattle_5677_DSCF7467.jpg,cattle_5677,12,train
BeefCattle_Muzzle_database/BeefCattle_Muzzle_Individualized/cattle_5677/cattle_5677_DSCF7472.jpg,cattle_5677,12,train
BeefCattle_Muzzle_database/BeefCattle_Muzzle_Individualized/cattle_5677/cattle_5677_DSCF7463.jpg,cattle_5677,12,train
BeefCattle_Muzzle_database/BeefCattle_Muzzle_Individualized/cattle_5677/cattle_5677_DSCF7466.jpg,cattle_5677,12,train
BeefCattle_Muzzle_database/BeefCattle_Muzzle_Individualized/cattle_5677/cattle_5677_DSCF7468.jpg,cattle_5677,12,train
BeefCattle_Muzzle_database/BeefCattle_Muzzle_Individualized/cattle_5677/cattle_5677_DSCF7470.jpg,cattle_5677,12,train
BeefCattle_Muzzle_database/BeefCattle_Muzzle_Individualized/cattle_5677/cattle_5677_DSCF7460.jpg,cattle_5677,12,train
BeefCattle_Muzzle_database/BeefCattle_Muzzle_Individualized/cattle_5677/cattle_5677_DSCF7471.jpg,cattle_5677,12,train
BeefCattle_Muzzle_database/BeefCattle_Muzzle_Individualized/cattle_5677/cattle_5677_DSCF7469.jpg,cattle_5677,12,val
BeefCattle_Muzzle_database/BeefCattle_Muzzle_Individualized/cattle_5677/cattle_5677_DSCF7464.jpg,cattle_5677,12,test
BeefCattle_Muzzle_database/BeefCattle_Muzzle_Individualized/cattle_5677/cattle_5677_DSCF7465.jpg,cattle_5677,12,test
BeefCattle_Muzzle_database/BeefCattle_Muzzle_Individualized/cattle_5677/cattle_5677_DSCF7459.jpg,cattle_5677,12,test
BeefCattle_Muzzle_database/BeefCattle_Muzzle_Individualized/cattle_5695/cattle_5695_DSCF7983.jpg,cattle_5695,20,train
BeefCattle_Muzzle_database/BeefCattle_Muzzle_Individualized/cattle_5695/cattle_5695_DSCF7984.jpg,cattle_5695,20,train
BeefCattle_Muzzle_database/BeefCattle_Muzzle_Individualized/cattle_5695/cattle_5695_DSCF7992.jpg,cattle_5695,20,train
BeefCattle_Muzzle_database/BeefCattle_Muzzle_Individualized/cattle_5695/cattle_5695_DSCF7988.jpg,cattle_5695,20,train
BeefCattle_Muzzle_database/BeefCattle_Muzzle_Individualized/cattle_5695/cattle_5695_DSCF8002.jpg,cattle_5695,20,train
BeefCattle_Muzzle_database/BeefCattle_Muzzle_Individualized/cattle_5695/cattle_5695_DSCF7979.jpg,cattle_5695,20,train
BeefCattle_Muzzle_database/BeefCattle_Muzzle_Individualized/cattle_5695/cattle_5695_DSCF7981.jpg,cattle_5695,20,train
BeefCattle_Muzzle_database/BeefCattle_Muzzle_Individualized/cattle_5695/cattle_5695_DSCF7989.jpg,cattle_5695,20,train
BeefCattle_Muzzle_database/BeefCattle_Muzzle_Individualized/cattle_5695/cattle_5695_DSCF8003.jpg,cattle_5695,20,train
BeefCattle_Muzzle_database/BeefCattle_Muzzle_Individualized/cattle_5695/cattle_5695_DSCF7985.jpg,cattle_5695,20,train
BeefCattle_Muzzle_database/BeefCattle_Muzzle_Individualized/cattle_5695/cattle_5695_DSCF8007.jpg,cattle_5695,20,train
BeefCattle_Muzzle_database/BeefCattle_Muzzle_Individualized/cattle_5695/cattle_5695_DSCF8005.jpg,cattle_5695,20,train
BeefCattle_Muzzle_database/BeefCattle_Muzzle_Individualized/cattle_5695/cattle_5695_DSCF7986.jpg,cattle_5695,20,train
BeefCattle_Muzzle_database/BeefCattle_Muzzle_Individualized/cattle_5695/cattle_5695_DSCF8004.jpg,cattle_5695,20,train
BeefCattle_Muzzle_database/BeefCattle_Muzzle_Individualized/cattle_5695/cattle_5695_DSCF7991.jpg,cattle_5695,20,val
BeefCattle_Muzzle_database/BeefCattle_Muzzle_Individualized/cattle_5695/cattle_5695_DSCF7980.jpg,cattle_5695,20,val
BeefCattle_Muzzle_database/BeefCattle_Muzzle_Individualized/cattle_5695/cattle_5695_DSCF7990.jpg,cattle_5695,20,val
BeefCattle_Muzzle_database/BeefCattle_Muzzle_Individualized/cattle_5695/cattle_5695_DSCF7987.jpg,cattle_5695,20,test
BeefCattle_Muzzle_database/BeefCattle_Muzzle_Individualized/cattle_5695/cattle_5695_DSCF7982.jpg,cattle_5695,20,test
BeefCattle_Muzzle_database/BeefCattle_Muzzle_Individualized/cattle_5695/cattle_5695_DSCF8006.jpg,cattle_5695,20,test
BeefCattle_Muzzle_database/BeefCattle_Muzzle_Individualized/cattle_5697/cattle_5697_DSCF9341.jpg,cattle_5697,31,train
BeefCattle_Muzzle_database/BeefCattle_Muzzle_Individualized/cattle_5697/cattle_5697_DSCF9322.jpg,cattle_5697,31,train
BeefCattle_Muzzle_database/BeefCattle_Muzzle_Individualized/cattle_5697/cattle_5697_DSCF9349.jpg,cattle_5697,31,train
BeefCattle_Muzzle_database/BeefCattle_Muzzle_Individualized/cattle_5697/cattle_5697_DSCF9351.jpg,cattle_5697,31,train
BeefCattle_Muzzle_database/BeefCattle_Muzzle_Individualized/cattle_5697/cattle_5697_DSCF9336.jpg,cattle_5697,31,train
BeefCattle_Muzzle_database/BeefCattle_Muzzle_Individualized/cattle_5697/cattle_5697_DSCF9342.jpg,cattle_5697,31,train
BeefCattle_Muzzle_database/BeefCattle_Muzzle_Individualized/cattle_5697/cattle_5697_DSCF9347.jpg,cattle_5697,31,train
BeefCattle_Muzzle_database/BeefCattle_Muzzle_Individualized/cattle_5697/cattle_5697_DSCF9323.jpg,cattle_5697,31,train
BeefCattle_Muzzle_database/BeefCattle_Muzzle_Individualized/cattle_5697/cattle_5697_DSCF9331.jpg,cattle_5697,31,train
BeefCattle_Muzzle_database/BeefCattle_Muzzle_Individualized/cattle_5697/cattle_5697_DSCF9338.jpg,cattle_5697,31,train
BeefCattle_Muzzle_database/BeefCattle_Muzzle_Individualized/cattle_5697/cattle_5697_DSCF9329.jpg,cattle_5697,31,train
BeefCattle_Muzzle_database/BeefCattle_Muzzle_Individualized/cattle_5697/cattle_5697_DSCF9343.jpg,cattle_5697,31,train
BeefCattle_Muzzle_database/BeefCattle_Muzzle_Individualized/cattle_5697/cattle_5697_DSCF9330.jpg,cattle_5697,31,train
BeefCattle_Muzzle_database/BeefCattle_Muzzle_Individualized/cattle_5697/cattle_5697_DSCF9321.jpg,cattle_5697,31,train
BeefCattle_Muzzle_database/BeefCattle_Muzzle_Individualized/cattle_5697/cattle_5697_DSCF9333.jpg,cattle_5697,31,train
BeefCattle_Muzzle_database/BeefCattle_Muzzle_Individualized/cattle_5697/cattle_5697_DSCF9337.jpg,cattle_5697,31,train
BeefCattle_Muzzle_database/BeefCattle_Muzzle_Individualized/cattle_5697/cattle_5697_DSCF9350.jpg,cattle_5697,31,train
BeefCattle_Muzzle_database/BeefCattle_Muzzle_Individualized/cattle_5697/cattle_5697_DSCF9325.jpg,cattle_5697,31,train
BeefCattle_Muzzle_database/BeefCattle_Muzzle_Individualized/cattle_5697/cattle_5697_DSCF9326.jpg,cattle_5697,31,train
BeefCattle_Muzzle_database/BeefCattle_Muzzle_Individualized/cattle_5697/cattle_5697_DSCF9334.jpg,cattle_5697,31,train
BeefCattle_Muzzle_database/BeefCattle_Muzzle_Individualized/cattle_5697/cattle_5697_DSCF9340.jpg,cattle_5697,31,train
BeefCattle_Muzzle_database/BeefCattle_Muzzle_Individualized/cattle_5697/cattle_5697_DSCF9332.jpg,cattle_5697,31,val
BeefCattle_Muzzle_database/BeefCattle_Muzzle_Individualized/cattle_5697/cattle_5697_DSCF9339.jpg,cattle_5697,31,val
BeefCattle_Muzzle_database/BeefCattle_Muzzle_Individualized/cattle_5697/cattle_5697_DSCF9344.jpg,cattle_5697,31,val
BeefCattle_Muzzle_database/BeefCattle_Muzzle_Individualized/cattle_5697/cattle_5697_DSCF9327.jpg,cattle_5697,31,val
BeefCattle_Muzzle_database/BeefCattle_Muzzle_Individualized/cattle_5697/cattle_5697_DSCF9328.jpg,cattle_5697,31,test
BeefCattle_Muzzle_database/BeefCattle_Muzzle_Individualized/cattle_5697/cattle_5697_DSCF9346.jpg,cattle_5697,31,test
BeefCattle_Muzzle_database/BeefCattle_Muzzle_Individualized/cattle_5697/cattle_5697_DSCF9345.jpg,cattle_5697,31,test
BeefCattle_Muzzle_database/BeefCattle_Muzzle_Individualized/cattle_5697/cattle_5697_DSCF9324.jpg,cattle_5697,31,test
BeefCattle_Muzzle_database/BeefCattle_Muzzle_Individualized/cattle_5697/cattle_5697_DSCF9348.jpg,cattle_5697,31,test
BeefCattle_Muzzle_database/BeefCattle_Muzzle_Individualized/cattle_5697/cattle_5697_DSCF9335.jpg,cattle_5697,31,test
BeefCattle_Muzzle_database/BeefCattle_Muzzle_Individualized/cattle_5717/cattle_5717_DSCF7515.jpg,cattle_5717,16,train
BeefCattle_Muzzle_database/BeefCattle_Muzzle_Individualized/cattle_5717/cattle_5717_DSCF7520.jpg,cattle_5717,16,train
BeefCattle_Muzzle_database/BeefCattle_Muzzle_Individualized/cattle_5717/cattle_5717_DSCF7514.jpg,cattle_5717,16,train
BeefCattle_Muzzle_database/BeefCattle_Muzzle_Individualized/cattle_5717/cattle_5717_DSCF7510.jpg,cattle_5717,16,train
BeefCattle_Muzzle_database/BeefCattle_Muzzle_Individualized/cattle_5717/cattle_5717_DSCF7512.jpg,cattle_5717,16,train
BeefCattle_Muzzle_database/BeefCattle_Muzzle_Individualized/cattle_5717/cattle_5717_DSCF7516.jpg,cattle_5717,16,train
BeefCattle_Muzzle_database/BeefCattle_Muzzle_Individualized/cattle_5717/cattle_5717_DSCF7506.jpg,cattle_5717,16,train
BeefCattle_Muzzle_database/BeefCattle_Muzzle_Individualized/cattle_5717/cattle_5717_DSCF7513.jpg,cattle_5717,16,train
BeefCattle_Muzzle_database/BeefCattle_Muzzle_Individualized/cattle_5717/cattle_5717_DSCF7519.jpg,cattle_5717,16,train
BeefCattle_Muzzle_database/BeefCattle_Muzzle_Individualized/cattle_5717/cattle_5717_DSCF7509.jpg,cattle_5717,16,train
BeefCattle_Muzzle_database/BeefCattle_Muzzle_Individualized/cattle_5717/cattle_5717_DSCF7505.jpg,cattle_5717,16,train
BeefCattle_Muzzle_database/BeefCattle_Muzzle_Individualized/cattle_5717/cattle_5717_DSCF7511.jpg,cattle_5717,16,val
BeefCattle_Muzzle_database/BeefCattle_Muzzle_Individualized/cattle_5717/cattle_5717_DSCF7518.jpg,cattle_5717,16,val
BeefCattle_Muzzle_database/BeefCattle_Muzzle_Individualized/cattle_5717/cattle_5717_DSCF7517.jpg,cattle_5717,16,test
BeefCattle_Muzzle_database/BeefCattle_Muzzle_Individualized/cattle_5717/cattle_5717_DSCF7507.jpg,cattle_5717,16,test
BeefCattle_Muzzle_database/BeefCattle_Muzzle_Individualized/cattle_5717/cattle_5717_DSCF7508.jpg,cattle_5717,16,test
BeefCattle_Muzzle_database/BeefCattle_Muzzle_Individualized/cattle_5745/cattle_5745_DSCF9484.jpg,cattle_5745,15,train
BeefCattle_Muzzle_database/BeefCattle_Muzzle_Individualized/cattle_5745/cattle_5745_DSCF9474.jpg,cattle_5745,15,train
BeefCattle_Muzzle_database/BeefCattle_Muzzle_Individualized/cattle_5745/cattle_5745_DSCF9486.jpg,cattle_5745,15,train
BeefCattle_Muzzle_database/BeefCattle_Muzzle_Individualized/cattle_5745/cattle_5745_DSCF9476.jpg,cattle_5745,15,train
BeefCattle_Muzzle_database/BeefCattle_Muzzle_Individualized/cattle_5745/cattle_5745_DSCF9481.jpg,cattle_5745,15,train
BeefCattle_Muzzle_database/BeefCattle_Muzzle_Individualized/cattle_5745/cattle_5745_DSCF9478.jpg,cattle_5745,15,train
BeefCattle_Muzzle_database/BeefCattle_Muzzle_Individualized/cattle_5745/cattle_5745_DSCF9473.jpg,cattle_5745,15,train
BeefCattle_Muzzle_database/BeefCattle_Muzzle_Individualized/cattle_5745/cattle_5745_DSCF9487.jpg,cattle_5745,15,train
BeefCattle_Muzzle_database/BeefCattle_Muzzle_Individualized/cattle_5745/cattle_5745_DSCF9485.jpg,cattle_5745,15,train
BeefCattle_Muzzle_database/BeefCattle_Muzzle_Individualized/cattle_5745/cattle_5745_DSCF9479.jpg,cattle_5745,15,train
BeefCattle_Muzzle_database/BeefCattle_Muzzle_Individualized/cattle_5745/cattle_5745_DSCF9477.jpg,cattle_5745,15,val
BeefCattle_Muzzle_database/BeefCattle_Muzzle_Individualized/cattle_5745/cattle_5745_DSCF9483.jpg,cattle_5745,15,val
BeefCattle_Muzzle_database/BeefCattle_Muzzle_Individualized/cattle_5745/cattle_5745_DSCF9482.jpg,cattle_5745,15,test
BeefCattle_Muzzle_database/BeefCattle_Muzzle_Individualized/cattle_5745/cattle_5745_DSCF9475.jpg,cattle_5745,15,test
BeefCattle_Muzzle_database/BeefCattle_Muzzle_Individualized/cattle_5745/cattle_5745_DSCF9480.jpg,cattle_5745,15,test
BeefCattle_Muzzle_database/BeefCattle_Muzzle_Individualized/cattle_5761/cattle_5761_DSCF7399.jpg,cattle_5761,10,train
BeefCattle_Muzzle_database/BeefCattle_Muzzle_Individualized/cattle_5761/cattle_5761_DSCF7397.jpg,cattle_5761,10,train
BeefCattle_Muzzle_database/BeefCattle_Muzzle_Individualized/cattle_5761/cattle_5761_DSCF7415.jpg,cattle_5761,10,train
BeefCattle_Muzzle_database/BeefCattle_Muzzle_Individualized/cattle_5761/cattle_5761_DSCF7418.jpg,cattle_5761,10,train
BeefCattle_Muzzle_database/BeefCattle_Muzzle_Individualized/cattle_5761/cattle_5761_DSCF7396.jpg,cattle_5761,10,train
BeefCattle_Muzzle_database/BeefCattle_Muzzle_Individualized/cattle_5761/cattle_5761_DSCF7413.jpg,cattle_5761,10,train
BeefCattle_Muzzle_database/BeefCattle_Muzzle_Individualized/cattle_5761/cattle_5761_DSCF7398.jpg,cattle_5761,10,train
BeefCattle_Muzzle_database/BeefCattle_Muzzle_Individualized/cattle_5761/cattle_5761_DSCF7417.jpg,cattle_5761,10,val
BeefCattle_Muzzle_database/BeefCattle_Muzzle_Individualized/cattle_5761/cattle_5761_DSCF7416.jpg,cattle_5761,10,test
BeefCattle_Muzzle_database/BeefCattle_Muzzle_Individualized/cattle_5761/cattle_5761_DSCF7414.jpg,cattle_5761,10,test
BeefCattle_Muzzle_database/BeefCattle_Muzzle_Individualized/cattle_5774/cattle_5774_DSCF6698.jpg,cattle_5774,16,train
BeefCattle_Muzzle_database/BeefCattle_Muzzle_Individualized/cattle_5774/cattle_5774_DSCF6682.jpg,cattle_5774,16,train
BeefCattle_Muzzle_database/BeefCattle_Muzzle_Individualized/cattle_5774/cattle_5774_DSCF6697.jpg,cattle_5774,16,train
BeefCattle_Muzzle_database/BeefCattle_Muzzle_Individualized/cattle_5774/cattle_5774_DSCF6686.jpg,cattle_5774,16,train
BeefCattle_Muzzle_database/BeefCattle_Muzzle_Individualized/cattle_5774/cattle_5774_DSCF6687.jpg,cattle_5774,16,train
BeefCattle_Muzzle_database/BeefCattle_Muzzle_Individualized/cattle_5774/cattle_5774_DSCF6684.jpg,cattle_5774,16,train
BeefCattle_Muzzle_database/BeefCattle_Muzzle_Individualized/cattle_5774/cattle_5774_DSCF6689.jpg,cattle_5774,16,train
BeefCattle_Muzzle_database/BeefCattle_Muzzle_Individualized/cattle_5774/cattle_5774_DSCF6692.jpg,cattle_5774,16,train
BeefCattle_Muzzle_database/BeefCattle_Muzzle_Individualized/cattle_5774/cattle_5774_DSCF6693.jpg,cattle_5774,16,train
BeefCattle_Muzzle_database/BeefCattle_Muzzle_Individualized/cattle_5774/cattle_5774_DSCF6685.jpg,cattle_5774,16,train
BeefCattle_Muzzle_database/BeefCattle_Muzzle_Individualized/cattle_5774/cattle_5774_DSCF6688.jpg,cattle_5774,16,train
BeefCattle_Muzzle_database/BeefCattle_Muzzle_Individualized/cattle_5774/cattle_5774_DSCF6691.jpg,cattle_5774,16,val
BeefCattle_Muzzle_database/BeefCattle_Muzzle_Individualized/cattle_5774/cattle_5774_DSCF6695.jpg,cattle_5774,16,val
BeefCattle_Muzzle_database/BeefCattle_Muzzle_Individualized/cattle_5774/cattle_5774_DSCF6683.jpg,cattle_5774,16,test
BeefCattle_Muzzle_database/BeefCattle_Muzzle_Individualized/cattle_5774/cattle_5774_DSCF6696.jpg,cattle_5774,16,test
BeefCattle_Muzzle_database/BeefCattle_Muzzle_Individualized/cattle_5774/cattle_5774_DSCF6694.jpg,cattle_5774,16,test
BeefCattle_Muzzle_database/BeefCattle_Muzzle_Individualized/cattle_5777/cattle_5777_DSCF7922.jpg,cattle_5777,12,train
BeefCattle_Muzzle_database/BeefCattle_Muzzle_Individualized/cattle_5777/cattle_5777_DSCF7923.jpg,cattle_5777,12,train
BeefCattle_Muzzle_database/BeefCattle_Muzzle_Individualized/cattle_5777/cattle_5777_DSCF7925.jpg,cattle_5777,12,train
BeefCattle_Muzzle_database/BeefCattle_Muzzle_Individualized/cattle_5777/cattle_5777_DSCF7927.jpg,cattle_5777,12,train
BeefCattle_Muzzle_database/BeefCattle_Muzzle_Individualized/cattle_5777/cattle_5777_DSCF7924.jpg,cattle_5777,12,train
BeefCattle_Muzzle_database/BeefCattle_Muzzle_Individualized/cattle_5777/cattle_5777_DSCF7932.jpg,cattle_5777,12,train
BeefCattle_Muzzle_database/BeefCattle_Muzzle_Individualized/cattle_5777/cattle_5777_DSCF7931.jpg,cattle_5777,12,train
BeefCattle_Muzzle_database/BeefCattle_Muzzle_Individualized/cattle_5777/cattle_5777_DSCF7929.jpg,cattle_5777,12,train
BeefCattle_Muzzle_database/BeefCattle_Muzzle_Individualized/cattle_5777/cattle_5777_DSCF7921.jpg,cattle_5777,12,val
BeefCattle_Muzzle_database/BeefCattle_Muzzle_Individualized/cattle_5777/cattle_5777_DSCF7926.jpg,cattle_5777,12,test
BeefCattle_Muzzle_database/BeefCattle_Muzzle_Individualized/cattle_5777/cattle_5777_DSCF7928.jpg,cattle_5777,12,test
BeefCattle_Muzzle_database/BeefCattle_Muzzle_Individualized/cattle_5777/cattle_5777_DSCF7930.jpg,cattle_5777,12,test
BeefCattle_Muzzle_database/BeefCattle_Muzzle_Individualized/cattle_5781/cattle_5781_DSCF9247.jpg,cattle_5781,27,train
BeefCattle_Muzzle_database/BeefCattle_Muzzle_Individualized/cattle_5781/cattle_5781_DSCF9239.jpg,cattle_5781,27,train
BeefCattle_Muzzle_database/BeefCattle_Muzzle_Individualized/cattle_5781/cattle_5781_DSCF9229.jpg,cattle_5781,27,train
BeefCattle_Muzzle_database/BeefCattle_Muzzle_Individualized/cattle_5781/cattle_5781_DSCF9225.jpg,cattle_5781,27,train
BeefCattle_Muzzle_database/BeefCattle_Muzzle_Individualized/cattle_5781/cattle_5781_DSCF9245.jpg,cattle_5781,27,train
BeefCattle_Muzzle_database/BeefCattle_Muzzle_Individualized/cattle_5781/cattle_5781_DSCF9241.jpg,cattle_5781,27,train
BeefCattle_Muzzle_database/BeefCattle_Muzzle_Individualized/cattle_5781/cattle_5781_DSCF9234.jpg,cattle_5781,27,train
BeefCattle_Muzzle_database/BeefCattle_Muzzle_Individualized/cattle_5781/cattle_5781_DSCF9244.jpg,cattle_5781,27,train
BeefCattle_Muzzle_database/BeefCattle_Muzzle_Individualized/cattle_5781/cattle_5781_DSCF9246.jpg,cattle_5781,27,train
BeefCattle_Muzzle_database/BeefCattle_Muzzle_Individualized/cattle_5781/cattle_5781_DSCF9238.jpg,cattle_5781,27,train
BeefCattle_Muzzle_database/BeefCattle_Muzzle_Individualized/cattle_5781/cattle_5781_DSCF9237.jpg,cattle_5781,27,train
BeefCattle_Muzzle_database/BeefCattle_Muzzle_Individualized/cattle_5781/cattle_5781_DSCF9232.jpg,cattle_5781,27,train
BeefCattle_Muzzle_database/BeefCattle_Muzzle_Individualized/cattle_5781/cattle_5781_DSCF9240.jpg,cattle_5781,27,train
BeefCattle_Muzzle_database/BeefCattle_Muzzle_Individualized/cattle_5781/cattle_5781_DSCF9223.jpg,cattle_5781,27,train
BeefCattle_Muzzle_database/BeefCattle_Muzzle_Individualized/cattle_5781/cattle_5781_DSCF9243.jpg,cattle_5781,27,train
BeefCattle_Muzzle_database/BeefCattle_Muzzle_Individualized/cattle_5781/cattle_5781_DSCF9233.jpg,cattle_5781,27,train
BeefCattle_Muzzle_database/BeefCattle_Muzzle_Individualized/cattle_5781/cattle_5781_DSCF9224.jpg,cattle_5781,27,train
BeefCattle_Muzzle_database/BeefCattle_Muzzle_Individualized/cattle_5781/cattle_5781_DSCF9230.jpg,cattle_5781,27,train
BeefCattle_Muzzle_database/BeefCattle_Muzzle_Individualized/cattle_5781/cattle_5781_DSCF9227.jpg,cattle_5781,27,val
BeefCattle_Muzzle_database/BeefCattle_Muzzle_Individualized/cattle_5781/cattle_5781_DSCF9231.jpg,cattle_5781,27,val
BeefCattle_Muzzle_database/BeefCattle_Muzzle_Individualized/cattle_5781/cattle_5781_DSCF9242.jpg,cattle_5781,27,val
BeefCattle_Muzzle_database/BeefCattle_Muzzle_Individualized/cattle_5781/cattle_5781_DSCF9226.jpg,cattle_5781,27,val
BeefCattle_Muzzle_database/BeefCattle_Muzzle_Individualized/cattle_5781/cattle_5781_DSCF9228.jpg,cattle_5781,27,test
BeefCattle_Muzzle_database/BeefCattle_Muzzle_Individualized/cattle_5781/cattle_5781_DSCF9235.jpg,cattle_5781,27,test
BeefCattle_Muzzle_database/BeefCattle_Muzzle_Individualized/cattle_5781/cattle_5781_DSCF9222.jpg,cattle_5781,27,test
BeefCattle_Muzzle_database/BeefCattle_Muzzle_Individualized/cattle_5781/cattle_5781_DSCF9248.jpg,cattle_5781,27,test
BeefCattle_Muzzle_database/BeefCattle_Muzzle_Individualized/cattle_5781/cattle_5781_DSCF9236.jpg,cattle_5781,27,test
BeefCattle_Muzzle_database/BeefCattle_Muzzle_Individualized/cattle_5784/cattle_5784_DSCF9461.jpg,cattle_5784,16,train
BeefCattle_Muzzle_database/BeefCattle_Muzzle_Individualized/cattle_5784/cattle_5784_DSCF9465.jpg,cattle_5784,16,train
BeefCattle_Muzzle_database/BeefCattle_Muzzle_Individualized/cattle_5784/cattle_5784_DSCF9468.jpg,cattle_5784,16,train
BeefCattle_Muzzle_database/BeefCattle_Muzzle_Individualized/cattle_5784/cattle_5784_DSCF9462.jpg,cattle_5784,16,train
BeefCattle_Muzzle_database/BeefCattle_Muzzle_Individualized/cattle_5784/cattle_5784_DSCF9467.jpg,cattle_5784,16,train
BeefCattle_Muzzle_database/BeefCattle_Muzzle_Individualized/cattle_5784/cattle_5784_DSCF9463.jpg,cattle_5784,16,train
BeefCattle_Muzzle_database/BeefCattle_Muzzle_Individualized/cattle_5784/cattle_5784_DSCF9471.jpg,cattle_5784,16,train
BeefCattle_Muzzle_database/BeefCattle_Muzzle_Individualized/cattle_5784/cattle_5784_DSCF9469.jpg,cattle_5784,16,train
BeefCattle_Muzzle_database/BeefCattle_Muzzle_Individualized/cattle_5784/cattle_5784_DSCF9470.jpg,cattle_5784,16,train
BeefCattle_Muzzle_database/BeefCattle_Muzzle_Individualized/cattle_5784/cattle_5784_DSCF9466.jpg,cattle_5784,16,train
BeefCattle_Muzzle_database/BeefCattle_Muzzle_Individualized/cattle_5784/cattle_5784_DSCF9459.jpg,cattle_5784,16,train
BeefCattle_Muzzle_database/BeefCattle_Muzzle_Individualized/cattle_5784/cattle_5784_DSCF9458.jpg,cattle_5784,16,val
BeefCattle_Muzzle_database/BeefCattle_Muzzle_Individualized/cattle_5784/cattle_5784_DSCF9464.jpg,cattle_5784,16,val
BeefCattle_Muzzle_database/BeefCattle_Muzzle_Individualized/cattle_5784/cattle_5784_DSCF9472.jpg,cattle_5784,16,test
BeefCattle_Muzzle_database/BeefCattle_Muzzle_Individualized/cattle_5784/cattle_5784_DSCF9457.jpg,cattle_5784,16,test
BeefCattle_Muzzle_database/BeefCattle_Muzzle_Individualized/cattle_5784/cattle_5784_DSCF9460.jpg,cattle_5784,16,test
BeefCattle_Muzzle_database/BeefCattle_Muzzle_Individualized/cattle_5803/cattle_5803_DSCF7170.jpg,cattle_5803,15,train
BeefCattle_Muzzle_database/BeefCattle_Muzzle_Individualized/cattle_5803/cattle_5803_DSCF7184.jpg,cattle_5803,15,train
BeefCattle_Muzzle_database/BeefCattle_Muzzle_Individualized/cattle_5803/cattle_5803_DSCF7157.jpg,cattle_5803,15,train
BeefCattle_Muzzle_database/BeefCattle_Muzzle_Individualized/cattle_5803/cattle_5803_DSCF7182.jpg,cattle_5803,15,train
BeefCattle_Muzzle_database/BeefCattle_Muzzle_Individualized/cattle_5803/cattle_5803_DSCF7174.jpg,cattle_5803,15,train
BeefCattle_Muzzle_database/BeefCattle_Muzzle_Individualized/cattle_5803/cattle_5803_DSCF7181.jpg,cattle_5803,15,train
BeefCattle_Muzzle_database/BeefCattle_Muzzle_Individualized/cattle_5803/cattle_5803_DSCF7167.jpg,cattle_5803,15,train
BeefCattle_Muzzle_database/BeefCattle_Muzzle_Individualized/cattle_5803/cattle_5803_DSCF7171.jpg,cattle_5803,15,train
BeefCattle_Muzzle_database/BeefCattle_Muzzle_Individualized/cattle_5803/cattle_5803_DSCF7175.jpg,cattle_5803,15,train
BeefCattle_Muzzle_database/BeefCattle_Muzzle_Individualized/cattle_5803/cattle_5803_DSCF7176.jpg,cattle_5803,15,train
BeefCattle_Muzzle_database/BeefCattle_Muzzle_Individualized/cattle_5803/cattle_5803_DSCF7183.jpg,cattle_5803,15,val
BeefCattle_Muzzle_database/BeefCattle_Muzzle_Individualized/cattle_5803/cattle_5803_DSCF7172.jpg,cattle_5803,15,val
BeefCattle_Muzzle_database/BeefCattle_Muzzle_Individualized/cattle_5803/cattle_5803_DSCF7169.jpg,cattle_5803,15,test
BeefCattle_Muzzle_database/BeefCattle_Muzzle_Individualized/cattle_5803/cattle_5803_DSCF7158.jpg,cattle_5803,15,test
BeefCattle_Muzzle_database/BeefCattle_Muzzle_Individualized/cattle_5803/cattle_5803_DSCF7173.jpg,cattle_5803,15,test
BeefCattle_Muzzle_database/BeefCattle_Muzzle_Individualized/cattle_5804/cattle_5804_DSCF8856.jpg,cattle_5804,26,train
BeefCattle_Muzzle_database/BeefCattle_Muzzle_Individualized/cattle_5804/cattle_5804_DSCF8860.jpg,cattle_5804,26,train
BeefCattle_Muzzle_database/BeefCattle_Muzzle_Individualized/cattle_5804/cattle_5804_DSCF8848.jpg,cattle_5804,26,train
BeefCattle_Muzzle_database/BeefCattle_Muzzle_Individualized/cattle_5804/cattle_5804_DSCF8847.jpg,cattle_5804,26,train
BeefCattle_Muzzle_database/BeefCattle_Muzzle_Individualized/cattle_5804/cattle_5804_DSCF8850.jpg,cattle_5804,26,train
BeefCattle_Muzzle_database/BeefCattle_Muzzle_Individualized/cattle_5804/cattle_5804_DSCF8857.jpg,cattle_5804,26,train
BeefCattle_Muzzle_database/BeefCattle_Muzzle_Individualized/cattle_5804/cattle_5804_DSCF8852.jpg,cattle_5804,26,train
BeefCattle_Muzzle_database/BeefCattle_Muzzle_Individualized/cattle_5804/cattle_5804_DSCF8843.jpg,cattle_5804,26,train
BeefCattle_Muzzle_database/BeefCattle_Muzzle_Individualized/cattle_5804/cattle_5804_DSCF8836.jpg,cattle_5804,26,train
BeefCattle_Muzzle_database/BeefCattle_Muzzle_Individualized/cattle_5804/cattle_5804_DSCF8838.jpg,cattle_5804,26,train
BeefCattle_Muzzle_database/BeefCattle_Muzzle_Individualized/cattle_5804/cattle_5804_DSCF8842.jpg,cattle_5804,26,train
BeefCattle_Muzzle_database/BeefCattle_Muzzle_Individualized/cattle_5804/cattle_5804_DSCF8845.jpg,cattle_5804,26,train
BeefCattle_Muzzle_database/BeefCattle_Muzzle_Individualized/cattle_5804/cattle_5804_DSCF8844.jpg,cattle_5804,26,train
BeefCattle_Muzzle_database/BeefCattle_Muzzle_Individualized/cattle_5804/cattle_5804_DSCF8859.jpg,cattle_5804,26,train
BeefCattle_Muzzle_database/BeefCattle_Muzzle_Individualized/cattle_5804/cattle_5804_DSCF8858.jpg,cattle_5804,26,train
BeefCattle_Muzzle_database/BeefCattle_Muzzle_Individualized/cattle_5804/cattle_5804_DSCF8839.jpg,cattle_5804,26,train
BeefCattle_Muzzle_database/BeefCattle_Muzzle_Individualized/cattle_5804/cattle_5804_DSCF8841.jpg,cattle_5804,26,train
BeefCattle_Muzzle_database/BeefCattle_Muzzle_Individualized/cattle_5804/cattle_5804_DSCF8846.jpg,cattle_5804,26,train
BeefCattle_Muzzle_database/BeefCattle_Muzzle_Individualized/cattle_5804/cattle_5804_DSCF8849.jpg,cattle_5804,26,val
BeefCattle_Muzzle_database/BeefCattle_Muzzle_Individualized/cattle_5804/cattle_5804_DSCF8840.jpg,cattle_5804,26,val
BeefCattle_Muzzle_database/BeefCattle_Muzzle_Individualized/cattle_5804/cattle_5804_DSCF8855.jpg,cattle_5804,26,val
BeefCattle_Muzzle_database/BeefCattle_Muzzle_Individualized/cattle_5804/cattle_5804_DSCF8854.jpg,cattle_5804,26,test
BeefCattle_Muzzle_database/BeefCattle_Muzzle_Individualized/cattle_5804/cattle_5804_DSCF8835.jpg,cattle_5804,26,test
BeefCattle_Muzzle_database/BeefCattle_Muzzle_Individualized/cattle_5804/cattle_5804_DSCF8853.jpg,cattle_5804,26,test
BeefCattle_Muzzle_database/BeefCattle_Muzzle_Individualized/cattle_5804/cattle_5804_DSCF8851.jpg,cattle_5804,26,test
BeefCattle_Muzzle_database/BeefCattle_Muzzle_Individualized/cattle_5804/cattle_5804_DSCF8837.jpg,cattle_5804,26,test
BeefCattle_Muzzle_database/BeefCattle_Muzzle_Individualized/cattle_5806/cattle_5806_DSCF7467.jpg,cattle_5806,14,train
BeefCattle_Muzzle_database/BeefCattle_Muzzle_Individualized/cattle_5806/cattle_5806_DSCF7459.jpg,cattle_5806,14,train
BeefCattle_Muzzle_database/BeefCattle_Muzzle_Individualized/cattle_5806/cattle_5806_DSCF7466.jpg,cattle_5806,14,train
BeefCattle_Muzzle_database/BeefCattle_Muzzle_Individualized/cattle_5806/cattle_5806_DSCF7470.jpg,cattle_5806,14,train
BeefCattle_Muzzle_database/BeefCattle_Muzzle_Individualized/cattle_5806/cattle_5806_DSCF7472.jpg,cattle_5806,14,train
BeefCattle_Muzzle_database/BeefCattle_Muzzle_Individualized/cattle_5806/cattle_5806_DSCF7465.jpg,cattle_5806,14,train
BeefCattle_Muzzle_database/BeefCattle_Muzzle_Individualized/cattle_5806/cattle_5806_DSCF7468.jpg,cattle_5806,14,train
BeefCattle_Muzzle_database/BeefCattle_Muzzle_Individualized/cattle_5806/cattle_5806_DSCF7469.jpg,cattle_5806,14,train
BeefCattle_Muzzle_database/BeefCattle_Muzzle_Individualized/cattle_5806/cattle_5806_DSCF7460.jpg,cattle_5806,14,train
BeefCattle_Muzzle_database/BeefCattle_Muzzle_Individualized/cattle_5806/cattle_5806_DSCF7463.jpg,cattle_5806,14,val
BeefCattle_Muzzle_database/BeefCattle_Muzzle_Individualized/cattle_5806/cattle_5806_DSCF7462.jpg,cattle_5806,14,val
BeefCattle_Muzzle_database/BeefCattle_Muzzle_Individualized/cattle_5806/cattle_5806_DSCF7461.jpg,cattle_5806,14,test
BeefCattle_Muzzle_database/BeefCattle_Muzzle_Individualized/cattle_5806/cattle_5806_DSCF7471.jpg,cattle_5806,14,test
BeefCattle_Muzzle_database/BeefCattle_Muzzle_Individualized/cattle_5806/cattle_5806_DSCF7464.jpg,cattle_5806,14,test
BeefCattle_Muzzle_database/BeefCattle_Muzzle_Individualized/cattle_5809/cattle_5809_DSCF9080.jpg,cattle_5809,24,train
BeefCattle_Muzzle_database/BeefCattle_Muzzle_Individualized/cattle_5809/cattle_5809_DSCF9087.jpg,cattle_5809,24,train
BeefCattle_Muzzle_database/BeefCattle_Muzzle_Individualized/cattle_5809/cattle_5809_DSCF9074.jpg,cattle_5809,24,train
BeefCattle_Muzzle_database/BeefCattle_Muzzle_Individualized/cattle_5809/cattle_5809_DSCF9085.jpg,cattle_5809,24,train
BeefCattle_Muzzle_database/BeefCattle_Muzzle_Individualized/cattle_5809/cattle_5809_DSCF9076.jpg,cattle_5809,24,train
BeefCattle_Muzzle_database/BeefCattle_Muzzle_Individualized/cattle_5809/cattle_5809_DSCF9077.jpg,cattle_5809,24,train
BeefCattle_Muzzle_database/BeefCattle_Muzzle_Individualized/cattle_5809/cattle_5809_DSCF9086.jpg,cattle_5809,24,train
BeefCattle_Muzzle_database/BeefCattle_Muzzle_Individualized/cattle_5809/cattle_5809_DSCF9083.jpg,cattle_5809,24,train
BeefCattle_Muzzle_database/BeefCattle_Muzzle_Individualized/cattle_5809/cattle_5809_DSCF9073.jpg,cattle_5809,24,train
BeefCattle_Muzzle_database/BeefCattle_Muzzle_Individualized/cattle_5809/cattle_5809_DSCF9094.jpg,cattle_5809,24,train
BeefCattle_Muzzle_database/BeefCattle_Muzzle_Individualized/cattle_5809/cattle_5809_DSCF9079.jpg,cattle_5809,24,train
BeefCattle_Muzzle_database/BeefCattle_Muzzle_Individualized/cattle_5809/cattle_5809_DSCF9075.jpg,cattle_5809,24,train
BeefCattle_Muzzle_database/BeefCattle_Muzzle_Individualized/cattle_5809/cattle_5809_DSCF9095.jpg,cattle_5809,24,train
BeefCattle_Muzzle_database/BeefCattle_Muzzle_Individualized/cattle_5809/cattle_5809_DSCF9072.jpg,cattle_5809,24,train
BeefCattle_Muzzle_database/BeefCattle_Muzzle_Individualized/cattle_5809/cattle_5809_DSCF9082.jpg,cattle_5809,24,train
BeefCattle_Muzzle_database/BeefCattle_Muzzle_Individualized/cattle_5809/cattle_5809_DSCF9099.jpg,cattle_5809,24,train
BeefCattle_Muzzle_database/BeefCattle_Muzzle_Individualized/cattle_5809/cattle_5809_DSCF9084.jpg,cattle_5809,24,val
BeefCattle_Muzzle_database/BeefCattle_Muzzle_Individualized/cattle_5809/cattle_5809_DSCF9100.jpg,cattle_5809,24,val
BeefCattle_Muzzle_database/BeefCattle_Muzzle_Individualized/cattle_5809/cattle_5809_DSCF9097.jpg,cattle_5809,24,val
BeefCattle_Muzzle_database/BeefCattle_Muzzle_Individualized/cattle_5809/cattle_5809_DSCF9096.jpg,cattle_5809,24,test
BeefCattle_Muzzle_database/BeefCattle_Muzzle_Individualized/cattle_5809/cattle_5809_DSCF9088.jpg,cattle_5809,24,test
BeefCattle_Muzzle_database/BeefCattle_Muzzle_Individualized/cattle_5809/cattle_5809_DSCF9078.jpg,cattle_5809,24,test
BeefCattle_Muzzle_database/BeefCattle_Muzzle_Individualized/cattle_5809/cattle_5809_DSCF9081.jpg,cattle_5809,24,test
BeefCattle_Muzzle_database/BeefCattle_Muzzle_Individualized/cattle_5809/cattle_5809_DSCF9098.jpg,cattle_5809,24,test
BeefCattle_Muzzle_database/BeefCattle_Muzzle_Individualized/cattle_5815/cattle_5815_DSCF7737.jpg,cattle_5815,14,train
BeefCattle_Muzzle_database/BeefCattle_Muzzle_Individualized/cattle_5815/cattle_5815_DSCF7740.jpg,cattle_5815,14,train
BeefCattle_Muzzle_database/BeefCattle_Muzzle_Individualized/cattle_5815/cattle_5815_DSCF7729.jpg,cattle_5815,14,train
BeefCattle_Muzzle_database/BeefCattle_Muzzle_Individualized/cattle_5815/cattle_5815_DSCF7732.jpg,cattle_5815,14,train
BeefCattle_Muzzle_database/BeefCattle_Muzzle_Individualized/cattle_5815/cattle_5815_DSCF7730.jpg,cattle_5815,14,train
BeefCattle_Muzzle_database/BeefCattle_Muzzle_Individualized/cattle_5815/cattle_5815_DSCF7736.jpg,cattle_5815,14,train
BeefCattle_Muzzle_database/BeefCattle_Muzzle_Individualized/cattle_5815/cattle_5815_DSCF7733.jpg,cattle_5815,14,train
BeefCattle_Muzzle_database/BeefCattle_Muzzle_Individualized/cattle_5815/cattle_5815_DSCF7741.jpg,cattle_5815,14,train
BeefCattle_Muzzle_database/BeefCattle_Muzzle_Individualized/cattle_5815/cattle_5815_DSCF7739.jpg,cattle_5815,14,train
BeefCattle_Muzzle_database/BeefCattle_Muzzle_Individualized/cattle_5815/cattle_5815_DSCF7738.jpg,cattle_5815,14,val
BeefCattle_Muzzle_database/BeefCattle_Muzzle_Individualized/cattle_5815/cattle_5815_DSCF7735.jpg,cattle_5815,14,val
BeefCattle_Muzzle_database/BeefCattle_Muzzle_Individualized/cattle_5815/cattle_5815_DSCF7731.jpg,cattle_5815,14,test
BeefCattle_Muzzle_database/BeefCattle_Muzzle_Individualized/cattle_5815/cattle_5815_DSCF7742.jpg,cattle_5815,14,test
BeefCattle_Muzzle_database/BeefCattle_Muzzle_Individualized/cattle_5815/cattle_5815_DSCF7734.jpg,cattle_5815,14,test
BeefCattle_Muzzle_database/BeefCattle_Muzzle_Individualized/cattle_5816/cattle_5816_DSCF7736.jpg,cattle_5816,9,train
BeefCattle_Muzzle_database/BeefCattle_Muzzle_Individualized/cattle_5816/cattle_5816_DSCF7739.jpg,cattle_5816,9,train
BeefCattle_Muzzle_database/BeefCattle_Muzzle_Individualized/cattle_5816/cattle_5816_DSCF7738.jpg,cattle_5816,9,train
BeefCattle_Muzzle_database/BeefCattle_Muzzle_Individualized/cattle_5816/cattle_5816_DSCF7737.jpg,cattle_5816,9,train
BeefCattle_Muzzle_database/BeefCattle_Muzzle_Individualized/cattle_5816/cattle_5816_DSCF7741.jpg,cattle_5816,9,train
BeefCattle_Muzzle_database/BeefCattle_Muzzle_Individualized/cattle_5816/cattle_5816_DSCF7742.jpg,cattle_5816,9,train
BeefCattle_Muzzle_database/BeefCattle_Muzzle_Individualized/cattle_5816/cattle_5816_DSCF7731.jpg,cattle_5816,9,val
BeefCattle_Muzzle_database/BeefCattle_Muzzle_Individualized/cattle_5816/cattle_5816_DSCF7729.jpg,cattle_5816,9,test
BeefCattle_Muzzle_database/BeefCattle_Muzzle_Individualized/cattle_5816/cattle_5816_DSCF7730.jpg,cattle_5816,9,test
BeefCattle_Muzzle_database/BeefCattle_Muzzle_Individualized/cattle_5836/cattle_5836_DSCF0681.jpg,cattle_5836,22,train
BeefCattle_Muzzle_database/BeefCattle_Muzzle_Individualized/cattle_5836/cattle_5836_DSCF0685.jpg,cattle_5836,22,train
BeefCattle_Muzzle_database/BeefCattle_Muzzle_Individualized/cattle_5836/cattle_5836_DSCF0680.jpg,cattle_5836,22,train
BeefCattle_Muzzle_database/BeefCattle_Muzzle_Individualized/cattle_5836/cattle_5836_DSCF0684.jpg,cattle_5836,22,train
BeefCattle_Muzzle_database/BeefCattle_Muzzle_Individualized/cattle_5836/cattle_5836_DSCF0674.jpg,cattle_5836,22,train
BeefCattle_Muzzle_database/BeefCattle_Muzzle_Individualized/cattle_5836/cattle_5836_DSCF0691.jpg,cattle_5836,22,train
BeefCattle_Muzzle_database/BeefCattle_Muzzle_Individualized/cattle_5836/cattle_5836_DSCF0683.jpg,cattle_5836,22,train
BeefCattle_Muzzle_database/BeefCattle_Muzzle_Individualized/cattle_5836/cattle_5836_DSCF0679.jpg,cattle_5836,22,train
BeefCattle_Muzzle_database/BeefCattle_Muzzle_Individualized/cattle_5836/cattle_5836_DSCF0695.jpg,cattle_5836,22,train
BeefCattle_Muzzle_database/BeefCattle_Muzzle_Individualized/cattle_5836/cattle_5836_DSCF0677.jpg,cattle_5836,22,train
BeefCattle_Muzzle_database/BeefCattle_Muzzle_Individualized/cattle_5836/cattle_5836_DSCF0682.jpg,cattle_5836,22,train
BeefCattle_Muzzle_database/BeefCattle_Muzzle_Individualized/cattle_5836/cattle_5836_DSCF0692.jpg,cattle_5836,22,train
BeefCattle_Muzzle_database/BeefCattle_Muzzle_Individualized/cattle_5836/cattle_5836_DSCF0688.jpg,cattle_5836,22,train
BeefCattle_Muzzle_database/BeefCattle_Muzzle_Individualized/cattle_5836/cattle_5836_DSCF0675.jpg,cattle_5836,22,train
BeefCattle_Muzzle_database/BeefCattle_Muzzle_Individualized/cattle_5836/cattle_5836_DSCF0689.jpg,cattle_5836,22,train
BeefCattle_Muzzle_database/BeefCattle_Muzzle_Individualized/cattle_5836/cattle_5836_DSCF0678.jpg,cattle_5836,22,val
BeefCattle_Muzzle_database/BeefCattle_Muzzle_Individualized/cattle_5836/cattle_5836_DSCF0676.jpg,cattle_5836,22,val
BeefCattle_Muzzle_database/BeefCattle_Muzzle_Individualized/cattle_5836/cattle_5836_DSCF0686.jpg,cattle_5836,22,val
BeefCattle_Muzzle_database/BeefCattle_Muzzle_Individualized/cattle_5836/cattle_5836_DSCF0693.jpg,cattle_5836,22,test
BeefCattle_Muzzle_database/BeefCattle_Muzzle_Individualized/cattle_5836/cattle_5836_DSCF0687.jpg,cattle_5836,22,test
BeefCattle_Muzzle_database/BeefCattle_Muzzle_Individualized/cattle_5836/cattle_5836_DSCF0690.jpg,cattle_5836,22,test
BeefCattle_Muzzle_database/BeefCattle_Muzzle_Individualized/cattle_5836/cattle_5836_DSCF0694.jpg,cattle_5836,22,test
BeefCattle_Muzzle_database/BeefCattle_Muzzle_Individualized/cattle_5844/cattle_5844_DSCF0169.jpg,cattle_5844,30,train
BeefCattle_Muzzle_database/BeefCattle_Muzzle_Individualized/cattle_5844/cattle_5844_DSCF0171.jpg,cattle_5844,30,train
BeefCattle_Muzzle_database/BeefCattle_Muzzle_Individualized/cattle_5844/cattle_5844_DSCF0176.jpg,cattle_5844,30,train
BeefCattle_Muzzle_database/BeefCattle_Muzzle_Individualized/cattle_5844/cattle_5844_DSCF0179.jpg,cattle_5844,30,train
BeefCattle_Muzzle_database/BeefCattle_Muzzle_Individualized/cattle_5844/cattle_5844_DSCF0178.jpg,cattle_5844,30,train
BeefCattle_Muzzle_database/BeefCattle_Muzzle_Individualized/cattle_5844/cattle_5844_DSCF0167.jpg,cattle_5844,30,train
BeefCattle_Muzzle_database/BeefCattle_Muzzle_Individualized/cattle_5844/cattle_5844_DSCF0165.jpg,cattle_5844,30,train
BeefCattle_Muzzle_database/BeefCattle_Muzzle_Individualized/cattle_5844/cattle_5844_DSCF0177.jpg,cattle_5844,30,train
BeefCattle_Muzzle_database/BeefCattle_Muzzle_Individualized/cattle_5844/cattle_5844_DSCF0186.jpg,cattle_5844,30,train
BeefCattle_Muzzle_database/BeefCattle_Muzzle_Individualized/cattle_5844/cattle_5844_DSCF0173.jpg,cattle_5844,30,train
BeefCattle_Muzzle_database/BeefCattle_Muzzle_Individualized/cattle_5844/cattle_5844_DSCF0182.jpg,cattle_5844,30,train
BeefCattle_Muzzle_database/BeefCattle_Muzzle_Individualized/cattle_5844/cattle_5844_DSCF0190.jpg,cattle_5844,30,train
BeefCattle_Muzzle_database/BeefCattle_Muzzle_Individualized/cattle_5844/cattle_5844_DSCF0185.jpg,cattle_5844,30,train
BeefCattle_Muzzle_database/BeefCattle_Muzzle_Individualized/cattle_5844/cattle_5844_DSCF0172.jpg,cattle_5844,30,train
BeefCattle_Muzzle_database/BeefCattle_Muzzle_Individualized/cattle_5844/cattle_5844_DSCF0161.jpg,cattle_5844,30,train
BeefCattle_Muzzle_database/BeefCattle_Muzzle_Individualized/cattle_5844/cattle_5844_DSCF0183.jpg,cattle_5844,30,train
BeefCattle_Muzzle_database/BeefCattle_Muzzle_Individualized/cattle_5844/cattle_5844_DSCF0166.jpg,cattle_5844,30,train
BeefCattle_Muzzle_database/BeefCattle_Muzzle_Individualized/cattle_5844/cattle_5844_DSCF0170.jpg,cattle_5844,30,train
BeefCattle_Muzzle_database/BeefCattle_Muzzle_Individualized/cattle_5844/cattle_5844_DSCF0187.jpg,cattle_5844,30,train
BeefCattle_Muzzle_database/BeefCattle_Muzzle_Individualized/cattle_5844/cattle_5844_DSCF0181.jpg,cattle_5844,30,train
BeefCattle_Muzzle_database/BeefCattle_Muzzle_Individualized/cattle_5844/cattle_5844_DSCF0180.jpg,cattle_5844,30,train
BeefCattle_Muzzle_database/BeefCattle_Muzzle_Individualized/cattle_5844/cattle_5844_DSCF0175.jpg,cattle_5844,30,val
BeefCattle_Muzzle_database/BeefCattle_Muzzle_Individualized/cattle_5844/cattle_5844_DSCF0164.jpg,cattle_5844,30,val
BeefCattle_Muzzle_database/BeefCattle_Muzzle_Individualized/cattle_5844/cattle_5844_DSCF0174.jpg,cattle_5844,30,val
BeefCattle_Muzzle_database/BeefCattle_Muzzle_Individualized/cattle_5844/cattle_5844_DSCF0163.jpg,cattle_5844,30,val
BeefCattle_Muzzle_database/BeefCattle_Muzzle_Individualized/cattle_5844/cattle_5844_DSCF0189.jpg,cattle_5844,30,test
BeefCattle_Muzzle_database/BeefCattle_Muzzle_Individualized/cattle_5844/cattle_5844_DSCF0162.jpg,cattle_5844,30,test
BeefCattle_Muzzle_database/BeefCattle_Muzzle_Individualized/cattle_5844/cattle_5844_DSCF0168.jpg,cattle_5844,30,test
BeefCattle_Muzzle_database/BeefCattle_Muzzle_Individualized/cattle_5844/cattle_5844_DSCF0188.jpg,cattle_5844,30,test
BeefCattle_Muzzle_database/BeefCattle_Muzzle_Individualized/cattle_5844/cattle_5844_DSCF0184.jpg,cattle_5844,30,test
BeefCattle_Muzzle_database/BeefCattle_Muzzle_Individualized/cattle_5886/cattle_5886_DSCF0740.jpg,cattle_5886,25,train
BeefCattle_Muzzle_database/BeefCattle_Muzzle_Individualized/cattle_5886/cattle_5886_DSCF0729.jpg,cattle_5886,25,train
BeefCattle_Muzzle_database/BeefCattle_Muzzle_Individualized/cattle_5886/cattle_5886_DSCF0742.jpg,cattle_5886,25,train
BeefCattle_Muzzle_database/BeefCattle_Muzzle_Individualized/cattle_5886/cattle_5886_DSCF0737.jpg,cattle_5886,25,train
BeefCattle_Muzzle_database/BeefCattle_Muzzle_Individualized/cattle_5886/cattle_5886_DSCF0727.jpg,cattle_5886,25,train
BeefCattle_Muzzle_database/BeefCattle_Muzzle_Individualized/cattle_5886/cattle_5886_DSCF0745.jpg,cattle_5886,25,train
BeefCattle_Muzzle_database/BeefCattle_Muzzle_Individualized/cattle_5886/cattle_5886_DSCF0744.jpg,cattle_5886,25,train
BeefCattle_Muzzle_database/BeefCattle_Muzzle_Individualized/cattle_5886/cattle_5886_DSCF0728.jpg,cattle_5886,25,train
BeefCattle_Muzzle_database/BeefCattle_Muzzle_Individualized/cattle_5886/cattle_5886_DSCF0738.jpg,cattle_5886,25,train
BeefCattle_Muzzle_database/BeefCattle_Muzzle_Individualized/cattle_5886/cattle_5886_DSCF0735.jpg,cattle_5886,25,train
BeefCattle_Muzzle_database/BeefCattle_Muzzle_Individualized/cattle_5886/cattle_5886_DSCF0730.jpg,cattle_5886,25,train
BeefCattle_Muzzle_database/BeefCattle_Muzzle_Individualized/cattle_5886/cattle_5886_DSCF0724.jpg,cattle_5886,25,train
BeefCattle_Muzzle_database/BeefCattle_Muzzle_Individualized/cattle_5886/cattle_5886_DSCF0743.jpg,cattle_5886,25,train
BeefCattle_Muzzle_database/BeefCattle_Muzzle_Individualized/cattle_5886/cattle_5886_DSCF0732.jpg,cattle_5886,25,train
BeefCattle_Muzzle_database/BeefCattle_Muzzle_Individualized/cattle_5886/cattle_5886_DSCF0734.jpg,cattle_5886,25,train
BeefCattle_Muzzle_database/BeefCattle_Muzzle_Individualized/cattle_5886/cattle_5886_DSCF0741.jpg,cattle_5886,25,train
BeefCattle_Muzzle_database/BeefCattle_Muzzle_Individualized/cattle_5886/cattle_5886_DSCF0725.jpg,cattle_5886,25,train
BeefCattle_Muzzle_database/BeefCattle_Muzzle_Individualized/cattle_5886/cattle_5886_DSCF0739.jpg,cattle_5886,25,val
BeefCattle_Muzzle_database/BeefCattle_Muzzle_Individualized/cattle_5886/cattle_5886_DSCF0747.jpg,cattle_5886,25,val
BeefCattle_Muzzle_database/BeefCattle_Muzzle_Individualized/cattle_5886/cattle_5886_DSCF0736.jpg,cattle_5886,25,val
BeefCattle_Muzzle_database/BeefCattle_Muzzle_Individualized/cattle_5886/cattle_5886_DSCF0733.jpg,cattle_5886,25,test
BeefCattle_Muzzle_database/BeefCattle_Muzzle_Individualized/cattle_5886/cattle_5886_DSCF0723.jpg,cattle_5886,25,test
BeefCattle_Muzzle_database/BeefCattle_Muzzle_Individualized/cattle_5886/cattle_5886_DSCF0726.jpg,cattle_5886,25,test
BeefCattle_Muzzle_database/BeefCattle_Muzzle_Individualized/cattle_5886/cattle_5886_DSCF0731.jpg,cattle_5886,25,test
BeefCattle_Muzzle_database/BeefCattle_Muzzle_Individualized/cattle_5886/cattle_5886_DSCF0746.jpg,cattle_5886,25,test
BeefCattle_Muzzle_database/BeefCattle_Muzzle_Individualized/cattle_5932/cattle_5932_DSCF0639.jpg,cattle_5932,38,train
BeefCattle_Muzzle_database/BeefCattle_Muzzle_Individualized/cattle_5932/cattle_5932_DSCF0667.jpg,cattle_5932,38,train
BeefCattle_Muzzle_database/BeefCattle_Muzzle_Individualized/cattle_5932/cattle_5932_DSCF0670.jpg,cattle_5932,38,train
BeefCattle_Muzzle_database/BeefCattle_Muzzle_Individualized/cattle_5932/cattle_5932_DSCF0661.jpg,cattle_5932,38,train
BeefCattle_Muzzle_database/BeefCattle_Muzzle_Individualized/cattle_5932/cattle_5932_DSCF0664.jpg,cattle_5932,38,train
BeefCattle_Muzzle_database/BeefCattle_Muzzle_Individualized/cattle_5932/cattle_5932_DSCF0644.jpg,cattle_5932,38,train
BeefCattle_Muzzle_database/BeefCattle_Muzzle_Individualized/cattle_5932/cattle_5932_DSCF0654.jpg,cattle_5932,38,train
BeefCattle_Muzzle_database/BeefCattle_Muzzle_Individualized/cattle_5932/cattle_5932_DSCF0673.jpg,cattle_5932,38,train
BeefCattle_Muzzle_database/BeefCattle_Muzzle_Individualized/cattle_5932/cattle_5932_DSCF0659.jpg,cattle_5932,38,train
BeefCattle_Muzzle_database/BeefCattle_Muzzle_Individualized/cattle_5932/cattle_5932_DSCF0645.jpg,cattle_5932,38,train
BeefCattle_Muzzle_database/BeefCattle_Muzzle_Individualized/cattle_5932/cattle_5932_DSCF0656.jpg,cattle_5932,38,train
BeefCattle_Muzzle_database/BeefCattle_Muzzle_Individualized/cattle_5932/cattle_5932_DSCF0658.jpg,cattle_5932,38,train
BeefCattle_Muzzle_database/BeefCattle_Muzzle_Individualized/cattle_5932/cattle_5932_DSCF0657.jpg,cattle_5932,38,train
BeefCattle_Muzzle_database/BeefCattle_Muzzle_Individualized/cattle_5932/cattle_5932_DSCF0660.jpg,cattle_5932,38,train
BeefCattle_Muzzle_database/BeefCattle_Muzzle_Individualized/cattle_5932/cattle_5932_DSCF0672.jpg,cattle_5932,38,train
BeefCattle_Muzzle_database/BeefCattle_Muzzle_Individualized/cattle_5932/cattle_5932_DSCF0655.jpg,cattle_5932,38,train
BeefCattle_Muzzle_database/BeefCattle_Muzzle_Individualized/cattle_5932/cattle_5932_DSCF0646.jpg,cattle_5932,38,train
BeefCattle_Muzzle_database/BeefCattle_Muzzle_Individualized/cattle_5932/cattle_5932_DSCF0665.jpg,cattle_5932,38,train
BeefCattle_Muzzle_database/BeefCattle_Muzzle_Individualized/cattle_5932/cattle_5932_DSCF0649.jpg,cattle_5932,38,train
BeefCattle_Muzzle_database/BeefCattle_Muzzle_Individualized/cattle_5932/cattle_5932_DSCF0653.jpg,cattle_5932,38,train
BeefCattle_Muzzle_database/BeefCattle_Muzzle_Individualized/cattle_5932/cattle_5932_DSCF0662.jpg,cattle_5932,38,train
BeefCattle_Muzzle_database/BeefCattle_Muzzle_Individualized/cattle_5932/cattle_5932_DSCF0641.jpg,cattle_5932,38,train
BeefCattle_Muzzle_database/BeefCattle_Muzzle_Individualized/cattle_5932/cattle_5932_DSCF0640.jpg,cattle_5932,38,train
BeefCattle_Muzzle_database/BeefCattle_Muzzle_Individualized/cattle_5932/cattle_5932_DSCF0648.jpg,cattle_5932,38,train
BeefCattle_Muzzle_database/BeefCattle_Muzzle_Individualized/cattle_5932/cattle_5932_DSCF0647.jpg,cattle_5932,38,train
BeefCattle_Muzzle_database/BeefCattle_Muzzle_Individualized/cattle_5932/cattle_5932_DSCF0651.jpg,cattle_5932,38,train
BeefCattle_Muzzle_database/BeefCattle_Muzzle_Individualized/cattle_5932/cattle_5932_DSCF0637.jpg,cattle_5932,38,val
BeefCattle_Muzzle_database/BeefCattle_Muzzle_Individualized/cattle_5932/cattle_5932_DSCF0671.jpg,cattle_5932,38,val
BeefCattle_Muzzle_database/BeefCattle_Muzzle_Individualized/cattle_5932/cattle_5932_DSCF0669.jpg,cattle_5932,38,val
BeefCattle_Muzzle_database/BeefCattle_Muzzle_Individualized/cattle_5932/cattle_5932_DSCF0666.jpg,cattle_5932,38,val
BeefCattle_Muzzle_database/BeefCattle_Muzzle_Individualized/cattle_5932/cattle_5932_DSCF0663.jpg,cattle_5932,38,val
BeefCattle_Muzzle_database/BeefCattle_Muzzle_Individualized/cattle_5932/cattle_5932_DSCF0638.jpg,cattle_5932,38,test
BeefCattle_Muzzle_database/BeefCattle_Muzzle_Individualized/cattle_5932/cattle_5932_DSCF0636.jpg,cattle_5932,38,test
BeefCattle_Muzzle_database/BeefCattle_Muzzle_Individualized/cattle_5932/cattle_5932_DSCF0668.jpg,cattle_5932,38,test
BeefCattle_Muzzle_database/BeefCattle_Muzzle_Individualized/cattle_5932/cattle_5932_DSCF0650.jpg,cattle_5932,38,test
BeefCattle_Muzzle_database/BeefCattle_Muzzle_Individualized/cattle_5932/cattle_5932_DSCF0643.jpg,cattle_5932,38,test
BeefCattle_Muzzle_database/BeefCattle_Muzzle_Individualized/cattle_5932/cattle_5932_DSCF0642.jpg,cattle_5932,38,test
BeefCattle_Muzzle_database/BeefCattle_Muzzle_Individualized/cattle_5932/cattle_5932_DSCF0652.jpg,cattle_5932,38,test
BeefCattle_Muzzle_database/BeefCattle_Muzzle_Individualized/cattle_5953/cattle_5953_DSCF1189.jpg,cattle_5953,30,train
BeefCattle_Muzzle_database/BeefCattle_Muzzle_Individualized/cattle_5953/cattle_5953_DSCF1175.jpg,cattle_5953,30,train
BeefCattle_Muzzle_database/BeefCattle_Muzzle_Individualized/cattle_5953/cattle_5953_DSCF1186.jpg,cattle_5953,30,train
BeefCattle_Muzzle_database/BeefCattle_Muzzle_Individualized/cattle_5953/cattle_5953_DSCF1188.jpg,cattle_5953,30,train
BeefCattle_Muzzle_database/BeefCattle_Muzzle_Individualized/cattle_5953/cattle_5953_DSCF1168.jpg,cattle_5953,30,train
BeefCattle_Muzzle_database/BeefCattle_Muzzle_Individualized/cattle_5953/cattle_5953_DSCF1171.jpg,cattle_5953,30,train
BeefCattle_Muzzle_database/BeefCattle_Muzzle_Individualized/cattle_5953/cattle_5953_DSCF1190.jpg,cattle_5953,30,train
BeefCattle_Muzzle_database/BeefCattle_Muzzle_Individualized/cattle_5953/cattle_5953_DSCF1196.jpg,cattle_5953,30,train
BeefCattle_Muzzle_database/BeefCattle_Muzzle_Individualized/cattle_5953/cattle_5953_DSCF1187.jpg,cattle_5953,30,train
BeefCattle_Muzzle_database/BeefCattle_Muzzle_Individualized/cattle_5953/cattle_5953_DSCF1180.jpg,cattle_5953,30,train
BeefCattle_Muzzle_database/BeefCattle_Muzzle_Individualized/cattle_5953/cattle_5953_DSCF1172.jpg,cattle_5953,30,train
BeefCattle_Muzzle_database/BeefCattle_Muzzle_Individualized/cattle_5953/cattle_5953_DSCF1174.jpg,cattle_5953,30,train
BeefCattle_Muzzle_database/BeefCattle_Muzzle_Individualized/cattle_5953/cattle_5953_DSCF1170.jpg,cattle_5953,30,train
BeefCattle_Muzzle_database/BeefCattle_Muzzle_Individualized/cattle_5953/cattle_5953_DSCF1182.jpg,cattle_5953,30,train
BeefCattle_Muzzle_database/BeefCattle_Muzzle_Individualized/cattle_5953/cattle_5953_DSCF1185.jpg,cattle_5953,30,train
BeefCattle_Muzzle_database/BeefCattle_Muzzle_Individualized/cattle_5953/cattle_5953_DSCF1183.jpg,cattle_5953,30,train
BeefCattle_Muzzle_database/BeefCattle_Muzzle_Individualized/cattle_5953/cattle_5953_DSCF1192.jpg,cattle_5953,30,train
BeefCattle_Muzzle_database/BeefCattle_Muzzle_Individualized/cattle_5953/cattle_5953_DSCF1173.jpg,cattle_5953,30,train
BeefCattle_Muzzle_database/BeefCattle_Muzzle_Individualized/cattle_5953/cattle_5953_DSCF1178.jpg,cattle_5953,30,train
BeefCattle_Muzzle_database/BeefCattle_Muzzle_Individualized/cattle_5953/cattle_5953_DSCF1167.jpg,cattle_5953,30,train
BeefCattle_Muzzle_database/BeefCattle_Muzzle_Individualized/cattle_5953/cattle_5953_DSCF1194.jpg,cattle_5953,30,train
BeefCattle_Muzzle_database/BeefCattle_Muzzle_Individualized/cattle_5953/cattle_5953_DSCF1184.jpg,cattle_5953,30,val
BeefCattle_Muzzle_database/BeefCattle_Muzzle_Individualized/cattle_5953/cattle_5953_DSCF1195.jpg,cattle_5953,30,val
BeefCattle_Muzzle_database/BeefCattle_Muzzle_Individualized/cattle_5953/cattle_5953_DSCF1177.jpg,cattle_5953,30,val
BeefCattle_Muzzle_database/BeefCattle_Muzzle_Individualized/cattle_5953/cattle_5953_DSCF1193.jpg,cattle_5953,30,val
BeefCattle_Muzzle_database/BeefCattle_Muzzle_Individualized/cattle_5953/cattle_5953_DSCF1191.jpg,cattle_5953,30,test
BeefCattle_Muzzle_database/BeefCattle_Muzzle_Individualized/cattle_5953/cattle_5953_DSCF1176.jpg,cattle_5953,30,test
BeefCattle_Muzzle_database/BeefCattle_Muzzle_Individualized/cattle_5953/cattle_5953_DSCF1181.jpg,cattle_5953,30,test
BeefCattle_Muzzle_database/BeefCattle_Muzzle_Individualized/cattle_5953/cattle_5953_DSCF1169.jpg,cattle_5953,30,test
BeefCattle_Muzzle_database/BeefCattle_Muzzle_Individualized/cattle_5953/cattle_5953_DSCF1179.jpg,cattle_5953,30,test
BeefCattle_Muzzle_database/BeefCattle_Muzzle_Individualized/cattle_5971/cattle_5971_DSCF0348.jpg,cattle_5971,45,train
BeefCattle_Muzzle_database/BeefCattle_Muzzle_Individualized/cattle_5971/cattle_5971_DSCF0334.jpg,cattle_5971,45,train
BeefCattle_Muzzle_database/BeefCattle_Muzzle_Individualized/cattle_5971/cattle_5971_DSCF0347.jpg,cattle_5971,45,train
BeefCattle_Muzzle_database/BeefCattle_Muzzle_Individualized/cattle_5971/cattle_5971_DSCF0335.jpg,cattle_5971,45,train
BeefCattle_Muzzle_database/BeefCattle_Muzzle_Individualized/cattle_5971/cattle_5971_DSCF0340.jpg,cattle_5971,45,train
BeefCattle_Muzzle_database/BeefCattle_Muzzle_Individualized/cattle_5971/cattle_5971_DSCF0337.jpg,cattle_5971,45,train
BeefCattle_Muzzle_database/BeefCattle_Muzzle_Individualized/cattle_5971/cattle_5971_DSCF0322.jpg,cattle_5971,45,train
BeefCattle_Muzzle_database/BeefCattle_Muzzle_Individualized/cattle_5971/cattle_5971_DSCF0329.jpg,cattle_5971,45,train
BeefCattle_Muzzle_database/BeefCattle_Muzzle_Individualized/cattle_5971/cattle_5971_DSCF0354.jpg,cattle_5971,45,train
BeefCattle_Muzzle_database/BeefCattle_Muzzle_Individualized/cattle_5971/cattle_5971_DSCF0352.jpg,cattle_5971,45,train
BeefCattle_Muzzle_database/BeefCattle_Muzzle_Individualized/cattle_5971/cattle_5971_DSCF0326.jpg,cattle_5971,45,train
BeefCattle_Muzzle_database/BeefCattle_Muzzle_Individualized/cattle_5971/cattle_5971_DSCF0353.jpg,cattle_5971,45,train
BeefCattle_Muzzle_database/BeefCattle_Muzzle_Individualized/cattle_5971/cattle_5971_DSCF0359.jpg,cattle_5971,45,train
BeefCattle_Muzzle_database/BeefCattle_Muzzle_Individualized/cattle_5971/cattle_5971_DSCF0355.jpg,cattle_5971,45,train
BeefCattle_Muzzle_database/BeefCattle_Muzzle_Individualized/cattle_5971/cattle_5971_DSCF0327.jpg,cattle_5971,45,train
BeefCattle_Muzzle_database/BeefCattle_Muzzle_Individualized/cattle_5971/cattle_5971_DSCF0345.jpg,cattle_5971,45,train
BeefCattle_Muzzle_database/BeefCattle_Muzzle_Individualized/cattle_5971/cattle_5971_DSCF0344.jpg,cattle_5971,45,train
BeefCattle_Muzzle_database/BeefCattle_Muzzle_Individualized/cattle_5971/cattle_5971_DSCF0320.jpg,cattle_5971,45,train
BeefCattle_Muzzle_database/BeefCattle_Muzzle_Individualized/cattle_5971/cattle_5971_DSCF0342.jpg,cattle_5971,45,train
BeefCattle_Muzzle_database/BeefCattle_Muzzle_Individualized/cattle_5971/cattle_5971_DSCF0360.jpg,cattle_5971,45,train
BeefCattle_Muzzle_database/BeefCattle_Muzzle_Individualized/cattle_5971/cattle_5971_DSCF0328.jpg,cattle_5971,45,train
BeefCattle_Muzzle_database/BeefCattle_Muzzle_Individualized/cattle_5971/cattle_5971_DSCF0350.jpg,cattle_5971,45,train
BeefCattle_Muzzle_database/BeefCattle_Muzzle_Individualized/cattle_5971/cattle_5971_DSCF0333.jpg,cattle_5971,45,train
BeefCattle_Muzzle_database/BeefCattle_Muzzle_Individualized/cattle_5971/cattle_5971_DSCF0324.jpg,cattle_5971,45,train
BeefCattle_Muzzle_database/BeefCattle_Muzzle_Individualized/cattle_5971/cattle_5971_DSCF0346.jpg,cattle_5971,45,train
BeefCattle_Muzzle_database/BeefCattle_Muzzle_Individualized/cattle_5971/cattle_5971_DSCF0319.jpg,cattle_5971,45,train
BeefCattle_Muzzle_database/BeefCattle_Muzzle_Individualized/cattle_5971/cattle_5971_DSCF0325.jpg,cattle_5971,45,train
BeefCattle_Muzzle_database/BeefCattle_Muzzle_Individualized/cattle_5971/cattle_5971_DSCF0358.jpg,cattle_5971,45,train
BeefCattle_Muzzle_database/BeefCattle_Muzzle_Individualized/cattle_5971/cattle_5971_DSCF0321.jpg,cattle_5971,45,train
BeefCattle_Muzzle_database/BeefCattle_Muzzle_Individualized/cattle_5971/cattle_5971_DSCF0361.jpg,cattle_5971,45,train
BeefCattle_Muzzle_database/BeefCattle_Muzzle_Individualized/cattle_5971/cattle_5971_DSCF0349.jpg,cattle_5971,45,train
BeefCattle_Muzzle_database/BeefCattle_Muzzle_Individualized/cattle_5971/cattle_5971_DSCF0343.jpg,cattle_5971,45,val
BeefCattle_Muzzle_database/BeefCattle_Muzzle_Individualized/cattle_5971/cattle_5971_DSCF0332.jpg,cattle_5971,45,val
BeefCattle_Muzzle_database/BeefCattle_Muzzle_Individualized/cattle_5971/cattle_5971_DSCF0330.jpg,cattle_5971,45,val
BeefCattle_Muzzle_database/BeefCattle_Muzzle_Individualized/cattle_5971/cattle_5971_DSCF0323.jpg,cattle_5971,45,val
BeefCattle_Muzzle_database/BeefCattle_Muzzle_Individualized/cattle_5971/cattle_5971_DSCF0336.jpg,cattle_5971,45,val
BeefCattle_Muzzle_database/BeefCattle_Muzzle_Individualized/cattle_5971/cattle_5971_DSCF0341.jpg,cattle_5971,45,val
BeefCattle_Muzzle_database/BeefCattle_Muzzle_Individualized/cattle_5971/cattle_5971_DSCF0356.jpg,cattle_5971,45,test
BeefCattle_Muzzle_database/BeefCattle_Muzzle_Individualized/cattle_5971/cattle_5971_DSCF0338.jpg,cattle_5971,45,test
BeefCattle_Muzzle_database/BeefCattle_Muzzle_Individualized/cattle_5971/cattle_5971_DSCF0317.jpg,cattle_5971,45,test
BeefCattle_Muzzle_database/BeefCattle_Muzzle_Individualized/cattle_5971/cattle_5971_DSCF0357.jpg,cattle_5971,45,test
BeefCattle_Muzzle_database/BeefCattle_Muzzle_Individualized/cattle_5971/cattle_5971_DSCF0339.jpg,cattle_5971,45,test
BeefCattle_Muzzle_database/BeefCattle_Muzzle_Individualized/cattle_5971/cattle_5971_DSCF0351.jpg,cattle_5971,45,test
BeefCattle_Muzzle_database/BeefCattle_Muzzle_Individualized/cattle_5971/cattle_5971_DSCF0331.jpg,cattle_5971,45,test
BeefCattle_Muzzle_database/BeefCattle_Muzzle_Individualized/cattle_5971/cattle_5971_DSCF0318.jpg,cattle_5971,45,test
BeefCattle_Muzzle_database/BeefCattle_Muzzle_Individualized/cattle_6011/cattle_6011_DSCF1030.jpg,cattle_6011,32,train
BeefCattle_Muzzle_database/BeefCattle_Muzzle_Individualized/cattle_6011/cattle_6011_DSCF1018.jpg,cattle_6011,32,train
BeefCattle_Muzzle_database/BeefCattle_Muzzle_Individualized/cattle_6011/cattle_6011_DSCF1001.jpg,cattle_6011,32,train
BeefCattle_Muzzle_database/BeefCattle_Muzzle_Individualized/cattle_6011/cattle_6011_DSCF1010.jpg,cattle_6011,32,train
BeefCattle_Muzzle_database/BeefCattle_Muzzle_Individualized/cattle_6011/cattle_6011_DSCF1012.jpg,cattle_6011,32,train
BeefCattle_Muzzle_database/BeefCattle_Muzzle_Individualized/cattle_6011/cattle_6011_DSCF1031.jpg,cattle_6011,32,train
BeefCattle_Muzzle_database/BeefCattle_Muzzle_Individualized/cattle_6011/cattle_6011_DSCF1014.jpg,cattle_6011,32,train
BeefCattle_Muzzle_database/BeefCattle_Muzzle_Individualized/cattle_6011/cattle_6011_DSCF1017.jpg,cattle_6011,32,train
BeefCattle_Muzzle_database/BeefCattle_Muzzle_Individualized/cattle_6011/cattle_6011_DSCF1013.jpg,cattle_6011,32,train
BeefCattle_Muzzle_database/BeefCattle_Muzzle_Individualized/cattle_6011/cattle_6011_DSCF1025.jpg,cattle_6011,32,train
BeefCattle_Muzzle_database/BeefCattle_Muzzle_Individualized/cattle_6011/cattle_6011_DSCF1002.jpg,cattle_6011,32,train
BeefCattle_Muzzle_database/BeefCattle_Muzzle_Individualized/cattle_6011/cattle_6011_DSCF1022.jpg,cattle_6011,32,train
BeefCattle_Muzzle_database/BeefCattle_Muzzle_Individualized/cattle_6011/cattle_6011_DSCF1016.jpg,cattle_6011,32,train
BeefCattle_Muzzle_database/BeefCattle_Muzzle_Individualized/cattle_6011/cattle_6011_DSCF1032.jpg,cattle_6011,32,train
BeefCattle_Muzzle_database/BeefCattle_Muzzle_Individualized/cattle_6011/cattle_6011_DSCF1029.jpg,cattle_6011,32,train
BeefCattle_Muzzle_database/BeefCattle_Muzzle_Individualized/cattle_6011/cattle_6011_DSCF1006.jpg,cattle_6011,32,train
BeefCattle_Muzzle_database/BeefCattle_Muzzle_Individualized/cattle_6011/cattle_6011_DSCF1020.jpg,cattle_6011,32,train
BeefCattle_Muzzle_database/BeefCattle_Muzzle_Individualized/cattle_6011/cattle_6011_DSCF1021.jpg,cattle_6011,32,train
BeefCattle_Muzzle_database/BeefCattle_Muzzle_Individualized/cattle_6011/cattle_6011_DSCF1004.jpg,cattle_6011,32,train
BeefCattle_Muzzle_database/BeefCattle_Muzzle_Individualized/cattle_6011/cattle_6011_DSCF1019.jpg,cattle_6011,32,train
BeefCattle_Muzzle_database/BeefCattle_Muzzle_Individualized/cattle_6011/cattle_6011_DSCF1005.jpg,cattle_6011,32,train
BeefCattle_Muzzle_database/BeefCattle_Muzzle_Individualized/cattle_6011/cattle_6011_DSCF1007.jpg,cattle_6011,32,train
BeefCattle_Muzzle_database/BeefCattle_Muzzle_Individualized/cattle_6011/cattle_6011_DSCF1003.jpg,cattle_6011,32,val
BeefCattle_Muzzle_database/BeefCattle_Muzzle_Individualized/cattle_6011/cattle_6011_DSCF1008.jpg,cattle_6011,32,val
BeefCattle_Muzzle_database/BeefCattle_Muzzle_Individualized/cattle_6011/cattle_6011_DSCF1009.jpg,cattle_6011,32,val
BeefCattle_Muzzle_database/BeefCattle_Muzzle_Individualized/cattle_6011/cattle_6011_DSCF1015.jpg,cattle_6011,32,val
BeefCattle_Muzzle_database/BeefCattle_Muzzle_Individualized/cattle_6011/cattle_6011_DSCF1028.jpg,cattle_6011,32,test
BeefCattle_Muzzle_database/BeefCattle_Muzzle_Individualized/cattle_6011/cattle_6011_DSCF1011.jpg,cattle_6011,32,test
BeefCattle_Muzzle_database/BeefCattle_Muzzle_Individualized/cattle_6011/cattle_6011_DSCF1024.jpg,cattle_6011,32,test
BeefCattle_Muzzle_database/BeefCattle_Muzzle_Individualized/cattle_6011/cattle_6011_DSCF1027.jpg,cattle_6011,32,test
BeefCattle_Muzzle_database/BeefCattle_Muzzle_Individualized/cattle_6011/cattle_6011_DSCF1023.jpg,cattle_6011,32,test
BeefCattle_Muzzle_database/BeefCattle_Muzzle_Individualized/cattle_6011/cattle_6011_DSCF1026.jpg,cattle_6011,32,test
BeefCattle_Muzzle_database/BeefCattle_Muzzle_Individualized/cattle_6012/cattle_6012_DSCF1024.jpg,cattle_6012,19,train
BeefCattle_Muzzle_database/BeefCattle_Muzzle_Individualized/cattle_6012/cattle_6012_DSCF1031.jpg,cattle_6012,19,train
BeefCattle_Muzzle_database/BeefCattle_Muzzle_Individualized/cattle_6012/cattle_6012_DSCF1022.jpg,cattle_6012,19,train
BeefCattle_Muzzle_database/BeefCattle_Muzzle_Individualized/cattle_6012/cattle_6012_DSCF1021.jpg,cattle_6012,19,train
BeefCattle_Muzzle_database/BeefCattle_Muzzle_Individualized/cattle_6012/cattle_6012_DSCF1025.jpg,cattle_6012,19,train
BeefCattle_Muzzle_database/BeefCattle_Muzzle_Individualized/cattle_6012/cattle_6012_DSCF1014.jpg,cattle_6012,19,train
BeefCattle_Muzzle_database/BeefCattle_Muzzle_Individualized/cattle_6012/cattle_6012_DSCF1018.jpg,cattle_6012,19,train
BeefCattle_Muzzle_database/BeefCattle_Muzzle_Individualized/cattle_6012/cattle_6012_DSCF1029.jpg,cattle_6012,19,train
BeefCattle_Muzzle_database/BeefCattle_Muzzle_Individualized/cattle_6012/cattle_6012_DSCF1026.jpg,cattle_6012,19,train
BeefCattle_Muzzle_database/BeefCattle_Muzzle_Individualized/cattle_6012/cattle_6012_DSCF1017.jpg,cattle_6012,19,train
BeefCattle_Muzzle_database/BeefCattle_Muzzle_Individualized/cattle_6012/cattle_6012_DSCF1030.jpg,cattle_6012,19,train
BeefCattle_Muzzle_database/BeefCattle_Muzzle_Individualized/cattle_6012/cattle_6012_DSCF1016.jpg,cattle_6012,19,train
BeefCattle_Muzzle_database/BeefCattle_Muzzle_Individualized/cattle_6012/cattle_6012_DSCF1032.jpg,cattle_6012,19,train
BeefCattle_Muzzle_database/BeefCattle_Muzzle_Individualized/cattle_6012/cattle_6012_DSCF1028.jpg,cattle_6012,19,val
BeefCattle_Muzzle_database/BeefCattle_Muzzle_Individualized/cattle_6012/cattle_6012_DSCF1027.jpg,cattle_6012,19,val
BeefCattle_Muzzle_database/BeefCattle_Muzzle_Individualized/cattle_6012/cattle_6012_DSCF1020.jpg,cattle_6012,19,test
BeefCattle_Muzzle_database/BeefCattle_Muzzle_Individualized/cattle_6012/cattle_6012_DSCF1015.jpg,cattle_6012,19,test
BeefCattle_Muzzle_database/BeefCattle_Muzzle_Individualized/cattle_6012/cattle_6012_DSCF1023.jpg,cattle_6012,19,test
BeefCattle_Muzzle_database/BeefCattle_Muzzle_Individualized/cattle_6012/cattle_6012_DSCF1019.jpg,cattle_6012,19,test
BeefCattle_Muzzle_database/BeefCattle_Muzzle_Individualized/cattle_6017/cattle_6017_DSCF6712.jpg,cattle_6017,12,train
BeefCattle_Muzzle_database/BeefCattle_Muzzle_Individualized/cattle_6017/cattle_6017_DSCF6709.jpg,cattle_6017,12,train
BeefCattle_Muzzle_database/BeefCattle_Muzzle_Individualized/cattle_6017/cattle_6017_DSCF6711.jpg,cattle_6017,12,train
BeefCattle_Muzzle_database/BeefCattle_Muzzle_Individualized/cattle_6017/cattle_6017_DSCF6708.jpg,cattle_6017,12,train
BeefCattle_Muzzle_database/BeefCattle_Muzzle_Individualized/cattle_6017/cattle_6017_DSCF6720.jpg,cattle_6017,12,train
BeefCattle_Muzzle_database/BeefCattle_Muzzle_Individualized/cattle_6017/cattle_6017_DSCF6719.jpg,cattle_6017,12,train
BeefCattle_Muzzle_database/BeefCattle_Muzzle_Individualized/cattle_6017/cattle_6017_DSCF6707.jpg,cattle_6017,12,train
BeefCattle_Muzzle_database/BeefCattle_Muzzle_Individualized/cattle_6017/cattle_6017_DSCF6710.jpg,cattle_6017,12,train
BeefCattle_Muzzle_database/BeefCattle_Muzzle_Individualized/cattle_6017/cattle_6017_DSCF6717.jpg,cattle_6017,12,val
BeefCattle_Muzzle_database/BeefCattle_Muzzle_Individualized/cattle_6017/cattle_6017_DSCF6716.jpg,cattle_6017,12,test
BeefCattle_Muzzle_database/BeefCattle_Muzzle_Individualized/cattle_6017/cattle_6017_DSCF6715.jpg,cattle_6017,12,test
BeefCattle_Muzzle_database/BeefCattle_Muzzle_Individualized/cattle_6017/cattle_6017_DSCF6714.jpg,cattle_6017,12,test
BeefCattle_Muzzle_database/BeefCattle_Muzzle_Individualized/cattle_6022/cattle_6022_DSCF6920.jpg,cattle_6022,8,train
BeefCattle_Muzzle_database/BeefCattle_Muzzle_Individualized/cattle_6022/cattle_6022_DSCF6915.jpg,cattle_6022,8,train
BeefCattle_Muzzle_database/BeefCattle_Muzzle_Individualized/cattle_6022/cattle_6022_DSCF6916.jpg,cattle_6022,8,train
BeefCattle_Muzzle_database/BeefCattle_Muzzle_Individualized/cattle_6022/cattle_6022_DSCF6917.jpg,cattle_6022,8,train
BeefCattle_Muzzle_database/BeefCattle_Muzzle_Individualized/cattle_6022/cattle_6022_DSCF6918.jpg,cattle_6022,8,train
BeefCattle_Muzzle_database/BeefCattle_Muzzle_Individualized/cattle_6022/cattle_6022_DSCF6914.jpg,cattle_6022,8,val
BeefCattle_Muzzle_database/BeefCattle_Muzzle_Individualized/cattle_6022/cattle_6022_DSCF6919.jpg,cattle_6022,8,test
BeefCattle_Muzzle_database/BeefCattle_Muzzle_Individualized/cattle_6022/cattle_6022_DSCF6913.jpg,cattle_6022,8,test
BeefCattle_Muzzle_database/BeefCattle_Muzzle_Individualized/cattle_6038/cattle_6038_DSCF1414.jpg,cattle_6038,22,train
BeefCattle_Muzzle_database/BeefCattle_Muzzle_Individualized/cattle_6038/cattle_6038_DSCF1427.jpg,cattle_6038,22,train
BeefCattle_Muzzle_database/BeefCattle_Muzzle_Individualized/cattle_6038/cattle_6038_DSCF1422.jpg,cattle_6038,22,train
BeefCattle_Muzzle_database/BeefCattle_Muzzle_Individualized/cattle_6038/cattle_6038_DSCF1421.jpg,cattle_6038,22,train
BeefCattle_Muzzle_database/BeefCattle_Muzzle_Individualized/cattle_6038/cattle_6038_DSCF1416.jpg,cattle_6038,22,train
BeefCattle_Muzzle_database/BeefCattle_Muzzle_Individualized/cattle_6038/cattle_6038_DSCF1423.jpg,cattle_6038,22,train
BeefCattle_Muzzle_database/BeefCattle_Muzzle_Individualized/cattle_6038/cattle_6038_DSCF1425.jpg,cattle_6038,22,train
BeefCattle_Muzzle_database/BeefCattle_Muzzle_Individualized/cattle_6038/cattle_6038_DSCF1419.jpg,cattle_6038,22,train
BeefCattle_Muzzle_database/BeefCattle_Muzzle_Individualized/cattle_6038/cattle_6038_DSCF1415.jpg,cattle_6038,22,train
BeefCattle_Muzzle_database/BeefCattle_Muzzle_Individualized/cattle_6038/cattle_6038_DSCF1424.jpg,cattle_6038,22,train
BeefCattle_Muzzle_database/BeefCattle_Muzzle_Individualized/cattle_6038/cattle_6038_DSCF1426.jpg,cattle_6038,22,train
BeefCattle_Muzzle_database/BeefCattle_Muzzle_Individualized/cattle_6038/cattle_6038_DSCF1417.jpg,cattle_6038,22,train
BeefCattle_Muzzle_database/BeefCattle_Muzzle_Individualized/cattle_6038/cattle_6038_DSCF1420.jpg,cattle_6038,22,train
BeefCattle_Muzzle_database/BeefCattle_Muzzle_Individualized/cattle_6038/cattle_6038_DSCF1413.jpg,cattle_6038,22,train
BeefCattle_Muzzle_database/BeefCattle_Muzzle_Individualized/cattle_6038/cattle_6038_DSCF1411.jpg,cattle_6038,22,train
BeefCattle_Muzzle_database/BeefCattle_Muzzle_Individualized/cattle_6038/cattle_6038_DSCF1410.jpg,cattle_6038,22,val
BeefCattle_Muzzle_database/BeefCattle_Muzzle_Individualized/cattle_6038/cattle_6038_DSCF1429.jpg,cattle_6038,22,val
BeefCattle_Muzzle_database/BeefCattle_Muzzle_Individualized/cattle_6038/cattle_6038_DSCF1418.jpg,cattle_6038,22,val
BeefCattle_Muzzle_database/BeefCattle_Muzzle_Individualized/cattle_6038/cattle_6038_DSCF1428.jpg,cattle_6038,22,test
BeefCattle_Muzzle_database/BeefCattle_Muzzle_Individualized/cattle_6038/cattle_6038_DSCF1412.jpg,cattle_6038,22,test
BeefCattle_Muzzle_database/BeefCattle_Muzzle_Individualized/cattle_6038/cattle_6038_DSCF1430.jpg,cattle_6038,22,test
BeefCattle_Muzzle_database/BeefCattle_Muzzle_Individualized/cattle_6038/cattle_6038_DSCF1431.jpg,cattle_6038,22,test
BeefCattle_Muzzle_database/BeefCattle_Muzzle_Individualized/cattle_6066/cattle_6066_DSCF1347.jpg,cattle_6066,50,train
BeefCattle_Muzzle_database/BeefCattle_Muzzle_Individualized/cattle_6066/cattle_6066_DSCF1332.jpg,cattle_6066,50,train
BeefCattle_Muzzle_database/BeefCattle_Muzzle_Individualized/cattle_6066/cattle_6066_DSCF1353.jpg,cattle_6066,50,train
BeefCattle_Muzzle_database/BeefCattle_Muzzle_Individualized/cattle_6066/cattle_6066_DSCF1331.jpg,cattle_6066,50,train
BeefCattle_Muzzle_database/BeefCattle_Muzzle_Individualized/cattle_6066/cattle_6066_DSCF1338.jpg,cattle_6066,50,train
BeefCattle_Muzzle_database/BeefCattle_Muzzle_Individualized/cattle_6066/cattle_6066_DSCF1360.jpg,cattle_6066,50,train
BeefCattle_Muzzle_database/BeefCattle_Muzzle_Individualized/cattle_6066/cattle_6066_DSCF1315.jpg,cattle_6066,50,train
BeefCattle_Muzzle_database/BeefCattle_Muzzle_Individualized/cattle_6066/cattle_6066_DSCF1322.jpg,cattle_6066,50,train
BeefCattle_Muzzle_database/BeefCattle_Muzzle_Individualized/cattle_6066/cattle_6066_DSCF1326.jpg,cattle_6066,50,train
BeefCattle_Muzzle_database/BeefCattle_Muzzle_Individualized/cattle_6066/cattle_6066_DSCF1333.jpg,cattle_6066,50,train
BeefCattle_Muzzle_database/BeefCattle_Muzzle_Individualized/cattle_6066/cattle_6066_DSCF1357.jpg,cattle_6066,50,train
BeefCattle_Muzzle_database/BeefCattle_Muzzle_Individualized/cattle_6066/cattle_6066_DSCF1344.jpg,cattle_6066,50,train
BeefCattle_Muzzle_database/BeefCattle_Muzzle_Individualized/cattle_6066/cattle_6066_DSCF1317.jpg,cattle_6066,50,train
BeefCattle_Muzzle_database/BeefCattle_Muzzle_Individualized/cattle_6066/cattle_6066_DSCF1351.jpg,cattle_6066,50,train
BeefCattle_Muzzle_database/BeefCattle_Muzzle_Individualized/cattle_6066/cattle_6066_DSCF1356.jpg,cattle_6066,50,train
BeefCattle_Muzzle_database/BeefCattle_Muzzle_Individualized/cattle_6066/cattle_6066_DSCF1335.jpg,cattle_6066,50,train
BeefCattle_Muzzle_database/BeefCattle_Muzzle_Individualized/cattle_6066/cattle_6066_DSCF1312.jpg,cattle_6066,50,train
BeefCattle_Muzzle_database/BeefCattle_Muzzle_Individualized/cattle_6066/cattle_6066_DSCF1341.jpg,cattle_6066,50,train
BeefCattle_Muzzle_database/BeefCattle_Muzzle_Individualized/cattle_6066/cattle_6066_DSCF1319.jpg,cattle_6066,50,train
BeefCattle_Muzzle_database/BeefCattle_Muzzle_Individualized/cattle_6066/cattle_6066_DSCF1328.jpg,cattle_6066,50,train
BeefCattle_Muzzle_database/BeefCattle_Muzzle_Individualized/cattle_6066/cattle_6066_DSCF1318.jpg,cattle_6066,50,train
BeefCattle_Muzzle_database/BeefCattle_Muzzle_Individualized/cattle_6066/cattle_6066_DSCF1342.jpg,cattle_6066,50,train
BeefCattle_Muzzle_database/BeefCattle_Muzzle_Individualized/cattle_6066/cattle_6066_DSCF1316.jpg,cattle_6066,50,train
BeefCattle_Muzzle_database/BeefCattle_Muzzle_Individualized/cattle_6066/cattle_6066_DSCF1324.jpg,cattle_6066,50,train
BeefCattle_Muzzle_database/BeefCattle_Muzzle_Individualized/cattle_6066/cattle_6066_DSCF1320.jpg,cattle_6066,50,train
BeefCattle_Muzzle_database/BeefCattle_Muzzle_Individualized/cattle_6066/cattle_6066_DSCF1346.jpg,cattle_6066,50,train
BeefCattle_Muzzle_database/BeefCattle_Muzzle_Individualized/cattle_6066/cattle_6066_DSCF1361.jpg,cattle_6066,50,train
BeefCattle_Muzzle_database/BeefCattle_Muzzle_Individualized/cattle_6066/cattle_6066_DSCF1345.jpg,cattle_6066,50,train
BeefCattle_Muzzle_database/BeefCattle_Muzzle_Individualized/cattle_6066/cattle_6066_DSCF1349.jpg,cattle_6066,50,train
BeefCattle_Muzzle_database/BeefCattle_Muzzle_Individualized/cattle_6066/cattle_6066_DSCF1348.jpg,cattle_6066,50,train
BeefCattle_Muzzle_database/BeefCattle_Muzzle_Individualized/cattle_6066/cattle_6066_DSCF1352.jpg,cattle_6066,50,train
BeefCattle_Muzzle_database/BeefCattle_Muzzle_Individualized/cattle_6066/cattle_6066_DSCF1359.jpg,cattle_6066,50,train
BeefCattle_Muzzle_database/BeefCattle_Muzzle_Individualized/cattle_6066/cattle_6066_DSCF1330.jpg,cattle_6066,50,train
BeefCattle_Muzzle_database/BeefCattle_Muzzle_Individualized/cattle_6066/cattle_6066_DSCF1327.jpg,cattle_6066,50,train
BeefCattle_Muzzle_database/BeefCattle_Muzzle_Individualized/cattle_6066/cattle_6066_DSCF1314.jpg,cattle_6066,50,train
BeefCattle_Muzzle_database/BeefCattle_Muzzle_Individualized/cattle_6066/cattle_6066_DSCF1321.jpg,cattle_6066,50,val
BeefCattle_Muzzle_database/BeefCattle_Muzzle_Individualized/cattle_6066/cattle_6066_DSCF1340.jpg,cattle_6066,50,val
BeefCattle_Muzzle_database/BeefCattle_Muzzle_Individualized/cattle_6066/cattle_6066_DSCF1350.jpg,cattle_6066,50,val
BeefCattle_Muzzle_database/BeefCattle_Muzzle_Individualized/cattle_6066/cattle_6066_DSCF1329.jpg,cattle_6066,50,val
BeefCattle_Muzzle_database/BeefCattle_Muzzle_Individualized/cattle_6066/cattle_6066_DSCF1354.jpg,cattle_6066,50,val
BeefCattle_Muzzle_database/BeefCattle_Muzzle_Individualized/cattle_6066/cattle_6066_DSCF1325.jpg,cattle_6066,50,val
BeefCattle_Muzzle_database/BeefCattle_Muzzle_Individualized/cattle_6066/cattle_6066_DSCF1334.jpg,cattle_6066,50,val
BeefCattle_Muzzle_database/BeefCattle_Muzzle_Individualized/cattle_6066/cattle_6066_DSCF1323.jpg,cattle_6066,50,test
BeefCattle_Muzzle_database/BeefCattle_Muzzle_Individualized/cattle_6066/cattle_6066_DSCF1339.jpg,cattle_6066,50,test
BeefCattle_Muzzle_database/BeefCattle_Muzzle_Individualized/cattle_6066/cattle_6066_DSCF1355.jpg,cattle_6066,50,test
BeefCattle_Muzzle_database/BeefCattle_Muzzle_Individualized/cattle_6066/cattle_6066_DSCF1336.jpg,cattle_6066,50,test
BeefCattle_Muzzle_database/BeefCattle_Muzzle_Individualized/cattle_6066/cattle_6066_DSCF1313.jpg,cattle_6066,50,test
BeefCattle_Muzzle_database/BeefCattle_Muzzle_Individualized/cattle_6066/cattle_6066_DSCF1343.jpg,cattle_6066,50,test
BeefCattle_Muzzle_database/BeefCattle_Muzzle_Individualized/cattle_6066/cattle_6066_DSCF1337.jpg,cattle_6066,50,test
BeefCattle_Muzzle_database/BeefCattle_Muzzle_Individualized/cattle_6066/cattle_6066_DSCF1358.jpg,cattle_6066,50,test
BeefCattle_Muzzle_database/BeefCattle_Muzzle_Individualized/cattle_6071/cattle_6071_DSCF1081.jpg,cattle_6071,26,train
BeefCattle_Muzzle_database/BeefCattle_Muzzle_Individualized/cattle_6071/cattle_6071_DSCF1085.jpg,cattle_6071,26,train
BeefCattle_Muzzle_database/BeefCattle_Muzzle_Individualized/cattle_6071/cattle_6071_DSCF1089.jpg,cattle_6071,26,train
BeefCattle_Muzzle_database/BeefCattle_Muzzle_Individualized/cattle_6071/cattle_6071_DSCF1091.jpg,cattle_6071,26,train
BeefCattle_Muzzle_database/BeefCattle_Muzzle_Individualized/cattle_6071/cattle_6071_DSCF1092.jpg,cattle_6071,26,train
BeefCattle_Muzzle_database/BeefCattle_Muzzle_Individualized/cattle_6071/cattle_6071_DSCF1094.jpg,cattle_6071,26,train
BeefCattle_Muzzle_database/BeefCattle_Muzzle_Individualized/cattle_6071/cattle_6071_DSCF1074.jpg,cattle_6071,26,train
BeefCattle_Muzzle_database/BeefCattle_Muzzle_Individualized/cattle_6071/cattle_6071_DSCF1078.jpg,cattle_6071,26,train
BeefCattle_Muzzle_database/BeefCattle_Muzzle_Individualized/cattle_6071/cattle_6071_DSCF1084.jpg,cattle_6071,26,train
BeefCattle_Muzzle_database/BeefCattle_Muzzle_Individualized/cattle_6071/cattle_6071_DSCF1097.jpg,cattle_6071,26,train
BeefCattle_Muzzle_database/BeefCattle_Muzzle_Individualized/cattle_6071/cattle_6071_DSCF1095.jpg,cattle_6071,26,train
BeefCattle_Muzzle_database/BeefCattle_Muzzle_Individualized/cattle_6071/cattle_6071_DSCF1076.jpg,cattle_6071,26,train
BeefCattle_Muzzle_database/BeefCattle_Muzzle_Individualized/cattle_6071/cattle_6071_DSCF1086.jpg,cattle_6071,26,train
BeefCattle_Muzzle_database/BeefCattle_Muzzle_Individualized/cattle_6071/cattle_6071_DSCF1082.jpg,cattle_6071,26,train
BeefCattle_Muzzle_database/BeefCattle_Muzzle_Individualized/cattle_6071/cattle_6071_DSCF1093.jpg,cattle_6071,26,train
BeefCattle_Muzzle_database/BeefCattle_Muzzle_Individualized/cattle_6071/cattle_6071_DSCF1075.jpg,cattle_6071,26,train
BeefCattle_Muzzle_database/BeefCattle_Muzzle_Individualized/cattle_6071/cattle_6071_DSCF1077.jpg,cattle_6071,26,train
BeefCattle_Muzzle_database/BeefCattle_Muzzle_Individualized/cattle_6071/cattle_6071_DSCF1079.jpg,cattle_6071,26,train
BeefCattle_Muzzle_database/BeefCattle_Muzzle_Individualized/cattle_6071/cattle_6071_DSCF1090.jpg,cattle_6071,26,val
BeefCattle_Muzzle_database/BeefCattle_Muzzle_Individualized/cattle_6071/cattle_6071_DSCF1083.jpg,cattle_6071,26,val
BeefCattle_Muzzle_database/BeefCattle_Muzzle_Individualized/cattle_6071/cattle_6071_DSCF1088.jpg,cattle_6071,26,val
BeefCattle_Muzzle_database/BeefCattle_Muzzle_Individualized/cattle_6071/cattle_6071_DSCF1087.jpg,cattle_6071,26,test
BeefCattle_Muzzle_database/BeefCattle_Muzzle_Individualized/cattle_6071/cattle_6071_DSCF1073.jpg,cattle_6071,26,test
BeefCattle_Muzzle_database/BeefCattle_Muzzle_Individualized/cattle_6071/cattle_6071_DSCF1080.jpg,cattle_6071,26,test
BeefCattle_Muzzle_database/BeefCattle_Muzzle_Individualized/cattle_6071/cattle_6071_DSCF1096.jpg,cattle_6071,26,test
BeefCattle_Muzzle_database/BeefCattle_Muzzle_Individualized/cattle_6071/cattle_6071_DSCF1072.jpg,cattle_6071,26,test
BeefCattle_Muzzle_database/BeefCattle_Muzzle_Individualized/cattle_6084/cattle_6084_DSCF0490.jpg,cattle_6084,36,train
BeefCattle_Muzzle_database/BeefCattle_Muzzle_Individualized/cattle_6084/cattle_6084_DSCF0493.jpg,cattle_6084,36,train
BeefCattle_Muzzle_database/BeefCattle_Muzzle_Individualized/cattle_6084/cattle_6084_DSCF0500.jpg,cattle_6084,36,train
BeefCattle_Muzzle_database/BeefCattle_Muzzle_Individualized/cattle_6084/cattle_6084_DSCF0486.jpg,cattle_6084,36,train
BeefCattle_Muzzle_database/BeefCattle_Muzzle_Individualized/cattle_6084/cattle_6084_DSCF0502.jpg,cattle_6084,36,train
BeefCattle_Muzzle_database/BeefCattle_Muzzle_Individualized/cattle_6084/cattle_6084_DSCF0488.jpg,cattle_6084,36,train
BeefCattle_Muzzle_database/BeefCattle_Muzzle_Individualized/cattle_6084/cattle_6084_DSCF0496.jpg,cattle_6084,36,train
BeefCattle_Muzzle_database/BeefCattle_Muzzle_Individualized/cattle_6084/cattle_6084_DSCF0513.jpg,cattle_6084,36,train
BeefCattle_Muzzle_database/BeefCattle_Muzzle_Individualized/cattle_6084/cattle_6084_DSCF0492.jpg,cattle_6084,36,train
BeefCattle_Muzzle_database/BeefCattle_Muzzle_Individualized/cattle_6084/cattle_6084_DSCF0495.jpg,cattle_6084,36,train
BeefCattle_Muzzle_database/BeefCattle_Muzzle_Individualized/cattle_6084/cattle_6084_DSCF0503.jpg,cattle_6084,36,train
BeefCattle_Muzzle_database/BeefCattle_Muzzle_Individualized/cattle_6084/cattle_6084_DSCF0485.jpg,cattle_6084,36,train
BeefCattle_Muzzle_database/BeefCattle_Muzzle_Individualized/cattle_6084/cattle_6084_DSCF0511.jpg,cattle_6084,36,train
BeefCattle_Muzzle_database/BeefCattle_Muzzle_Individualized/cattle_6084/cattle_6084_DSCF0506.jpg,cattle_6084,36,train
BeefCattle_Muzzle_database/BeefCattle_Muzzle_Individualized/cattle_6084/cattle_6084_DSCF0512.jpg,cattle_6084,36,train
BeefCattle_Muzzle_database/BeefCattle_Muzzle_Individualized/cattle_6084/cattle_6084_DSCF0505.jpg,cattle_6084,36,train
BeefCattle_Muzzle_database/BeefCattle_Muzzle_Individualized/cattle_6084/cattle_6084_DSCF0498.jpg,cattle_6084,36,train
BeefCattle_Muzzle_database/BeefCattle_Muzzle_Individualized/cattle_6084/cattle_6084_DSCF0482.jpg,cattle_6084,36,train
BeefCattle_Muzzle_database/BeefCattle_Muzzle_Individualized/cattle_6084/cattle_6084_DSCF0501.jpg,cattle_6084,36,train
BeefCattle_Muzzle_database/BeefCattle_Muzzle_Individualized/cattle_6084/cattle_6084_DSCF0489.jpg,cattle_6084,36,train
BeefCattle_Muzzle_database/BeefCattle_Muzzle_Individualized/cattle_6084/cattle_6084_DSCF0515.jpg,cattle_6084,36,train
BeefCattle_Muzzle_database/BeefCattle_Muzzle_Individualized/cattle_6084/cattle_6084_DSCF0484.jpg,cattle_6084,36,train
BeefCattle_Muzzle_database/BeefCattle_Muzzle_Individualized/cattle_6084/cattle_6084_DSCF0516.jpg,cattle_6084,36,train
BeefCattle_Muzzle_database/BeefCattle_Muzzle_Individualized/cattle_6084/cattle_6084_DSCF0509.jpg,cattle_6084,36,train
BeefCattle_Muzzle_database/BeefCattle_Muzzle_Individualized/cattle_6084/cattle_6084_DSCF0487.jpg,cattle_6084,36,train
BeefCattle_Muzzle_database/BeefCattle_Muzzle_Individualized/cattle_6084/cattle_6084_DSCF0514.jpg,cattle_6084,36,val
BeefCattle_Muzzle_database/BeefCattle_Muzzle_Individualized/cattle_6084/cattle_6084_DSCF0499.jpg,cattle_6084,36,val
BeefCattle_Muzzle_database/BeefCattle_Muzzle_Individualized/cattle_6084/cattle_6084_DSCF0497.jpg,cattle_6084,36,val
BeefCattle_Muzzle_database/BeefCattle_Muzzle_Individualized/cattle_6084/cattle_6084_DSCF0510.jpg,cattle_6084,36,val
BeefCattle_Muzzle_database/BeefCattle_Muzzle_Individualized/cattle_6084/cattle_6084_DSCF0507.jpg,cattle_6084,36,val
BeefCattle_Muzzle_database/BeefCattle_Muzzle_Individualized/cattle_6084/cattle_6084_DSCF0508.jpg,cattle_6084,36,test
BeefCattle_Muzzle_database/BeefCattle_Muzzle_Individualized/cattle_6084/cattle_6084_DSCF0494.jpg,cattle_6084,36,test
BeefCattle_Muzzle_database/BeefCattle_Muzzle_Individualized/cattle_6084/cattle_6084_DSCF0491.jpg,cattle_6084,36,test
BeefCattle_Muzzle_database/BeefCattle_Muzzle_Individualized/cattle_6084/cattle_6084_DSCF0517.jpg,cattle_6084,36,test
BeefCattle_Muzzle_database/BeefCattle_Muzzle_Individualized/cattle_6084/cattle_6084_DSCF0483.jpg,cattle_6084,36,test
BeefCattle_Muzzle_database/BeefCattle_Muzzle_Individualized/cattle_6084/cattle_6084_DSCF0504.jpg,cattle_6084,36,test
BeefCattle_Muzzle_database/BeefCattle_Muzzle_Individualized/cattle_6098/cattle_6098_DSCF1433.jpg,cattle_6098,20,train
BeefCattle_Muzzle_database/BeefCattle_Muzzle_Individualized/cattle_6098/cattle_6098_DSCF1448.jpg,cattle_6098,20,train
BeefCattle_Muzzle_database/BeefCattle_Muzzle_Individualized/cattle_6098/cattle_6098_DSCF1432.jpg,cattle_6098,20,train
BeefCattle_Muzzle_database/BeefCattle_Muzzle_Individualized/cattle_6098/cattle_6098_DSCF1441.jpg,cattle_6098,20,train
BeefCattle_Muzzle_database/BeefCattle_Muzzle_Individualized/cattle_6098/cattle_6098_DSCF1447.jpg,cattle_6098,20,train
BeefCattle_Muzzle_database/BeefCattle_Muzzle_Individualized/cattle_6098/cattle_6098_DSCF1446.jpg,cattle_6098,20,train
BeefCattle_Muzzle_database/BeefCattle_Muzzle_Individualized/cattle_6098/cattle_6098_DSCF1440.jpg,cattle_6098,20,train
BeefCattle_Muzzle_database/BeefCattle_Muzzle_Individualized/cattle_6098/cattle_6098_DSCF1450.jpg,cattle_6098,20,train
BeefCattle_Muzzle_database/BeefCattle_Muzzle_Individualized/cattle_6098/cattle_6098_DSCF1445.jpg,cattle_6098,20,train
BeefCattle_Muzzle_database/BeefCattle_Muzzle_Individualized/cattle_6098/cattle_6098_DSCF1439.jpg,cattle_6098,20,train
BeefCattle_Muzzle_database/BeefCattle_Muzzle_Individualized/cattle_6098/cattle_6098_DSCF1438.jpg,cattle_6098,20,train
BeefCattle_Muzzle_database/BeefCattle_Muzzle_Individualized/cattle_6098/cattle_6098_DSCF1449.jpg,cattle_6098,20,train
BeefCattle_Muzzle_database/BeefCattle_Muzzle_Individualized/cattle_6098/cattle_6098_DSCF1451.jpg,cattle_6098,20,train
BeefCattle_Muzzle_database/BeefCattle_Muzzle_Individualized/cattle_6098/cattle_6098_DSCF1437.jpg,cattle_6098,20,train
BeefCattle_Muzzle_database/BeefCattle_Muzzle_Individualized/cattle_6098/cattle_6098_DSCF1436.jpg,cattle_6098,20,val
BeefCattle_Muzzle_database/BeefCattle_Muzzle_Individualized/cattle_6098/cattle_6098_DSCF1442.jpg,cattle_6098,20,val
BeefCattle_Muzzle_database/BeefCattle_Muzzle_Individualized/cattle_6098/cattle_6098_DSCF1435.jpg,cattle_6098,20,val
BeefCattle_Muzzle_database/BeefCattle_Muzzle_Individualized/cattle_6098/cattle_6098_DSCF1444.jpg,cattle_6098,20,test
BeefCattle_Muzzle_database/BeefCattle_Muzzle_Individualized/cattle_6098/cattle_6098_DSCF1443.jpg,cattle_6098,20,test
BeefCattle_Muzzle_database/BeefCattle_Muzzle_Individualized/cattle_6098/cattle_6098_DSCF1434.jpg,cattle_6098,20,test
BeefCattle_Muzzle_database/BeefCattle_Muzzle_Individualized/cattle_6124/cattle_6124_DSCF8481.jpg,cattle_6124,10,train
BeefCattle_Muzzle_database/BeefCattle_Muzzle_Individualized/cattle_6124/cattle_6124_DSCF8483.jpg,cattle_6124,10,train
BeefCattle_Muzzle_database/BeefCattle_Muzzle_Individualized/cattle_6124/cattle_6124_DSCF8478.jpg,cattle_6124,10,train
BeefCattle_Muzzle_database/BeefCattle_Muzzle_Individualized/cattle_6124/cattle_6124_DSCF8479.jpg,cattle_6124,10,train
BeefCattle_Muzzle_database/BeefCattle_Muzzle_Individualized/cattle_6124/cattle_6124_DSCF8476.jpg,cattle_6124,10,train
BeefCattle_Muzzle_database/BeefCattle_Muzzle_Individualized/cattle_6124/cattle_6124_DSCF8485.jpg,cattle_6124,10,train
BeefCattle_Muzzle_database/BeefCattle_Muzzle_Individualized/cattle_6124/cattle_6124_DSCF8477.jpg,cattle_6124,10,train
BeefCattle_Muzzle_database/BeefCattle_Muzzle_Individualized/cattle_6124/cattle_6124_DSCF8484.jpg,cattle_6124,10,val
BeefCattle_Muzzle_database/BeefCattle_Muzzle_Individualized/cattle_6124/cattle_6124_DSCF8480.jpg,cattle_6124,10,test
BeefCattle_Muzzle_database/BeefCattle_Muzzle_Individualized/cattle_6124/cattle_6124_DSCF8482.jpg,cattle_6124,10,test
BeefCattle_Muzzle_database/BeefCattle_Muzzle_Individualized/cattle_6161/cattle_6161_DSCF7349.jpg,cattle_6161,18,train
BeefCattle_Muzzle_database/BeefCattle_Muzzle_Individualized/cattle_6161/cattle_6161_DSCF7342.jpg,cattle_6161,18,train
BeefCattle_Muzzle_database/BeefCattle_Muzzle_Individualized/cattle_6161/cattle_6161_DSCF7351.jpg,cattle_6161,18,train
BeefCattle_Muzzle_database/BeefCattle_Muzzle_Individualized/cattle_6161/cattle_6161_DSCF7338.jpg,cattle_6161,18,train
BeefCattle_Muzzle_database/BeefCattle_Muzzle_Individualized/cattle_6161/cattle_6161_DSCF7346.jpg,cattle_6161,18,train
BeefCattle_Muzzle_database/BeefCattle_Muzzle_Individualized/cattle_6161/cattle_6161_DSCF7344.jpg,cattle_6161,18,train
BeefCattle_Muzzle_database/BeefCattle_Muzzle_Individualized/cattle_6161/cattle_6161_DSCF7362.jpg,cattle_6161,18,train
BeefCattle_Muzzle_database/BeefCattle_Muzzle_Individualized/cattle_6161/cattle_6161_DSCF7341.jpg,cattle_6161,18,train
BeefCattle_Muzzle_database/BeefCattle_Muzzle_Individualized/cattle_6161/cattle_6161_DSCF7350.jpg,cattle_6161,18,train
BeefCattle_Muzzle_database/BeefCattle_Muzzle_Individualized/cattle_6161/cattle_6161_DSCF7365.jpg,cattle_6161,18,train
BeefCattle_Muzzle_database/BeefCattle_Muzzle_Individualized/cattle_6161/cattle_6161_DSCF7340.jpg,cattle_6161,18,train
BeefCattle_Muzzle_database/BeefCattle_Muzzle_Individualized/cattle_6161/cattle_6161_DSCF7363.jpg,cattle_6161,18,train
BeefCattle_Muzzle_database/BeefCattle_Muzzle_Individualized/cattle_6161/cattle_6161_DSCF7339.jpg,cattle_6161,18,val
BeefCattle_Muzzle_database/BeefCattle_Muzzle_Individualized/cattle_6161/cattle_6161_DSCF7347.jpg,cattle_6161,18,val
BeefCattle_Muzzle_database/BeefCattle_Muzzle_Individualized/cattle_6161/cattle_6161_DSCF7364.jpg,cattle_6161,18,test
BeefCattle_Muzzle_database/BeefCattle_Muzzle_Individualized/cattle_6161/cattle_6161_DSCF7345.jpg,cattle_6161,18,test
BeefCattle_Muzzle_database/BeefCattle_Muzzle_Individualized/cattle_6161/cattle_6161_DSCF7348.jpg,cattle_6161,18,test
BeefCattle_Muzzle_database/BeefCattle_Muzzle_Individualized/cattle_6161/cattle_6161_DSCF7343.jpg,cattle_6161,18,test
BeefCattle_Muzzle_database/BeefCattle_Muzzle_Individualized/cattle_6167/cattle_6167_DSCF9110.jpg,cattle_6167,21,train
BeefCattle_Muzzle_database/BeefCattle_Muzzle_Individualized/cattle_6167/cattle_6167_DSCF9116.jpg,cattle_6167,21,train
BeefCattle_Muzzle_database/BeefCattle_Muzzle_Individualized/cattle_6167/cattle_6167_DSCF9114.jpg,cattle_6167,21,train
BeefCattle_Muzzle_database/BeefCattle_Muzzle_Individualized/cattle_6167/cattle_6167_DSCF9119.jpg,cattle_6167,21,train
BeefCattle_Muzzle_database/BeefCattle_Muzzle_Individualized/cattle_6167/cattle_6167_DSCF9112.jpg,cattle_6167,21,train
BeefCattle_Muzzle_database/BeefCattle_Muzzle_Individualized/cattle_6167/cattle_6167_DSCF9104.jpg,cattle_6167,21,train
BeefCattle_Muzzle_database/BeefCattle_Muzzle_Individualized/cattle_6167/cattle_6167_DSCF9121.jpg,cattle_6167,21,train
BeefCattle_Muzzle_database/BeefCattle_Muzzle_Individualized/cattle_6167/cattle_6167_DSCF9117.jpg,cattle_6167,21,train
BeefCattle_Muzzle_database/BeefCattle_Muzzle_Individualized/cattle_6167/cattle_6167_DSCF9118.jpg,cattle_6167,21,train
BeefCattle_Muzzle_database/BeefCattle_Muzzle_Individualized/cattle_6167/cattle_6167_DSCF9111.jpg,cattle_6167,21,train
BeefCattle_Muzzle_database/BeefCattle_Muzzle_Individualized/cattle_6167/cattle_6167_DSCF9120.jpg,cattle_6167,21,train
BeefCattle_Muzzle_database/BeefCattle_Muzzle_Individualized/cattle_6167/cattle_6167_DSCF9102.jpg,cattle_6167,21,train
BeefCattle_Muzzle_database/BeefCattle_Muzzle_Individualized/cattle_6167/cattle_6167_DSCF9113.jpg,cattle_6167,21,train
BeefCattle_Muzzle_database/BeefCattle_Muzzle_Individualized/cattle_6167/cattle_6167_DSCF9105.jpg,cattle_6167,21,train
BeefCattle_Muzzle_database/BeefCattle_Muzzle_Individualized/cattle_6167/cattle_6167_DSCF9106.jpg,cattle_6167,21,val
BeefCattle_Muzzle_database/BeefCattle_Muzzle_Individualized/cattle_6167/cattle_6167_DSCF9103.jpg,cattle_6167,21,val
BeefCattle_Muzzle_database/BeefCattle_Muzzle_Individualized/cattle_6167/cattle_6167_DSCF9108.jpg,cattle_6167,21,val
BeefCattle_Muzzle_database/BeefCattle_Muzzle_Individualized/cattle_6167/cattle_6167_DSCF9107.jpg,cattle_6167,21,test
BeefCattle_Muzzle_database/BeefCattle_Muzzle_Individualized/cattle_6167/cattle_6167_DSCF9109.jpg,cattle_6167,21,test
BeefCattle_Muzzle_database/BeefCattle_Muzzle_Individualized/cattle_6167/cattle_6167_DSCF9101.jpg,cattle_6167,21,test
BeefCattle_Muzzle_database/BeefCattle_Muzzle_Individualized/cattle_6167/cattle_6167_DSCF9115.jpg,cattle_6167,21,test
BeefCattle_Muzzle_database/BeefCattle_Muzzle_Individualized/cattle_6171/cattle_6171_DSCF7900.jpg,cattle_6171,12,train
BeefCattle_Muzzle_database/BeefCattle_Muzzle_Individualized/cattle_6171/cattle_6171_DSCF7898.jpg,cattle_6171,12,train
BeefCattle_Muzzle_database/BeefCattle_Muzzle_Individualized/cattle_6171/cattle_6171_DSCF7901.jpg,cattle_6171,12,train
BeefCattle_Muzzle_database/BeefCattle_Muzzle_Individualized/cattle_6171/cattle_6171_DSCF7909.jpg,cattle_6171,12,train
BeefCattle_Muzzle_database/BeefCattle_Muzzle_Individualized/cattle_6171/cattle_6171_DSCF7908.jpg,cattle_6171,12,train
BeefCattle_Muzzle_database/BeefCattle_Muzzle_Individualized/cattle_6171/cattle_6171_DSCF7902.jpg,cattle_6171,12,train
BeefCattle_Muzzle_database/BeefCattle_Muzzle_Individualized/cattle_6171/cattle_6171_DSCF7907.jpg,cattle_6171,12,train
BeefCattle_Muzzle_database/BeefCattle_Muzzle_Individualized/cattle_6171/cattle_6171_DSCF7905.jpg,cattle_6171,12,train
BeefCattle_Muzzle_database/BeefCattle_Muzzle_Individualized/cattle_6171/cattle_6171_DSCF7899.jpg,cattle_6171,12,val
BeefCattle_Muzzle_database/BeefCattle_Muzzle_Individualized/cattle_6171/cattle_6171_DSCF7904.jpg,cattle_6171,12,test
BeefCattle_Muzzle_database/BeefCattle_Muzzle_Individualized/cattle_6171/cattle_6171_DSCF7906.jpg,cattle_6171,12,test
BeefCattle_Muzzle_database/BeefCattle_Muzzle_Individualized/cattle_6171/cattle_6171_DSCF7903.jpg,cattle_6171,12,test
BeefCattle_Muzzle_database/BeefCattle_Muzzle_Individualized/cattle_6184/cattle_6184_DSCF7239.jpg,cattle_6184,16,train
BeefCattle_Muzzle_database/BeefCattle_Muzzle_Individualized/cattle_6184/cattle_6184_DSCF7240.jpg,cattle_6184,16,train
BeefCattle_Muzzle_database/BeefCattle_Muzzle_Individualized/cattle_6184/cattle_6184_DSCF7241.jpg,cattle_6184,16,train
BeefCattle_Muzzle_database/BeefCattle_Muzzle_Individualized/cattle_6184/cattle_6184_DSCF7244.jpg,cattle_6184,16,train
BeefCattle_Muzzle_database/BeefCattle_Muzzle_Individualized/cattle_6184/cattle_6184_DSCF7246.jpg,cattle_6184,16,train
BeefCattle_Muzzle_database/BeefCattle_Muzzle_Individualized/cattle_6184/cattle_6184_DSCF7242.jpg,cattle_6184,16,train
BeefCattle_Muzzle_database/BeefCattle_Muzzle_Individualized/cattle_6184/cattle_6184_DSCF7236.jpg,cattle_6184,16,train
BeefCattle_Muzzle_database/BeefCattle_Muzzle_Individualized/cattle_6184/cattle_6184_DSCF7235.jpg,cattle_6184,16,train
BeefCattle_Muzzle_database/BeefCattle_Muzzle_Individualized/cattle_6184/cattle_6184_DSCF7245.jpg,cattle_6184,16,train
BeefCattle_Muzzle_database/BeefCattle_Muzzle_Individualized/cattle_6184/cattle_6184_DSCF7243.jpg,cattle_6184,16,train
BeefCattle_Muzzle_database/BeefCattle_Muzzle_Individualized/cattle_6184/cattle_6184_DSCF7248.jpg,cattle_6184,16,train
BeefCattle_Muzzle_database/BeefCattle_Muzzle_Individualized/cattle_6184/cattle_6184_DSCF7247.jpg,cattle_6184,16,val
BeefCattle_Muzzle_database/BeefCattle_Muzzle_Individualized/cattle_6184/cattle_6184_DSCF7238.jpg,cattle_6184,16,val
BeefCattle_Muzzle_database/BeefCattle_Muzzle_Individualized/cattle_6184/cattle_6184_DSCF7233.jpg,cattle_6184,16,test
BeefCattle_Muzzle_database/BeefCattle_Muzzle_Individualized/cattle_6184/cattle_6184_DSCF7237.jpg,cattle_6184,16,test
BeefCattle_Muzzle_database/BeefCattle_Muzzle_Individualized/cattle_6184/cattle_6184_DSCF7234.jpg,cattle_6184,16,test
BeefCattle_Muzzle_database/BeefCattle_Muzzle_Individualized/cattle_6189/cattle_6189_DSCF7256.jpg,cattle_6189,12,train
BeefCattle_Muzzle_database/BeefCattle_Muzzle_Individualized/cattle_6189/cattle_6189_DSCF7252.jpg,cattle_6189,12,train
BeefCattle_Muzzle_database/BeefCattle_Muzzle_Individualized/cattle_6189/cattle_6189_DSCF7253.jpg,cattle_6189,12,train
BeefCattle_Muzzle_database/BeefCattle_Muzzle_Individualized/cattle_6189/cattle_6189_DSCF7257.jpg,cattle_6189,12,train
BeefCattle_Muzzle_database/BeefCattle_Muzzle_Individualized/cattle_6189/cattle_6189_DSCF7254.jpg,cattle_6189,12,train
BeefCattle_Muzzle_database/BeefCattle_Muzzle_Individualized/cattle_6189/cattle_6189_DSCF7259.jpg,cattle_6189,12,train
BeefCattle_Muzzle_database/BeefCattle_Muzzle_Individualized/cattle_6189/cattle_6189_DSCF7250.jpg,cattle_6189,12,train
BeefCattle_Muzzle_database/BeefCattle_Muzzle_Individualized/cattle_6189/cattle_6189_DSCF7258.jpg,cattle_6189,12,train
BeefCattle_Muzzle_database/BeefCattle_Muzzle_Individualized/cattle_6189/cattle_6189_DSCF7251.jpg,cattle_6189,12,val
BeefCattle_Muzzle_database/BeefCattle_Muzzle_Individualized/cattle_6189/cattle_6189_DSCF7255.jpg,cattle_6189,12,test
BeefCattle_Muzzle_database/BeefCattle_Muzzle_Individualized/cattle_6189/cattle_6189_DSCF7249.jpg,cattle_6189,12,test
BeefCattle_Muzzle_database/BeefCattle_Muzzle_Individualized/cattle_6189/cattle_6189_DSCF7260.jpg,cattle_6189,12,test
BeefCattle_Muzzle_database/BeefCattle_Muzzle_Individualized/cattle_6191/cattle_6191_DSCF8955.jpg,cattle_6191,18,train
BeefCattle_Muzzle_database/BeefCattle_Muzzle_Individualized/cattle_6191/cattle_6191_DSCF8958.jpg,cattle_6191,18,train
BeefCattle_Muzzle_database/BeefCattle_Muzzle_Individualized/cattle_6191/cattle_6191_DSCF8951.jpg,cattle_6191,18,train
BeefCattle_Muzzle_database/BeefCattle_Muzzle_Individualized/cattle_6191/cattle_6191_DSCF8943.jpg,cattle_6191,18,train
BeefCattle_Muzzle_database/BeefCattle_Muzzle_Individualized/cattle_6191/cattle_6191_DSCF8940.jpg,cattle_6191,18,train
BeefCattle_Muzzle_database/BeefCattle_Muzzle_Individualized/cattle_6191/cattle_6191_DSCF8952.jpg,cattle_6191,18,train
BeefCattle_Muzzle_database/BeefCattle_Muzzle_Individualized/cattle_6191/cattle_6191_DSCF8953.jpg,cattle_6191,18,train
BeefCattle_Muzzle_database/BeefCattle_Muzzle_Individualized/cattle_6191/cattle_6191_DSCF8945.jpg,cattle_6191,18,train
BeefCattle_Muzzle_database/BeefCattle_Muzzle_Individualized/cattle_6191/cattle_6191_DSCF8957.jpg,cattle_6191,18,train
BeefCattle_Muzzle_database/BeefCattle_Muzzle_Individualized/cattle_6191/cattle_6191_DSCF8956.jpg,cattle_6191,18,train
BeefCattle_Muzzle_database/BeefCattle_Muzzle_Individualized/cattle_6191/cattle_6191_DSCF8944.jpg,cattle_6191,18,train
BeefCattle_Muzzle_database/BeefCattle_Muzzle_Individualized/cattle_6191/cattle_6191_DSCF8938.jpg,cattle_6191,18,train
BeefCattle_Muzzle_database/BeefCattle_Muzzle_Individualized/cattle_6191/cattle_6191_DSCF8939.jpg,cattle_6191,18,val
BeefCattle_Muzzle_database/BeefCattle_Muzzle_Individualized/cattle_6191/cattle_6191_DSCF8941.jpg,cattle_6191,18,val
BeefCattle_Muzzle_database/BeefCattle_Muzzle_Individualized/cattle_6191/cattle_6191_DSCF8942.jpg,cattle_6191,18,test
BeefCattle_Muzzle_database/BeefCattle_Muzzle_Individualized/cattle_6191/cattle_6191_DSCF8950.jpg,cattle_6191,18,test
BeefCattle_Muzzle_database/BeefCattle_Muzzle_Individualized/cattle_6191/cattle_6191_DSCF8949.jpg,cattle_6191,18,test
BeefCattle_Muzzle_database/BeefCattle_Muzzle_Individualized/cattle_6191/cattle_6191_DSCF8954.jpg,cattle_6191,18,test
BeefCattle_Muzzle_database/BeefCattle_Muzzle_Individualized/cattle_6196/cattle_6196_DSCF8926.jpg,cattle_6196,17,train
BeefCattle_Muzzle_database/BeefCattle_Muzzle_Individualized/cattle_6196/cattle_6196_DSCF8937.jpg,cattle_6196,17,train
BeefCattle_Muzzle_database/BeefCattle_Muzzle_Individualized/cattle_6196/cattle_6196_DSCF8929.jpg,cattle_6196,17,train
BeefCattle_Muzzle_database/BeefCattle_Muzzle_Individualized/cattle_6196/cattle_6196_DSCF8932.jpg,cattle_6196,17,train
BeefCattle_Muzzle_database/BeefCattle_Muzzle_Individualized/cattle_6196/cattle_6196_DSCF8931.jpg,cattle_6196,17,train
BeefCattle_Muzzle_database/BeefCattle_Muzzle_Individualized/cattle_6196/cattle_6196_DSCF8933.jpg,cattle_6196,17,train
BeefCattle_Muzzle_database/BeefCattle_Muzzle_Individualized/cattle_6196/cattle_6196_DSCF8927.jpg,cattle_6196,17,train
BeefCattle_Muzzle_database/BeefCattle_Muzzle_Individualized/cattle_6196/cattle_6196_DSCF8928.jpg,cattle_6196,17,train
BeefCattle_Muzzle_database/BeefCattle_Muzzle_Individualized/cattle_6196/cattle_6196_DSCF8934.jpg,cattle_6196,17,train
BeefCattle_Muzzle_database/BeefCattle_Muzzle_Individualized/cattle_6196/cattle_6196_DSCF8925.jpg,cattle_6196,17,train
BeefCattle_Muzzle_database/BeefCattle_Muzzle_Individualized/cattle_6196/cattle_6196_DSCF8923.jpg,cattle_6196,17,train
BeefCattle_Muzzle_database/BeefCattle_Muzzle_Individualized/cattle_6196/cattle_6196_DSCF8935.jpg,cattle_6196,17,val
BeefCattle_Muzzle_database/BeefCattle_Muzzle_Individualized/cattle_6196/cattle_6196_DSCF8921.jpg,cattle_6196,17,val
BeefCattle_Muzzle_database/BeefCattle_Muzzle_Individualized/cattle_6196/cattle_6196_DSCF8922.jpg,cattle_6196,17,test
BeefCattle_Muzzle_database/BeefCattle_Muzzle_Individualized/cattle_6196/cattle_6196_DSCF8924.jpg,cattle_6196,17,test
BeefCattle_Muzzle_database/BeefCattle_Muzzle_Individualized/cattle_6196/cattle_6196_DSCF8936.jpg,cattle_6196,17,test
BeefCattle_Muzzle_database/BeefCattle_Muzzle_Individualized/cattle_6196/cattle_6196_DSCF8930.jpg,cattle_6196,17,test
BeefCattle_Muzzle_database/BeefCattle_Muzzle_Individualized/cattle_6197/cattle_6197_DSCF7208.jpg,cattle_6197,12,train
BeefCattle_Muzzle_database/BeefCattle_Muzzle_Individualized/cattle_6197/cattle_6197_DSCF7204.jpg,cattle_6197,12,train
BeefCattle_Muzzle_database/BeefCattle_Muzzle_Individualized/cattle_6197/cattle_6197_DSCF7197.jpg,cattle_6197,12,train
BeefCattle_Muzzle_database/BeefCattle_Muzzle_Individualized/cattle_6197/cattle_6197_DSCF7202.jpg,cattle_6197,12,train
BeefCattle_Muzzle_database/BeefCattle_Muzzle_Individualized/cattle_6197/cattle_6197_DSCF7200.jpg,cattle_6197,12,train
BeefCattle_Muzzle_database/BeefCattle_Muzzle_Individualized/cattle_6197/cattle_6197_DSCF7199.jpg,cattle_6197,12,train
BeefCattle_Muzzle_database/BeefCattle_Muzzle_Individualized/cattle_6197/cattle_6197_DSCF7206.jpg,cattle_6197,12,train
BeefCattle_Muzzle_database/BeefCattle_Muzzle_Individualized/cattle_6197/cattle_6197_DSCF7203.jpg,cattle_6197,12,train
BeefCattle_Muzzle_database/BeefCattle_Muzzle_Individualized/cattle_6197/cattle_6197_DSCF7205.jpg,cattle_6197,12,val
BeefCattle_Muzzle_database/BeefCattle_Muzzle_Individualized/cattle_6197/cattle_6197_DSCF7198.jpg,cattle_6197,12,test
BeefCattle_Muzzle_database/BeefCattle_Muzzle_Individualized/cattle_6197/cattle_6197_DSCF7201.jpg,cattle_6197,12,test
BeefCattle_Muzzle_database/BeefCattle_Muzzle_Individualized/cattle_6197/cattle_6197_DSCF7207.jpg,cattle_6197,12,test
BeefCattle_Muzzle_database/BeefCattle_Muzzle_Individualized/cattle_6199/cattle_6199_DSCF7523.jpg,cattle_6199,14,train
BeefCattle_Muzzle_database/BeefCattle_Muzzle_Individualized/cattle_6199/cattle_6199_DSCF7527.jpg,cattle_6199,14,train
BeefCattle_Muzzle_database/BeefCattle_Muzzle_Individualized/cattle_6199/cattle_6199_DSCF7529.jpg,cattle_6199,14,train
BeefCattle_Muzzle_database/BeefCattle_Muzzle_Individualized/cattle_6199/cattle_6199_DSCF7526.jpg,cattle_6199,14,train
BeefCattle_Muzzle_database/BeefCattle_Muzzle_Individualized/cattle_6199/cattle_6199_DSCF7522.jpg,cattle_6199,14,train
BeefCattle_Muzzle_database/BeefCattle_Muzzle_Individualized/cattle_6199/cattle_6199_DSCF7534.jpg,cattle_6199,14,train
BeefCattle_Muzzle_database/BeefCattle_Muzzle_Individualized/cattle_6199/cattle_6199_DSCF7531.jpg,cattle_6199,14,train
BeefCattle_Muzzle_database/BeefCattle_Muzzle_Individualized/cattle_6199/cattle_6199_DSCF7530.jpg,cattle_6199,14,train
BeefCattle_Muzzle_database/BeefCattle_Muzzle_Individualized/cattle_6199/cattle_6199_DSCF7524.jpg,cattle_6199,14,train
BeefCattle_Muzzle_database/BeefCattle_Muzzle_Individualized/cattle_6199/cattle_6199_DSCF7533.jpg,cattle_6199,14,val
BeefCattle_Muzzle_database/BeefCattle_Muzzle_Individualized/cattle_6199/cattle_6199_DSCF7532.jpg,cattle_6199,14,val
BeefCattle_Muzzle_database/BeefCattle_Muzzle_Individualized/cattle_6199/cattle_6199_DSCF7528.jpg,cattle_6199,14,test
BeefCattle_Muzzle_database/BeefCattle_Muzzle_Individualized/cattle_6199/cattle_6199_DSCF7525.jpg,cattle_6199,14,test
BeefCattle_Muzzle_database/BeefCattle_Muzzle_Individualized/cattle_6199/cattle_6199_DSCF7521.jpg,cattle_6199,14,test
BeefCattle_Muzzle_database/BeefCattle_Muzzle_Individualized/cattle_6210/cattle_6210_DSCF7796.jpg,cattle_6210,10,train
BeefCattle_Muzzle_database/BeefCattle_Muzzle_Individualized/cattle_6210/cattle_6210_DSCF7792.jpg,cattle_6210,10,train
BeefCattle_Muzzle_database/BeefCattle_Muzzle_Individualized/cattle_6210/cattle_6210_DSCF7793.jpg,cattle_6210,10,train
BeefCattle_Muzzle_database/BeefCattle_Muzzle_Individualized/cattle_6210/cattle_6210_DSCF7818.jpg,cattle_6210,10,train
BeefCattle_Muzzle_database/BeefCattle_Muzzle_Individualized/cattle_6210/cattle_6210_DSCF7816.jpg,cattle_6210,10,train
BeefCattle_Muzzle_database/BeefCattle_Muzzle_Individualized/cattle_6210/cattle_6210_DSCF7791.jpg,cattle_6210,10,train
BeefCattle_Muzzle_database/BeefCattle_Muzzle_Individualized/cattle_6210/cattle_6210_DSCF7795.jpg,cattle_6210,10,train
BeefCattle_Muzzle_database/BeefCattle_Muzzle_Individualized/cattle_6210/cattle_6210_DSCF7794.jpg,cattle_6210,10,val
BeefCattle_Muzzle_database/BeefCattle_Muzzle_Individualized/cattle_6210/cattle_6210_DSCF7815.jpg,cattle_6210,10,test
BeefCattle_Muzzle_database/BeefCattle_Muzzle_Individualized/cattle_6210/cattle_6210_DSCF7817.jpg,cattle_6210,10,test
BeefCattle_Muzzle_database/BeefCattle_Muzzle_Individualized/cattle_6213/cattle_6213_DSCF7601.jpg,cattle_6213,12,train
BeefCattle_Muzzle_database/BeefCattle_Muzzle_Individualized/cattle_6213/cattle_6213_DSCF7605.jpg,cattle_6213,12,train
BeefCattle_Muzzle_database/BeefCattle_Muzzle_Individualized/cattle_6213/cattle_6213_DSCF7607.jpg,cattle_6213,12,train
BeefCattle_Muzzle_database/BeefCattle_Muzzle_Individualized/cattle_6213/cattle_6213_DSCF7610.jpg,cattle_6213,12,train
BeefCattle_Muzzle_database/BeefCattle_Muzzle_Individualized/cattle_6213/cattle_6213_DSCF7599.jpg,cattle_6213,12,train
BeefCattle_Muzzle_database/BeefCattle_Muzzle_Individualized/cattle_6213/cattle_6213_DSCF7604.jpg,cattle_6213,12,train
BeefCattle_Muzzle_database/BeefCattle_Muzzle_Individualized/cattle_6213/cattle_6213_DSCF7609.jpg,cattle_6213,12,train
BeefCattle_Muzzle_database/BeefCattle_Muzzle_Individualized/cattle_6213/cattle_6213_DSCF7600.jpg,cattle_6213,12,train
BeefCattle_Muzzle_database/BeefCattle_Muzzle_Individualized/cattle_6213/cattle_6213_DSCF7603.jpg,cattle_6213,12,val
BeefCattle_Muzzle_database/BeefCattle_Muzzle_Individualized/cattle_6213/cattle_6213_DSCF7606.jpg,cattle_6213,12,test
BeefCattle_Muzzle_database/BeefCattle_Muzzle_Individualized/cattle_6213/cattle_6213_DSCF7602.jpg,cattle_6213,12,test
BeefCattle_Muzzle_database/BeefCattle_Muzzle_Individualized/cattle_6213/cattle_6213_DSCF7608.jpg,cattle_6213,12,test
BeefCattle_Muzzle_database/BeefCattle_Muzzle_Individualized/cattle_6216/cattle_6216_DSCF7592.jpg,cattle_6216,18,train
BeefCattle_Muzzle_database/BeefCattle_Muzzle_Individualized/cattle_6216/cattle_6216_DSCF7596.jpg,cattle_6216,18,train
BeefCattle_Muzzle_database/BeefCattle_Muzzle_Individualized/cattle_6216/cattle_6216_DSCF7589.jpg,cattle_6216,18,train
BeefCattle_Muzzle_database/BeefCattle_Muzzle_Individualized/cattle_6216/cattle_6216_DSCF7613.jpg,cattle_6216,18,train
BeefCattle_Muzzle_database/BeefCattle_Muzzle_Individualized/cattle_6216/cattle_6216_DSCF7594.jpg,cattle_6216,18,train
BeefCattle_Muzzle_database/BeefCattle_Muzzle_Individualized/cattle_6216/cattle_6216_DSCF7615.jpg,cattle_6216,18,train
BeefCattle_Muzzle_database/BeefCattle_Muzzle_Individualized/cattle_6216/cattle_6216_DSCF7593.jpg,cattle_6216,18,train
BeefCattle_Muzzle_database/BeefCattle_Muzzle_Individualized/cattle_6216/cattle_6216_DSCF7598.jpg,cattle_6216,18,train
BeefCattle_Muzzle_database/BeefCattle_Muzzle_Individualized/cattle_6216/cattle_6216_DSCF7595.jpg,cattle_6216,18,train
BeefCattle_Muzzle_database/BeefCattle_Muzzle_Individualized/cattle_6216/cattle_6216_DSCF7586.jpg,cattle_6216,18,train
BeefCattle_Muzzle_database/BeefCattle_Muzzle_Individualized/cattle_6216/cattle_6216_DSCF7614.jpg,cattle_6216,18,train
BeefCattle_Muzzle_database/BeefCattle_Muzzle_Individualized/cattle_6216/cattle_6216_DSCF7585.jpg,cattle_6216,18,train
BeefCattle_Muzzle_database/BeefCattle_Muzzle_Individualized/cattle_6216/cattle_6216_DSCF7587.jpg,cattle_6216,18,val
BeefCattle_Muzzle_database/BeefCattle_Muzzle_Individualized/cattle_6216/cattle_6216_DSCF7588.jpg,cattle_6216,18,val
BeefCattle_Muzzle_database/BeefCattle_Muzzle_Individualized/cattle_6216/cattle_6216_DSCF7597.jpg,cattle_6216,18,test
BeefCattle_Muzzle_database/BeefCattle_Muzzle_Individualized/cattle_6216/cattle_6216_DSCF7591.jpg,cattle_6216,18,test
BeefCattle_Muzzle_database/BeefCattle_Muzzle_Individualized/cattle_6216/cattle_6216_DSCF7616.jpg,cattle_6216,18,test
BeefCattle_Muzzle_database/BeefCattle_Muzzle_Individualized/cattle_6216/cattle_6216_DSCF7590.jpg,cattle_6216,18,test
BeefCattle_Muzzle_database/BeefCattle_Muzzle_Individualized/cattle_6220/cattle_6220_DSCF7695.jpg,cattle_6220,12,train
BeefCattle_Muzzle_database/BeefCattle_Muzzle_Individualized/cattle_6220/cattle_6220_DSCF7699.jpg,cattle_6220,12,train
BeefCattle_Muzzle_database/BeefCattle_Muzzle_Individualized/cattle_6220/cattle_6220_DSCF7688.jpg,cattle_6220,12,train
BeefCattle_Muzzle_database/BeefCattle_Muzzle_Individualized/cattle_6220/cattle_6220_DSCF7691.jpg,cattle_6220,12,train
BeefCattle_Muzzle_database/BeefCattle_Muzzle_Individualized/cattle_6220/cattle_6220_DSCF7692.jpg,cattle_6220,12,train
BeefCattle_Muzzle_database/BeefCattle_Muzzle_Individualized/cattle_6220/cattle_6220_DSCF7690.jpg,cattle_6220,12,train
BeefCattle_Muzzle_database/BeefCattle_Muzzle_Individualized/cattle_6220/cattle_6220_DSCF7697.jpg,cattle_6220,12,train
BeefCattle_Muzzle_database/BeefCattle_Muzzle_Individualized/cattle_6220/cattle_6220_DSCF7693.jpg,cattle_6220,12,train
BeefCattle_Muzzle_database/BeefCattle_Muzzle_Individualized/cattle_6220/cattle_6220_DSCF7698.jpg,cattle_6220,12,val
BeefCattle_Muzzle_database/BeefCattle_Muzzle_Individualized/cattle_6220/cattle_6220_DSCF7696.jpg,cattle_6220,12,test
BeefCattle_Muzzle_database/BeefCattle_Muzzle_Individualized/cattle_6220/cattle_6220_DSCF7694.jpg,cattle_6220,12,test
BeefCattle_Muzzle_database/BeefCattle_Muzzle_Individualized/cattle_6220/cattle_6220_DSCF7689.jpg,cattle_6220,12,test
BeefCattle_Muzzle_database/BeefCattle_Muzzle_Individualized/cattle_6226/cattle_6226_DSCF7623.jpg,cattle_6226,15,train
BeefCattle_Muzzle_database/BeefCattle_Muzzle_Individualized/cattle_6226/cattle_6226_DSCF7620.jpg,cattle_6226,15,train
BeefCattle_Muzzle_database/BeefCattle_Muzzle_Individualized/cattle_6226/cattle_6226_DSCF7625.jpg,cattle_6226,15,train
BeefCattle_Muzzle_database/BeefCattle_Muzzle_Individualized/cattle_6226/cattle_6226_DSCF7631.jpg,cattle_6226,15,train
BeefCattle_Muzzle_database/BeefCattle_Muzzle_Individualized/cattle_6226/cattle_6226_DSCF7629.jpg,cattle_6226,15,train
BeefCattle_Muzzle_database/BeefCattle_Muzzle_Individualized/cattle_6226/cattle_6226_DSCF7617.jpg,cattle_6226,15,train
BeefCattle_Muzzle_database/BeefCattle_Muzzle_Individualized/cattle_6226/cattle_6226_DSCF7621.jpg,cattle_6226,15,train
BeefCattle_Muzzle_database/BeefCattle_Muzzle_Individualized/cattle_6226/cattle_6226_DSCF7626.jpg,cattle_6226,15,train
BeefCattle_Muzzle_database/BeefCattle_Muzzle_Individualized/cattle_6226/cattle_6226_DSCF7632.jpg,cattle_6226,15,train
BeefCattle_Muzzle_database/BeefCattle_Muzzle_Individualized/cattle_6226/cattle_6226_DSCF7628.jpg,cattle_6226,15,train
BeefCattle_Muzzle_database/BeefCattle_Muzzle_Individualized/cattle_6226/cattle_6226_DSCF7627.jpg,cattle_6226,15,val
BeefCattle_Muzzle_database/BeefCattle_Muzzle_Individualized/cattle_6226/cattle_6226_DSCF7630.jpg,cattle_6226,15,val
BeefCattle_Muzzle_database/BeefCattle_Muzzle_Individualized/cattle_6226/cattle_6226_DSCF7619.jpg,cattle_6226,15,test
BeefCattle_Muzzle_database/BeefCattle_Muzzle_Individualized/cattle_6226/cattle_6226_DSCF7624.jpg,cattle_6226,15,test
BeefCattle_Muzzle_database/BeefCattle_Muzzle_Individualized/cattle_6226/cattle_6226_DSCF7618.jpg,cattle_6226,15,test
BeefCattle_Muzzle_database/BeefCattle_Muzzle_Individualized/cattle_6253/cattle_6253_DSCF6948.jpg,cattle_6253,8,train
BeefCattle_Muzzle_database/BeefCattle_Muzzle_Individualized/cattle_6253/cattle_6253_DSCF6949.jpg,cattle_6253,8,train
BeefCattle_Muzzle_database/BeefCattle_Muzzle_Individualized/cattle_6253/cattle_6253_DSCF6947.jpg,cattle_6253,8,train
BeefCattle_Muzzle_database/BeefCattle_Muzzle_Individualized/cattle_6253/cattle_6253_DSCF6955.jpg,cattle_6253,8,train
BeefCattle_Muzzle_database/BeefCattle_Muzzle_Individualized/cattle_6253/cattle_6253_DSCF6952.jpg,cattle_6253,8,train
BeefCattle_Muzzle_database/BeefCattle_Muzzle_Individualized/cattle_6253/cattle_6253_DSCF6951.jpg,cattle_6253,8,val
BeefCattle_Muzzle_database/BeefCattle_Muzzle_Individualized/cattle_6253/cattle_6253_DSCF6953.jpg,cattle_6253,8,test
BeefCattle_Muzzle_database/BeefCattle_Muzzle_Individualized/cattle_6253/cattle_6253_DSCF6954.jpg,cattle_6253,8,test
BeefCattle_Muzzle_database/BeefCattle_Muzzle_Individualized/cattle_6266/cattle_6266_DSCF8036.jpg,cattle_6266,10,train
BeefCattle_Muzzle_database/BeefCattle_Muzzle_Individualized/cattle_6266/cattle_6266_DSCF8038.jpg,cattle_6266,10,train
BeefCattle_Muzzle_database/BeefCattle_Muzzle_Individualized/cattle_6266/cattle_6266_DSCF8032.jpg,cattle_6266,10,train
BeefCattle_Muzzle_database/BeefCattle_Muzzle_Individualized/cattle_6266/cattle_6266_DSCF8031.jpg,cattle_6266,10,train
BeefCattle_Muzzle_database/BeefCattle_Muzzle_Individualized/cattle_6266/cattle_6266_DSCF8034.jpg,cattle_6266,10,train
BeefCattle_Muzzle_database/BeefCattle_Muzzle_Individualized/cattle_6266/cattle_6266_DSCF8039.jpg,cattle_6266,10,train
BeefCattle_Muzzle_database/BeefCattle_Muzzle_Individualized/cattle_6266/cattle_6266_DSCF8040.jpg,cattle_6266,10,train
BeefCattle_Muzzle_database/BeefCattle_Muzzle_Individualized/cattle_6266/cattle_6266_DSCF8033.jpg,cattle_6266,10,val
BeefCattle_Muzzle_database/BeefCattle_Muzzle_Individualized/cattle_6266/cattle_6266_DSCF8037.jpg,cattle_6266,10,test
BeefCattle_Muzzle_database/BeefCattle_Muzzle_Individualized/cattle_6266/cattle_6266_DSCF8035.jpg,cattle_6266,10,test
BeefCattle_Muzzle_database/BeefCattle_Muzzle_Individualized/cattle_6276/cattle_6276_DSCF7946.jpg,cattle_6276,15,train
BeefCattle_Muzzle_database/BeefCattle_Muzzle_Individualized/cattle_6276/cattle_6276_DSCF7943.jpg,cattle_6276,15,train
BeefCattle_Muzzle_database/BeefCattle_Muzzle_Individualized/cattle_6276/cattle_6276_DSCF7934.jpg,cattle_6276,15,train
BeefCattle_Muzzle_database/BeefCattle_Muzzle_Individualized/cattle_6276/cattle_6276_DSCF7942.jpg,cattle_6276,15,train
BeefCattle_Muzzle_database/BeefCattle_Muzzle_Individualized/cattle_6276/cattle_6276_DSCF7941.jpg,cattle_6276,15,train
BeefCattle_Muzzle_database/BeefCattle_Muzzle_Individualized/cattle_6276/cattle_6276_DSCF7939.jpg,cattle_6276,15,train
BeefCattle_Muzzle_database/BeefCattle_Muzzle_Individualized/cattle_6276/cattle_6276_DSCF7935.jpg,cattle_6276,15,train
BeefCattle_Muzzle_database/BeefCattle_Muzzle_Individualized/cattle_6276/cattle_6276_DSCF7945.jpg,cattle_6276,15,train
BeefCattle_Muzzle_database/BeefCattle_Muzzle_Individualized/cattle_6276/cattle_6276_DSCF7938.jpg,cattle_6276,15,train
BeefCattle_Muzzle_database/BeefCattle_Muzzle_Individualized/cattle_6276/cattle_6276_DSCF7937.jpg,cattle_6276,15,train
BeefCattle_Muzzle_database/BeefCattle_Muzzle_Individualized/cattle_6276/cattle_6276_DSCF7940.jpg,cattle_6276,15,val
BeefCattle_Muzzle_database/BeefCattle_Muzzle_Individualized/cattle_6276/cattle_6276_DSCF7947.jpg,cattle_6276,15,val
BeefCattle_Muzzle_database/BeefCattle_Muzzle_Individualized/cattle_6276/cattle_6276_DSCF7933.jpg,cattle_6276,15,test
BeefCattle_Muzzle_database/BeefCattle_Muzzle_Individualized/cattle_6276/cattle_6276_DSCF7936.jpg,cattle_6276,15,test
BeefCattle_Muzzle_database/BeefCattle_Muzzle_Individualized/cattle_6276/cattle_6276_DSCF7944.jpg,cattle_6276,15,test
BeefCattle_Muzzle_database/BeefCattle_Muzzle_Individualized/cattle_6277/cattle_6277_DSCF7131.jpg,cattle_6277,12,train
BeefCattle_Muzzle_database/BeefCattle_Muzzle_Individualized/cattle_6277/cattle_6277_DSCF7126.jpg,cattle_6277,12,train
BeefCattle_Muzzle_database/BeefCattle_Muzzle_Individualized/cattle_6277/cattle_6277_DSCF7134.jpg,cattle_6277,12,train
BeefCattle_Muzzle_database/BeefCattle_Muzzle_Individualized/cattle_6277/cattle_6277_DSCF7125.jpg,cattle_6277,12,train
BeefCattle_Muzzle_database/BeefCattle_Muzzle_Individualized/cattle_6277/cattle_6277_DSCF7136.jpg,cattle_6277,12,train
BeefCattle_Muzzle_database/BeefCattle_Muzzle_Individualized/cattle_6277/cattle_6277_DSCF7133.jpg,cattle_6277,12,train
BeefCattle_Muzzle_database/BeefCattle_Muzzle_Individualized/cattle_6277/cattle_6277_DSCF7135.jpg,cattle_6277,12,train
BeefCattle_Muzzle_database/BeefCattle_Muzzle_Individualized/cattle_6277/cattle_6277_DSCF7130.jpg,cattle_6277,12,train
BeefCattle_Muzzle_database/BeefCattle_Muzzle_Individualized/cattle_6277/cattle_6277_DSCF7132.jpg,cattle_6277,12,val
BeefCattle_Muzzle_database/BeefCattle_Muzzle_Individualized/cattle_6277/cattle_6277_DSCF7129.jpg,cattle_6277,12,test
BeefCattle_Muzzle_database/BeefCattle_Muzzle_Individualized/cattle_6277/cattle_6277_DSCF7127.jpg,cattle_6277,12,test
BeefCattle_Muzzle_database/BeefCattle_Muzzle_Individualized/cattle_6277/cattle_6277_DSCF7128.jpg,cattle_6277,12,test
BeefCattle_Muzzle_database/BeefCattle_Muzzle_Individualized/cattle_6278/cattle_6278_DSCF7944.jpg,cattle_6278,13,train
BeefCattle_Muzzle_database/BeefCattle_Muzzle_Individualized/cattle_6278/cattle_6278_DSCF7942.jpg,cattle_6278,13,train
BeefCattle_Muzzle_database/BeefCattle_Muzzle_Individualized/cattle_6278/cattle_6278_DSCF7945.jpg,cattle_6278,13,train
BeefCattle_Muzzle_database/BeefCattle_Muzzle_Individualized/cattle_6278/cattle_6278_DSCF7935.jpg,cattle_6278,13,train
BeefCattle_Muzzle_database/BeefCattle_Muzzle_Individualized/cattle_6278/cattle_6278_DSCF7943.jpg,cattle_6278,13,train
BeefCattle_Muzzle_database/BeefCattle_Muzzle_Individualized/cattle_6278/cattle_6278_DSCF7934.jpg,cattle_6278,13,train
BeefCattle_Muzzle_database/BeefCattle_Muzzle_Individualized/cattle_6278/cattle_6278_DSCF7937.jpg,cattle_6278,13,train
BeefCattle_Muzzle_database/BeefCattle_Muzzle_Individualized/cattle_6278/cattle_6278_DSCF7933.jpg,cattle_6278,13,train
BeefCattle_Muzzle_database/BeefCattle_Muzzle_Individualized/cattle_6278/cattle_6278_DSCF7938.jpg,cattle_6278,13,train
BeefCattle_Muzzle_database/BeefCattle_Muzzle_Individualized/cattle_6278/cattle_6278_DSCF7941.jpg,cattle_6278,13,val
BeefCattle_Muzzle_database/BeefCattle_Muzzle_Individualized/cattle_6278/cattle_6278_DSCF7940.jpg,cattle_6278,13,test
BeefCattle_Muzzle_database/BeefCattle_Muzzle_Individualized/cattle_6278/cattle_6278_DSCF7939.jpg,cattle_6278,13,test
BeefCattle_Muzzle_database/BeefCattle_Muzzle_Individualized/cattle_6278/cattle_6278_DSCF7936.jpg,cattle_6278,13,test
BeefCattle_Muzzle_database/BeefCattle_Muzzle_Individualized/cattle_6282/cattle_6282_DSCF6808.jpg,cattle_6282,12,train
BeefCattle_Muzzle_database/BeefCattle_Muzzle_Individualized/cattle_6282/cattle_6282_DSCF6803.jpg,cattle_6282,12,train
BeefCattle_Muzzle_database/BeefCattle_Muzzle_Individualized/cattle_6282/cattle_6282_DSCF6804.jpg,cattle_6282,12,train
BeefCattle_Muzzle_database/BeefCattle_Muzzle_Individualized/cattle_6282/cattle_6282_DSCF6805.jpg,cattle_6282,12,train
BeefCattle_Muzzle_database/BeefCattle_Muzzle_Individualized/cattle_6282/cattle_6282_DSCF6811.jpg,cattle_6282,12,train
BeefCattle_Muzzle_database/BeefCattle_Muzzle_Individualized/cattle_6282/cattle_6282_DSCF6807.jpg,cattle_6282,12,train
BeefCattle_Muzzle_database/BeefCattle_Muzzle_Individualized/cattle_6282/cattle_6282_DSCF6799.jpg,cattle_6282,12,train
BeefCattle_Muzzle_database/BeefCattle_Muzzle_Individualized/cattle_6282/cattle_6282_DSCF6908.jpg,cattle_6282,12,train
BeefCattle_Muzzle_database/BeefCattle_Muzzle_Individualized/cattle_6282/cattle_6282_DSCF6798.jpg,cattle_6282,12,val
BeefCattle_Muzzle_database/BeefCattle_Muzzle_Individualized/cattle_6282/cattle_6282_DSCF6810.jpg,cattle_6282,12,test
BeefCattle_Muzzle_database/BeefCattle_Muzzle_Individualized/cattle_6282/cattle_6282_DSCF6809.jpg,cattle_6282,12,test
BeefCattle_Muzzle_database/BeefCattle_Muzzle_Individualized/cattle_6282/cattle_6282_DSCF6800.jpg,cattle_6282,12,test
BeefCattle_Muzzle_database/BeefCattle_Muzzle_Individualized/cattle_6287/cattle_6287_DSCF7491.jpg,cattle_6287,14,train
BeefCattle_Muzzle_database/BeefCattle_Muzzle_Individualized/cattle_6287/cattle_6287_DSCF7490.jpg,cattle_6287,14,train
BeefCattle_Muzzle_database/BeefCattle_Muzzle_Individualized/cattle_6287/cattle_6287_DSCF7497.jpg,cattle_6287,14,train
BeefCattle_Muzzle_database/BeefCattle_Muzzle_Individualized/cattle_6287/cattle_6287_DSCF7495.jpg,cattle_6287,14,train
BeefCattle_Muzzle_database/BeefCattle_Muzzle_Individualized/cattle_6287/cattle_6287_DSCF7502.jpg,cattle_6287,14,train
BeefCattle_Muzzle_database/BeefCattle_Muzzle_Individualized/cattle_6287/cattle_6287_DSCF7499.jpg,cattle_6287,14,train
BeefCattle_Muzzle_database/BeefCattle_Muzzle_Individualized/cattle_6287/cattle_6287_DSCF7498.jpg,cattle_6287,14,train
BeefCattle_Muzzle_database/BeefCattle_Muzzle_Individualized/cattle_6287/cattle_6287_DSCF7496.jpg,cattle_6287,14,train
BeefCattle_Muzzle_database/BeefCattle_Muzzle_Individualized/cattle_6287/cattle_6287_DSCF7501.jpg,cattle_6287,14,train
BeefCattle_Muzzle_database/BeefCattle_Muzzle_Individualized/cattle_6287/cattle_6287_DSCF7493.jpg,cattle_6287,14,val
BeefCattle_Muzzle_database/BeefCattle_Muzzle_Individualized/cattle_6287/cattle_6287_DSCF7492.jpg,cattle_6287,14,val
BeefCattle_Muzzle_database/BeefCattle_Muzzle_Individualized/cattle_6287/cattle_6287_DSCF7500.jpg,cattle_6287,14,test
BeefCattle_Muzzle_database/BeefCattle_Muzzle_Individualized/cattle_6287/cattle_6287_DSCF7494.jpg,cattle_6287,14,test
BeefCattle_Muzzle_database/BeefCattle_Muzzle_Individualized/cattle_6287/cattle_6287_DSCF7489.jpg,cattle_6287,14,test
BeefCattle_Muzzle_database/BeefCattle_Muzzle_Individualized/cattle_6294/cattle_6294_DSCF9254.jpg,cattle_6294,10,train
BeefCattle_Muzzle_database/BeefCattle_Muzzle_Individualized/cattle_6294/cattle_6294_DSCF9249.jpg,cattle_6294,10,train
BeefCattle_Muzzle_database/BeefCattle_Muzzle_Individualized/cattle_6294/cattle_6294_DSCF9250.jpg,cattle_6294,10,train
BeefCattle_Muzzle_database/BeefCattle_Muzzle_Individualized/cattle_6294/cattle_6294_DSCF9257.jpg,cattle_6294,10,train
BeefCattle_Muzzle_database/BeefCattle_Muzzle_Individualized/cattle_6294/cattle_6294_DSCF9253.jpg,cattle_6294,10,train
BeefCattle_Muzzle_database/BeefCattle_Muzzle_Individualized/cattle_6294/cattle_6294_DSCF9252.jpg,cattle_6294,10,train
BeefCattle_Muzzle_database/BeefCattle_Muzzle_Individualized/cattle_6294/cattle_6294_DSCF9255.jpg,cattle_6294,10,train
BeefCattle_Muzzle_database/BeefCattle_Muzzle_Individualized/cattle_6294/cattle_6294_DSCF9251.jpg,cattle_6294,10,val
BeefCattle_Muzzle_database/BeefCattle_Muzzle_Individualized/cattle_6294/cattle_6294_DSCF9258.jpg,cattle_6294,10,test
BeefCattle_Muzzle_database/BeefCattle_Muzzle_Individualized/cattle_6294/cattle_6294_DSCF9256.jpg,cattle_6294,10,test
BeefCattle_Muzzle_database/BeefCattle_Muzzle_Individualized/cattle_6295/cattle_6295_DSCF7454.jpg,cattle_6295,10,train
BeefCattle_Muzzle_database/BeefCattle_Muzzle_Individualized/cattle_6295/cattle_6295_DSCF7456.jpg,cattle_6295,10,train
BeefCattle_Muzzle_database/BeefCattle_Muzzle_Individualized/cattle_6295/cattle_6295_DSCF7451.jpg,cattle_6295,10,train
BeefCattle_Muzzle_database/BeefCattle_Muzzle_Individualized/cattle_6295/cattle_6295_DSCF7457.jpg,cattle_6295,10,train
BeefCattle_Muzzle_database/BeefCattle_Muzzle_Individualized/cattle_6295/cattle_6295_DSCF7455.jpg,cattle_6295,10,train
BeefCattle_Muzzle_database/BeefCattle_Muzzle_Individualized/cattle_6295/cattle_6295_DSCF7452.jpg,cattle_6295,10,train
BeefCattle_Muzzle_database/BeefCattle_Muzzle_Individualized/cattle_6295/cattle_6295_DSCF7449.jpg,cattle_6295,10,train
BeefCattle_Muzzle_database/BeefCattle_Muzzle_Individualized/cattle_6295/cattle_6295_DSCF7458.jpg,cattle_6295,10,val
BeefCattle_Muzzle_database/BeefCattle_Muzzle_Individualized/cattle_6295/cattle_6295_DSCF7450.jpg,cattle_6295,10,test
BeefCattle_Muzzle_database/BeefCattle_Muzzle_Individualized/cattle_6295/cattle_6295_DSCF7453.jpg,cattle_6295,10,test
BeefCattle_Muzzle_database/BeefCattle_Muzzle_Individualized/cattle_6313/cattle_6313_DSCF8777.jpg,cattle_6313,34,train
BeefCattle_Muzzle_database/BeefCattle_Muzzle_Individualized/cattle_6313/cattle_6313_DSCF8786.jpg,cattle_6313,34,train
BeefCattle_Muzzle_database/BeefCattle_Muzzle_Individualized/cattle_6313/cattle_6313_DSCF8787.jpg,cattle_6313,34,train
BeefCattle_Muzzle_database/BeefCattle_Muzzle_Individualized/cattle_6313/cattle_6313_DSCF8782.jpg,cattle_6313,34,train
BeefCattle_Muzzle_database/BeefCattle_Muzzle_Individualized/cattle_6313/cattle_6313_DSCF8746.jpg,cattle_6313,34,train
BeefCattle_Muzzle_database/BeefCattle_Muzzle_Individualized/cattle_6313/cattle_6313_DSCF8744.jpg,cattle_6313,34,train
BeefCattle_Muzzle_database/BeefCattle_Muzzle_Individualized/cattle_6313/cattle_6313_DSCF8745.jpg,cattle_6313,34,train
BeefCattle_Muzzle_database/BeefCattle_Muzzle_Individualized/cattle_6313/cattle_6313_DSCF8776.jpg,cattle_6313,34,train
BeefCattle_Muzzle_database/BeefCattle_Muzzle_Individualized/cattle_6313/cattle_6313_DSCF8778.jpg,cattle_6313,34,train
BeefCattle_Muzzle_database/BeefCattle_Muzzle_Individualized/cattle_6313/cattle_6313_DSCF8755.jpg,cattle_6313,34,train
BeefCattle_Muzzle_database/BeefCattle_Muzzle_Individualized/cattle_6313/cattle_6313_DSCF8749.jpg,cattle_6313,34,train
BeefCattle_Muzzle_database/BeefCattle_Muzzle_Individualized/cattle_6313/cattle_6313_DSCF8788.jpg,cattle_6313,34,train
BeefCattle_Muzzle_database/BeefCattle_Muzzle_Individualized/cattle_6313/cattle_6313_DSCF8753.jpg,cattle_6313,34,train
BeefCattle_Muzzle_database/BeefCattle_Muzzle_Individualized/cattle_6313/cattle_6313_DSCF8791.jpg,cattle_6313,34,train
BeefCattle_Muzzle_database/BeefCattle_Muzzle_Individualized/cattle_6313/cattle_6313_DSCF8754.jpg,cattle_6313,34,train
BeefCattle_Muzzle_database/BeefCattle_Muzzle_Individualized/cattle_6313/cattle_6313_DSCF8752.jpg,cattle_6313,34,train
BeefCattle_Muzzle_database/BeefCattle_Muzzle_Individualized/cattle_6313/cattle_6313_DSCF8789.jpg,cattle_6313,34,train
BeefCattle_Muzzle_database/BeefCattle_Muzzle_Individualized/cattle_6313/cattle_6313_DSCF8750.jpg,cattle_6313,34,train
BeefCattle_Muzzle_database/BeefCattle_Muzzle_Individualized/cattle_6313/cattle_6313_DSCF8781.jpg,cattle_6313,34,train
BeefCattle_Muzzle_database/BeefCattle_Muzzle_Individualized/cattle_6313/cattle_6313_DSCF8748.jpg,cattle_6313,34,train
BeefCattle_Muzzle_database/BeefCattle_Muzzle_Individualized/cattle_6313/cattle_6313_DSCF8747.jpg,cattle_6313,34,train
BeefCattle_Muzzle_database/BeefCattle_Muzzle_Individualized/cattle_6313/cattle_6313_DSCF8758.jpg,cattle_6313,34,train
BeefCattle_Muzzle_database/BeefCattle_Muzzle_Individualized/cattle_6313/cattle_6313_DSCF8785.jpg,cattle_6313,34,train
BeefCattle_Muzzle_database/BeefCattle_Muzzle_Individualized/cattle_6313/cattle_6313_DSCF8780.jpg,cattle_6313,34,val
BeefCattle_Muzzle_database/BeefCattle_Muzzle_Individualized/cattle_6313/cattle_6313_DSCF8784.jpg,cattle_6313,34,val
BeefCattle_Muzzle_database/BeefCattle_Muzzle_Individualized/cattle_6313/cattle_6313_DSCF8783.jpg,cattle_6313,34,val
BeefCattle_Muzzle_database/BeefCattle_Muzzle_Individualized/cattle_6313/cattle_6313_DSCF8743.jpg,cattle_6313,34,val
BeefCattle_Muzzle_database/BeefCattle_Muzzle_Individualized/cattle_6313/cattle_6313_DSCF8775.jpg,cattle_6313,34,val
BeefCattle_Muzzle_database/BeefCattle_Muzzle_Individualized/cattle_6313/cattle_6313_DSCF8790.jpg,cattle_6313,34,test
BeefCattle_Muzzle_database/BeefCattle_Muzzle_Individualized/cattle_6313/cattle_6313_DSCF8779.jpg,cattle_6313,34,test
BeefCattle_Muzzle_database/BeefCattle_Muzzle_Individualized/cattle_6313/cattle_6313_DSCF8751.jpg,cattle_6313,34,test
BeefCattle_Muzzle_database/BeefCattle_Muzzle_Individualized/cattle_6313/cattle_6313_DSCF8756.jpg,cattle_6313,34,test
BeefCattle_Muzzle_database/BeefCattle_Muzzle_Individualized/cattle_6313/cattle_6313_DSCF8792.jpg,cattle_6313,34,test
BeefCattle_Muzzle_database/BeefCattle_Muzzle_Individualized/cattle_6313/cattle_6313_DSCF8757.jpg,cattle_6313,34,test
BeefCattle_Muzzle_database/BeefCattle_Muzzle_Individualized/cattle_6331/cattle_6331_DSCF8774.jpg,cattle_6331,32,train
BeefCattle_Muzzle_database/BeefCattle_Muzzle_Individualized/cattle_6331/cattle_6331_DSCF8755.jpg,cattle_6331,32,train
BeefCattle_Muzzle_database/BeefCattle_Muzzle_Individualized/cattle_6331/cattle_6331_DSCF8750.jpg,cattle_6331,32,train
BeefCattle_Muzzle_database/BeefCattle_Muzzle_Individualized/cattle_6331/cattle_6331_DSCF8751.jpg,cattle_6331,32,train
BeefCattle_Muzzle_database/BeefCattle_Muzzle_Individualized/cattle_6331/cattle_6331_DSCF8773.jpg,cattle_6331,32,train
BeefCattle_Muzzle_database/BeefCattle_Muzzle_Individualized/cattle_6331/cattle_6331_DSCF8744.jpg,cattle_6331,32,train
BeefCattle_Muzzle_database/BeefCattle_Muzzle_Individualized/cattle_6331/cattle_6331_DSCF8771.jpg,cattle_6331,32,train
BeefCattle_Muzzle_database/BeefCattle_Muzzle_Individualized/cattle_6331/cattle_6331_DSCF8772.jpg,cattle_6331,32,train
BeefCattle_Muzzle_database/BeefCattle_Muzzle_Individualized/cattle_6331/cattle_6331_DSCF8761.jpg,cattle_6331,32,train
BeefCattle_Muzzle_database/BeefCattle_Muzzle_Individualized/cattle_6331/cattle_6331_DSCF8756.jpg,cattle_6331,32,train
BeefCattle_Muzzle_database/BeefCattle_Muzzle_Individualized/cattle_6331/cattle_6331_DSCF8768.jpg,cattle_6331,32,train
BeefCattle_Muzzle_database/BeefCattle_Muzzle_Individualized/cattle_6331/cattle_6331_DSCF8757.jpg,cattle_6331,32,train
BeefCattle_Muzzle_database/BeefCattle_Muzzle_Individualized/cattle_6331/cattle_6331_DSCF8748.jpg,cattle_6331,32,train
BeefCattle_Muzzle_database/BeefCattle_Muzzle_Individualized/cattle_6331/cattle_6331_DSCF8767.jpg,cattle_6331,32,train
BeefCattle_Muzzle_database/BeefCattle_Muzzle_Individualized/cattle_6331/cattle_6331_DSCF8747.jpg,cattle_6331,32,train
BeefCattle_Muzzle_database/BeefCattle_Muzzle_Individualized/cattle_6331/cattle_6331_DSCF8753.jpg,cattle_6331,32,train
BeefCattle_Muzzle_database/BeefCattle_Muzzle_Individualized/cattle_6331/cattle_6331_DSCF8745.jpg,cattle_6331,32,train
BeefCattle_Muzzle_database/BeefCattle_Muzzle_Individualized/cattle_6331/cattle_6331_DSCF8758.jpg,cattle_6331,32,train
BeefCattle_Muzzle_database/BeefCattle_Muzzle_Individualized/cattle_6331/cattle_6331_DSCF8746.jpg,cattle_6331,32,train
BeefCattle_Muzzle_database/BeefCattle_Muzzle_Individualized/cattle_6331/cattle_6331_DSCF8766.jpg,cattle_6331,32,train
BeefCattle_Muzzle_database/BeefCattle_Muzzle_Individualized/cattle_6331/cattle_6331_DSCF8752.jpg,cattle_6331,32,train
BeefCattle_Muzzle_database/BeefCattle_Muzzle_Individualized/cattle_6331/cattle_6331_DSCF8765.jpg,cattle_6331,32,train
BeefCattle_Muzzle_database/BeefCattle_Muzzle_Individualized/cattle_6331/cattle_6331_DSCF8762.jpg,cattle_6331,32,val
BeefCattle_Muzzle_database/BeefCattle_Muzzle_Individualized/cattle_6331/cattle_6331_DSCF8763.jpg,cattle_6331,32,val
BeefCattle_Muzzle_database/BeefCattle_Muzzle_Individualized/cattle_6331/cattle_6331_DSCF8760.jpg,cattle_6331,32,val
BeefCattle_Muzzle_database/BeefCattle_Muzzle_Individualized/cattle_6331/cattle_6331_DSCF8754.jpg,cattle_6331,32,val
BeefCattle_Muzzle_database/BeefCattle_Muzzle_Individualized/cattle_6331/cattle_6331_DSCF8770.jpg,cattle_6331,32,test
BeefCattle_Muzzle_database/BeefCattle_Muzzle_Individualized/cattle_6331/cattle_6331_DSCF8769.jpg,cattle_6331,32,test
BeefCattle_Muzzle_database/BeefCattle_Muzzle_Individualized/cattle_6331/cattle_6331_DSCF8764.jpg,cattle_6331,32,test
BeefCattle_Muzzle_database/BeefCattle_Muzzle_Individualized/cattle_6331/cattle_6331_DSCF8759.jpg,cattle_6331,32,test
BeefCattle_Muzzle_database/BeefCattle_Muzzle_Individualized/cattle_6331/cattle_6331_DSCF8743.jpg,cattle_6331,32,test
BeefCattle_Muzzle_database/BeefCattle_Muzzle_Individualized/cattle_6331/cattle_6331_DSCF8749.jpg,cattle_6331,32,test
BeefCattle_Muzzle_database/BeefCattle_Muzzle_Individualized/cattle_6333/cattle_6333_DSCF8789.jpg,cattle_6333,54,train
BeefCattle_Muzzle_database/BeefCattle_Muzzle_Individualized/cattle_6333/cattle_6333_DSCF8790.jpg,cattle_6333,54,train
BeefCattle_Muzzle_database/BeefCattle_Muzzle_Individualized/cattle_6333/cattle_6333_DSCF8759.jpg,cattle_6333,54,train
BeefCattle_Muzzle_database/BeefCattle_Muzzle_Individualized/cattle_6333/cattle_6333_DSCF8783.jpg,cattle_6333,54,train
BeefCattle_Muzzle_database/BeefCattle_Muzzle_Individualized/cattle_6333/cattle_6333_DSCF8752.jpg,cattle_6333,54,train
BeefCattle_Muzzle_database/BeefCattle_Muzzle_Individualized/cattle_6333/cattle_6333_DSCF8733.jpg,cattle_6333,54,train
BeefCattle_Muzzle_database/BeefCattle_Muzzle_Individualized/cattle_6333/cattle_6333_DSCF8788.jpg,cattle_6333,54,train
BeefCattle_Muzzle_database/BeefCattle_Muzzle_Individualized/cattle_6333/cattle_6333_DSCF8768.jpg,cattle_6333,54,train
BeefCattle_Muzzle_database/BeefCattle_Muzzle_Individualized/cattle_6333/cattle_6333_DSCF8778.jpg,cattle_6333,54,train
BeefCattle_Muzzle_database/BeefCattle_Muzzle_Individualized/cattle_6333/cattle_6333_DSCF8786.jpg,cattle_6333,54,train
BeefCattle_Muzzle_database/BeefCattle_Muzzle_Individualized/cattle_6333/cattle_6333_DSCF8772.jpg,cattle_6333,54,train
BeefCattle_Muzzle_database/BeefCattle_Muzzle_Individualized/cattle_6333/cattle_6333_DSCF8745.jpg,cattle_6333,54,train
BeefCattle_Muzzle_database/BeefCattle_Muzzle_Individualized/cattle_6333/cattle_6333_DSCF8779.jpg,cattle_6333,54,train
BeefCattle_Muzzle_database/BeefCattle_Muzzle_Individualized/cattle_6333/cattle_6333_DSCF8762.jpg,cattle_6333,54,train
BeefCattle_Muzzle_database/BeefCattle_Muzzle_Individualized/cattle_6333/cattle_6333_DSCF8792.jpg,cattle_6333,54,train
BeefCattle_Muzzle_database/BeefCattle_Muzzle_Individualized/cattle_6333/cattle_6333_DSCF8750.jpg,cattle_6333,54,train
BeefCattle_Muzzle_database/BeefCattle_Muzzle_Individualized/cattle_6333/cattle_6333_DSCF8746.jpg,cattle_6333,54,train
BeefCattle_Muzzle_database/BeefCattle_Muzzle_Individualized/cattle_6333/cattle_6333_DSCF8781.jpg,cattle_6333,54,train
BeefCattle_Muzzle_database/BeefCattle_Muzzle_Individualized/cattle_6333/cattle_6333_DSCF8787.jpg,cattle_6333,54,train
BeefCattle_Muzzle_database/BeefCattle_Muzzle_Individualized/cattle_6333/cattle_6333_DSCF8774.jpg,cattle_6333,54,train
BeefCattle_Muzzle_database/BeefCattle_Muzzle_Individualized/cattle_6333/cattle_6333_DSCF8766.jpg,cattle_6333,54,train
BeefCattle_Muzzle_database/BeefCattle_Muzzle_Individualized/cattle_6333/cattle_6333_DSCF8791.jpg,cattle_6333,54,train
BeefCattle_Muzzle_database/BeefCattle_Muzzle_Individualized/cattle_6333/cattle_6333_DSCF8743.jpg,cattle_6333,54,train
BeefCattle_Muzzle_database/BeefCattle_Muzzle_Individualized/cattle_6333/cattle_6333_DSCF8754.jpg,cattle_6333,54,train
BeefCattle_Muzzle_database/BeefCattle_Muzzle_Individualized/cattle_6333/cattle_6333_DSCF8736.jpg,cattle_6333,54,train
BeefCattle_Muzzle_database/BeefCattle_Muzzle_Individualized/cattle_6333/cattle_6333_DSCF8748.jpg,cattle_6333,54,train
BeefCattle_Muzzle_database/BeefCattle_Muzzle_Individualized/cattle_6333/cattle_6333_DSCF8744.jpg,cattle_6333,54,train
BeefCattle_Muzzle_database/BeefCattle_Muzzle_Individualized/cattle_6333/cattle_6333_DSCF8756.jpg,cattle_6333,54,train
BeefCattle_Muzzle_database/BeefCattle_Muzzle_Individualized/cattle_6333/cattle_6333_DSCF8767.jpg,cattle_6333,54,train
BeefCattle_Muzzle_database/BeefCattle_Muzzle_Individualized/cattle_6333/cattle_6333_DSCF8777.jpg,cattle_6333,54,train
BeefCattle_Muzzle_database/BeefCattle_Muzzle_Individualized/cattle_6333/cattle_6333_DSCF8784.jpg,cattle_6333,54,train
BeefCattle_Muzzle_database/BeefCattle_Muzzle_Individualized/cattle_6333/cattle_6333_DSCF8749.jpg,cattle_6333,54,train
BeefCattle_Muzzle_database/BeefCattle_Muzzle_Individualized/cattle_6333/cattle_6333_DSCF8758.jpg,cattle_6333,54,train
BeefCattle_Muzzle_database/BeefCattle_Muzzle_Individualized/cattle_6333/cattle_6333_DSCF8771.jpg,cattle_6333,54,train
BeefCattle_Muzzle_database/BeefCattle_Muzzle_Individualized/cattle_6333/cattle_6333_DSCF8761.jpg,cattle_6333,54,train
BeefCattle_Muzzle_database/BeefCattle_Muzzle_Individualized/cattle_6333/cattle_6333_DSCF8769.jpg,cattle_6333,54,train
BeefCattle_Muzzle_database/BeefCattle_Muzzle_Individualized/cattle_6333/cattle_6333_DSCF8773.jpg,cattle_6333,54,train
BeefCattle_Muzzle_database/BeefCattle_Muzzle_Individualized/cattle_6333/cattle_6333_DSCF8753.jpg,cattle_6333,54,val
BeefCattle_Muzzle_database/BeefCattle_Muzzle_Individualized/cattle_6333/cattle_6333_DSCF8760.jpg,cattle_6333,54,val
BeefCattle_Muzzle_database/BeefCattle_Muzzle_Individualized/cattle_6333/cattle_6333_DSCF8751.jpg,cattle_6333,54,val
BeefCattle_Muzzle_database/BeefCattle_Muzzle_Individualized/cattle_6333/cattle_6333_DSCF8775.jpg,cattle_6333,54,val
BeefCattle_Muzzle_database/BeefCattle_Muzzle_Individualized/cattle_6333/cattle_6333_DSCF8776.jpg,cattle_6333,54,val
BeefCattle_Muzzle_database/BeefCattle_Muzzle_Individualized/cattle_6333/cattle_6333_DSCF8735.jpg,cattle_6333,54,val
BeefCattle_Muzzle_database/BeefCattle_Muzzle_Individualized/cattle_6333/cattle_6333_DSCF8763.jpg,cattle_6333,54,val
BeefCattle_Muzzle_database/BeefCattle_Muzzle_Individualized/cattle_6333/cattle_6333_DSCF8764.jpg,cattle_6333,54,val
BeefCattle_Muzzle_database/BeefCattle_Muzzle_Individualized/cattle_6333/cattle_6333_DSCF8765.jpg,cattle_6333,54,test
BeefCattle_Muzzle_database/BeefCattle_Muzzle_Individualized/cattle_6333/cattle_6333_DSCF8755.jpg,cattle_6333,54,test
BeefCattle_Muzzle_database/BeefCattle_Muzzle_Individualized/cattle_6333/cattle_6333_DSCF8757.jpg,cattle_6333,54,test
BeefCattle_Muzzle_database/BeefCattle_Muzzle_Individualized/cattle_6333/cattle_6333_DSCF8770.jpg,cattle_6333,54,test
BeefCattle_Muzzle_database/BeefCattle_Muzzle_Individualized/cattle_6333/cattle_6333_DSCF8780.jpg,cattle_6333,54,test
BeefCattle_Muzzle_database/BeefCattle_Muzzle_Individualized/cattle_6333/cattle_6333_DSCF8734.jpg,cattle_6333,54,test
BeefCattle_Muzzle_database/BeefCattle_Muzzle_Individualized/cattle_6333/cattle_6333_DSCF8785.jpg,cattle_6333,54,test
BeefCattle_Muzzle_database/BeefCattle_Muzzle_Individualized/cattle_6333/cattle_6333_DSCF8747.jpg,cattle_6333,54,test
BeefCattle_Muzzle_database/BeefCattle_Muzzle_Individualized/cattle_6333/cattle_6333_DSCF8782.jpg,cattle_6333,54,test
BeefCattle_Muzzle_database/BeefCattle_Muzzle_Individualized/cattle_6442/cattle_6442_DSCF6970.jpg,cattle_6442,13,train
BeefCattle_Muzzle_database/BeefCattle_Muzzle_Individualized/cattle_6442/cattle_6442_DSCF6978.jpg,cattle_6442,13,train
BeefCattle_Muzzle_database/BeefCattle_Muzzle_Individualized/cattle_6442/cattle_6442_DSCF6973.jpg,cattle_6442,13,train
BeefCattle_Muzzle_database/BeefCattle_Muzzle_Individualized/cattle_6442/cattle_6442_DSCF6980.jpg,cattle_6442,13,train
BeefCattle_Muzzle_database/BeefCattle_Muzzle_Individualized/cattle_6442/cattle_6442_DSCF6977.jpg,cattle_6442,13,train
BeefCattle_Muzzle_database/BeefCattle_Muzzle_Individualized/cattle_6442/cattle_6442_DSCF6968.jpg,cattle_6442,13,train
BeefCattle_Muzzle_database/BeefCattle_Muzzle_Individualized/cattle_6442/cattle_6442_DSCF6979.jpg,cattle_6442,13,train
BeefCattle_Muzzle_database/BeefCattle_Muzzle_Individualized/cattle_6442/cattle_6442_DSCF6972.jpg,cattle_6442,13,train
BeefCattle_Muzzle_database/BeefCattle_Muzzle_Individualized/cattle_6442/cattle_6442_DSCF6974.jpg,cattle_6442,13,train
BeefCattle_Muzzle_database/BeefCattle_Muzzle_Individualized/cattle_6442/cattle_6442_DSCF6969.jpg,cattle_6442,13,val
BeefCattle_Muzzle_database/BeefCattle_Muzzle_Individualized/cattle_6442/cattle_6442_DSCF6976.jpg,cattle_6442,13,test
BeefCattle_Muzzle_database/BeefCattle_Muzzle_Individualized/cattle_6442/cattle_6442_DSCF6971.jpg,cattle_6442,13,test
BeefCattle_Muzzle_database/BeefCattle_Muzzle_Individualized/cattle_6442/cattle_6442_DSCF6975.jpg,cattle_6442,13,test
BeefCattle_Muzzle_database/BeefCattle_Muzzle_Individualized/cattle_6446/cattle_6446_DSCF6946.jpg,cattle_6446,8,train
BeefCattle_Muzzle_database/BeefCattle_Muzzle_Individualized/cattle_6446/cattle_6446_DSCF6939.jpg,cattle_6446,8,train
BeefCattle_Muzzle_database/BeefCattle_Muzzle_Individualized/cattle_6446/cattle_6446_DSCF6944.jpg,cattle_6446,8,train
BeefCattle_Muzzle_database/BeefCattle_Muzzle_Individualized/cattle_6446/cattle_6446_DSCF6941.jpg,cattle_6446,8,train
BeefCattle_Muzzle_database/BeefCattle_Muzzle_Individualized/cattle_6446/cattle_6446_DSCF6940.jpg,cattle_6446,8,train
BeefCattle_Muzzle_database/BeefCattle_Muzzle_Individualized/cattle_6446/cattle_6446_DSCF6942.jpg,cattle_6446,8,val
BeefCattle_Muzzle_database/BeefCattle_Muzzle_Individualized/cattle_6446/cattle_6446_DSCF6943.jpg,cattle_6446,8,test
BeefCattle_Muzzle_database/BeefCattle_Muzzle_Individualized/cattle_6446/cattle_6446_DSCF6945.jpg,cattle_6446,8,test
BeefCattle_Muzzle_database/BeefCattle_Muzzle_Individualized/cattle_6458/cattle_6458_DSCF7001.jpg,cattle_6458,10,train
BeefCattle_Muzzle_database/BeefCattle_Muzzle_Individualized/cattle_6458/cattle_6458_DSCF7003.jpg,cattle_6458,10,train
BeefCattle_Muzzle_database/BeefCattle_Muzzle_Individualized/cattle_6458/cattle_6458_DSCF6984.jpg,cattle_6458,10,train
BeefCattle_Muzzle_database/BeefCattle_Muzzle_Individualized/cattle_6458/cattle_6458_DSCF6981.jpg,cattle_6458,10,train
BeefCattle_Muzzle_database/BeefCattle_Muzzle_Individualized/cattle_6458/cattle_6458_DSCF6983.jpg,cattle_6458,10,train
BeefCattle_Muzzle_database/BeefCattle_Muzzle_Individualized/cattle_6458/cattle_6458_DSCF7006.jpg,cattle_6458,10,train
BeefCattle_Muzzle_database/BeefCattle_Muzzle_Individualized/cattle_6458/cattle_6458_DSCF7005.jpg,cattle_6458,10,train
BeefCattle_Muzzle_database/BeefCattle_Muzzle_Individualized/cattle_6458/cattle_6458_DSCF7002.jpg,cattle_6458,10,val
BeefCattle_Muzzle_database/BeefCattle_Muzzle_Individualized/cattle_6458/cattle_6458_DSCF7004.jpg,cattle_6458,10,test
BeefCattle_Muzzle_database/BeefCattle_Muzzle_Individualized/cattle_6458/cattle_6458_DSCF6982.jpg,cattle_6458,10,test
BeefCattle_Muzzle_database/BeefCattle_Muzzle_Individualized/cattle_6479/cattle_6479_DSCF7029.jpg,cattle_6479,15,train
BeefCattle_Muzzle_database/BeefCattle_Muzzle_Individualized/cattle_6479/cattle_6479_DSCF7039.jpg,cattle_6479,15,train
BeefCattle_Muzzle_database/BeefCattle_Muzzle_Individualized/cattle_6479/cattle_6479_DSCF7035.jpg,cattle_6479,15,train
BeefCattle_Muzzle_database/BeefCattle_Muzzle_Individualized/cattle_6479/cattle_6479_DSCF7034.jpg,cattle_6479,15,train
BeefCattle_Muzzle_database/BeefCattle_Muzzle_Individualized/cattle_6479/cattle_6479_DSCF7042.jpg,cattle_6479,15,train
BeefCattle_Muzzle_database/BeefCattle_Muzzle_Individualized/cattle_6479/cattle_6479_DSCF7043.jpg,cattle_6479,15,train
BeefCattle_Muzzle_database/BeefCattle_Muzzle_Individualized/cattle_6479/cattle_6479_DSCF7037.jpg,cattle_6479,15,train
BeefCattle_Muzzle_database/BeefCattle_Muzzle_Individualized/cattle_6479/cattle_6479_DSCF7030.jpg,cattle_6479,15,train
BeefCattle_Muzzle_database/BeefCattle_Muzzle_Individualized/cattle_6479/cattle_6479_DSCF7036.jpg,cattle_6479,15,train
BeefCattle_Muzzle_database/BeefCattle_Muzzle_Individualized/cattle_6479/cattle_6479_DSCF7040.jpg,cattle_6479,15,train
BeefCattle_Muzzle_database/BeefCattle_Muzzle_Individualized/cattle_6479/cattle_6479_DSCF7038.jpg,cattle_6479,15,val
BeefCattle_Muzzle_database/BeefCattle_Muzzle_Individualized/cattle_6479/cattle_6479_DSCF7031.jpg,cattle_6479,15,val
BeefCattle_Muzzle_database/BeefCattle_Muzzle_Individualized/cattle_6479/cattle_6479_DSCF7041.jpg,cattle_6479,15,test
BeefCattle_Muzzle_database/BeefCattle_Muzzle_Individualized/cattle_6479/cattle_6479_DSCF7032.jpg,cattle_6479,15,test
BeefCattle_Muzzle_database/BeefCattle_Muzzle_Individualized/cattle_6479/cattle_6479_DSCF7033.jpg,cattle_6479,15,test
BeefCattle_Muzzle_database/BeefCattle_Muzzle_Individualized/cattle_6499/cattle_6499_DSCF6859.jpg,cattle_6499,9,train
BeefCattle_Muzzle_database/BeefCattle_Muzzle_Individualized/cattle_6499/cattle_6499_DSCF6857.jpg,cattle_6499,9,train
BeefCattle_Muzzle_database/BeefCattle_Muzzle_Individualized/cattle_6499/cattle_6499_DSCF6856.jpg,cattle_6499,9,train
BeefCattle_Muzzle_database/BeefCattle_Muzzle_Individualized/cattle_6499/cattle_6499_DSCF6855.jpg,cattle_6499,9,train
BeefCattle_Muzzle_database/BeefCattle_Muzzle_Individualized/cattle_6499/cattle_6499_DSCF6858.jpg,cattle_6499,9,train
BeefCattle_Muzzle_database/BeefCattle_Muzzle_Individualized/cattle_6499/cattle_6499_DSCF6863.jpg,cattle_6499,9,train
BeefCattle_Muzzle_database/BeefCattle_Muzzle_Individualized/cattle_6499/cattle_6499_DSCF6854.jpg,cattle_6499,9,val
BeefCattle_Muzzle_database/BeefCattle_Muzzle_Individualized/cattle_6499/cattle_6499_DSCF6860.jpg,cattle_6499,9,test
BeefCattle_Muzzle_database/BeefCattle_Muzzle_Individualized/cattle_6499/cattle_6499_DSCF6862.jpg,cattle_6499,9,test
BeefCattle_Muzzle_database/BeefCattle_Muzzle_Individualized/cattle_6505/cattle_6505_DSCF6991.jpg,cattle_6505,14,train
BeefCattle_Muzzle_database/BeefCattle_Muzzle_Individualized/cattle_6505/cattle_6505_DSCF6992.jpg,cattle_6505,14,train
BeefCattle_Muzzle_database/BeefCattle_Muzzle_Individualized/cattle_6505/cattle_6505_DSCF6996.jpg,cattle_6505,14,train
BeefCattle_Muzzle_database/BeefCattle_Muzzle_Individualized/cattle_6505/cattle_6505_DSCF6989.jpg,cattle_6505,14,train
BeefCattle_Muzzle_database/BeefCattle_Muzzle_Individualized/cattle_6505/cattle_6505_DSCF6987.jpg,cattle_6505,14,train
BeefCattle_Muzzle_database/BeefCattle_Muzzle_Individualized/cattle_6505/cattle_6505_DSCF6997.jpg,cattle_6505,14,train
BeefCattle_Muzzle_database/BeefCattle_Muzzle_Individualized/cattle_6505/cattle_6505_DSCF6986.jpg,cattle_6505,14,train
BeefCattle_Muzzle_database/BeefCattle_Muzzle_Individualized/cattle_6505/cattle_6505_DSCF6995.jpg,cattle_6505,14,train
BeefCattle_Muzzle_database/BeefCattle_Muzzle_Individualized/cattle_6505/cattle_6505_DSCF6994.jpg,cattle_6505,14,train
BeefCattle_Muzzle_database/BeefCattle_Muzzle_Individualized/cattle_6505/cattle_6505_DSCF6998.jpg,cattle_6505,14,val
BeefCattle_Muzzle_database/BeefCattle_Muzzle_Individualized/cattle_6505/cattle_6505_DSCF6988.jpg,cattle_6505,14,val
BeefCattle_Muzzle_database/BeefCattle_Muzzle_Individualized/cattle_6505/cattle_6505_DSCF6993.jpg,cattle_6505,14,test
BeefCattle_Muzzle_database/BeefCattle_Muzzle_Individualized/cattle_6505/cattle_6505_DSCF6990.jpg,cattle_6505,14,test
BeefCattle_Muzzle_database/BeefCattle_Muzzle_Individualized/cattle_6505/cattle_6505_DSCF6985.jpg,cattle_6505,14,test
BeefCattle_Muzzle_database/BeefCattle_Muzzle_Individualized/cattle_6506/cattle_6506_DSCF7061.jpg,cattle_6506,18,train
BeefCattle_Muzzle_database/BeefCattle_Muzzle_Individualized/cattle_6506/cattle_6506_DSCF7050.jpg,cattle_6506,18,train
BeefCattle_Muzzle_database/BeefCattle_Muzzle_Individualized/cattle_6506/cattle_6506_DSCF7054.jpg,cattle_6506,18,train
BeefCattle_Muzzle_database/BeefCattle_Muzzle_Individualized/cattle_6506/cattle_6506_DSCF7058.jpg,cattle_6506,18,train
BeefCattle_Muzzle_database/BeefCattle_Muzzle_Individualized/cattle_6506/cattle_6506_DSCF7057.jpg,cattle_6506,18,train
BeefCattle_Muzzle_database/BeefCattle_Muzzle_Individualized/cattle_6506/cattle_6506_DSCF7059.jpg,cattle_6506,18,train
BeefCattle_Muzzle_database/BeefCattle_Muzzle_Individualized/cattle_6506/cattle_6506_DSCF7047.jpg,cattle_6506,18,train
BeefCattle_Muzzle_database/BeefCattle_Muzzle_Individualized/cattle_6506/cattle_6506_DSCF7049.jpg,cattle_6506,18,train
BeefCattle_Muzzle_database/BeefCattle_Muzzle_Individualized/cattle_6506/cattle_6506_DSCF7052.jpg,cattle_6506,18,train
BeefCattle_Muzzle_database/BeefCattle_Muzzle_Individualized/cattle_6506/cattle_6506_DSCF7051.jpg,cattle_6506,18,train
BeefCattle_Muzzle_database/BeefCattle_Muzzle_Individualized/cattle_6506/cattle_6506_DSCF7055.jpg,cattle_6506,18,train
BeefCattle_Muzzle_database/BeefCattle_Muzzle_Individualized/cattle_6506/cattle_6506_DSCF7048.jpg,cattle_6506,18,train
BeefCattle_Muzzle_database/BeefCattle_Muzzle_Individualized/cattle_6506/cattle_6506_DSCF7044.jpg,cattle_6506,18,val
BeefCattle_Muzzle_database/BeefCattle_Muzzle_Individualized/cattle_6506/cattle_6506_DSCF7045.jpg,cattle_6506,18,val
BeefCattle_Muzzle_database/BeefCattle_Muzzle_Individualized/cattle_6506/cattle_6506_DSCF7046.jpg,cattle_6506,18,test
BeefCattle_Muzzle_database/BeefCattle_Muzzle_Individualized/cattle_6506/cattle_6506_DSCF7053.jpg,cattle_6506,18,test
BeefCattle_Muzzle_database/BeefCattle_Muzzle_Individualized/cattle_6506/cattle_6506_DSCF7060.jpg,cattle_6506,18,test
BeefCattle_Muzzle_database/BeefCattle_Muzzle_Individualized/cattle_6506/cattle_6506_DSCF7056.jpg,cattle_6506,18,test
BeefCattle_Muzzle_database/BeefCattle_Muzzle_Individualized/cattle_6530/cattle_6530_DSCF7016.jpg,cattle_6530,10,train
BeefCattle_Muzzle_database/BeefCattle_Muzzle_Individualized/cattle_6530/cattle_6530_DSCF7015.jpg,cattle_6530,10,train
BeefCattle_Muzzle_database/BeefCattle_Muzzle_Individualized/cattle_6530/cattle_6530_DSCF7014.jpg,cattle_6530,10,train
BeefCattle_Muzzle_database/BeefCattle_Muzzle_Individualized/cattle_6530/cattle_6530_DSCF7011.jpg,cattle_6530,10,train
BeefCattle_Muzzle_database/BeefCattle_Muzzle_Individualized/cattle_6530/cattle_6530_DSCF7012.jpg,cattle_6530,10,train
BeefCattle_Muzzle_database/BeefCattle_Muzzle_Individualized/cattle_6530/cattle_6530_DSCF7008.jpg,cattle_6530,10,train
BeefCattle_Muzzle_database/BeefCattle_Muzzle_Individualized/cattle_6530/cattle_6530_DSCF7007.jpg,cattle_6530,10,train
BeefCattle_Muzzle_database/BeefCattle_Muzzle_Individualized/cattle_6530/cattle_6530_DSCF7013.jpg,cattle_6530,10,val
BeefCattle_Muzzle_database/BeefCattle_Muzzle_Individualized/cattle_6530/cattle_6530_DSCF7009.jpg,cattle_6530,10,test
BeefCattle_Muzzle_database/BeefCattle_Muzzle_Individualized/cattle_6530/cattle_6530_DSCF7010.jpg,cattle_6530,10,test
BeefCattle_Muzzle_database/BeefCattle_Muzzle_Individualized/cattle_6606/cattle_6606_DSCF8697.jpg,cattle_6606,12,train
BeefCattle_Muzzle_database/BeefCattle_Muzzle_Individualized/cattle_6606/cattle_6606_DSCF8703.jpg,cattle_6606,12,train
BeefCattle_Muzzle_database/BeefCattle_Muzzle_Individualized/cattle_6606/cattle_6606_DSCF8704.jpg,cattle_6606,12,train
BeefCattle_Muzzle_database/BeefCattle_Muzzle_Individualized/cattle_6606/cattle_6606_DSCF8696.jpg,cattle_6606,12,train
BeefCattle_Muzzle_database/BeefCattle_Muzzle_Individualized/cattle_6606/cattle_6606_DSCF8652.jpg,cattle_6606,12,train
BeefCattle_Muzzle_database/BeefCattle_Muzzle_Individualized/cattle_6606/cattle_6606_DSCF8699.jpg,cattle_6606,12,train
BeefCattle_Muzzle_database/BeefCattle_Muzzle_Individualized/cattle_6606/cattle_6606_DSCF8700.jpg,cattle_6606,12,train
BeefCattle_Muzzle_database/BeefCattle_Muzzle_Individualized/cattle_6606/cattle_6606_DSCF8698.jpg,cattle_6606,12,train
BeefCattle_Muzzle_database/BeefCattle_Muzzle_Individualized/cattle_6606/cattle_6606_DSCF8653.jpg,cattle_6606,12,val
BeefCattle_Muzzle_database/BeefCattle_Muzzle_Individualized/cattle_6606/cattle_6606_DSCF8655.jpg,cattle_6606,12,test
BeefCattle_Muzzle_database/BeefCattle_Muzzle_Individualized/cattle_6606/cattle_6606_DSCF8701.jpg,cattle_6606,12,test
BeefCattle_Muzzle_database/BeefCattle_Muzzle_Individualized/cattle_6606/cattle_6606_DSCF8702.jpg,cattle_6606,12,test
BeefCattle_Muzzle_database/BeefCattle_Muzzle_Individualized/cattle_8094/cattle_8094_DSCF8491.jpg,cattle_8094,10,train
BeefCattle_Muzzle_database/BeefCattle_Muzzle_Individualized/cattle_8094/cattle_8094_DSCF8493.jpg,cattle_8094,10,train
BeefCattle_Muzzle_database/BeefCattle_Muzzle_Individualized/cattle_8094/cattle_8094_DSCF8492.jpg,cattle_8094,10,train
BeefCattle_Muzzle_database/BeefCattle_Muzzle_Individualized/cattle_8094/cattle_8094_DSCF8496.jpg,cattle_8094,10,train
BeefCattle_Muzzle_database/BeefCattle_Muzzle_Individualized/cattle_8094/cattle_8094_DSCF8498.jpg,cattle_8094,10,train
BeefCattle_Muzzle_database/BeefCattle_Muzzle_Individualized/cattle_8094/cattle_8094_DSCF8499.jpg,cattle_8094,10,train
BeefCattle_Muzzle_database/BeefCattle_Muzzle_Individualized/cattle_8094/cattle_8094_DSCF8497.jpg,cattle_8094,10,train
BeefCattle_Muzzle_database/BeefCattle_Muzzle_Individualized/cattle_8094/cattle_8094_DSCF8501.jpg,cattle_8094,10,val
BeefCattle_Muzzle_database/BeefCattle_Muzzle_Individualized/cattle_8094/cattle_8094_DSCF8490.jpg,cattle_8094,10,test
BeefCattle_Muzzle_database/BeefCattle_Muzzle_Individualized/cattle_8094/cattle_8094_DSCF8500.jpg,cattle_8094,10,test
BeefCattle_Muzzle_database/BeefCattle_Muzzle_Individualized/cattle_8095/cattle_8095_DSCF8499.jpg,cattle_8095,8,train
BeefCattle_Muzzle_database/BeefCattle_Muzzle_Individualized/cattle_8095/cattle_8095_DSCF8498.jpg,cattle_8095,8,train
BeefCattle_Muzzle_database/BeefCattle_Muzzle_Individualized/cattle_8095/cattle_8095_DSCF8493.jpg,cattle_8095,8,train
BeefCattle_Muzzle_database/BeefCattle_Muzzle_Individualized/cattle_8095/cattle_8095_DSCF8496.jpg,cattle_8095,8,train
BeefCattle_Muzzle_database/BeefCattle_Muzzle_Individualized/cattle_8095/cattle_8095_DSCF8492.jpg,cattle_8095,8,train
BeefCattle_Muzzle_database/BeefCattle_Muzzle_Individualized/cattle_8095/cattle_8095_DSCF8501.jpg,cattle_8095,8,val
BeefCattle_Muzzle_database/BeefCattle_Muzzle_Individualized/cattle_8095/cattle_8095_DSCF8497.jpg,cattle_8095,8,test
BeefCattle_Muzzle_database/BeefCattle_Muzzle_Individualized/cattle_8095/cattle_8095_DSCF8500.jpg,cattle_8095,8,test
BeefCattle_Muzzle_database/BeefCattle_Muzzle_Individualized/cattle_9021/cattle_9021_DSCF8548.jpg,cattle_9021,10,train
BeefCattle_Muzzle_database/BeefCattle_Muzzle_Individualized/cattle_9021/cattle_9021_DSCF8554.jpg,cattle_9021,10,train
BeefCattle_Muzzle_database/BeefCattle_Muzzle_Individualized/cattle_9021/cattle_9021_DSCF8553.jpg,cattle_9021,10,train
BeefCattle_Muzzle_database/BeefCattle_Muzzle_Individualized/cattle_9021/cattle_9021_DSCF8549.jpg,cattle_9021,10,train
BeefCattle_Muzzle_database/BeefCattle_Muzzle_Individualized/cattle_9021/cattle_9021_DSCF8555.jpg,cattle_9021,10,train
BeefCattle_Muzzle_database/BeefCattle_Muzzle_Individualized/cattle_9021/cattle_9021_DSCF8552.jpg,cattle_9021,10,train
BeefCattle_Muzzle_database/BeefCattle_Muzzle_Individualized/cattle_9021/cattle_9021_DSCF8556.jpg,cattle_9021,10,train
BeefCattle_Muzzle_database/BeefCattle_Muzzle_Individualized/cattle_9021/cattle_9021_DSCF8551.jpg,cattle_9021,10,val
BeefCattle_Muzzle_database/BeefCattle_Muzzle_Individualized/cattle_9021/cattle_9021_DSCF8547.jpg,cattle_9021,10,test
BeefCattle_Muzzle_database/BeefCattle_Muzzle_Individualized/cattle_9021/cattle_9021_DSCF8550.jpg,cattle_9021,10,test
BeefCattle_Muzzle_database/BeefCattle_Muzzle_Individualized/cattle_9029/cattle_9029_DSCF8559.jpg,cattle_9029,29,train
BeefCattle_Muzzle_database/BeefCattle_Muzzle_Individualized/cattle_9029/cattle_9029_DSCF8552.jpg,cattle_9029,29,train
BeefCattle_Muzzle_database/BeefCattle_Muzzle_Individualized/cattle_9029/cattle_9029_DSCF8555.jpg,cattle_9029,29,train
BeefCattle_Muzzle_database/BeefCattle_Muzzle_Individualized/cattle_9029/cattle_9029_DSCF8556.jpg,cattle_9029,29,train
BeefCattle_Muzzle_database/BeefCattle_Muzzle_Individualized/cattle_9029/cattle_9029_DSCF8546.jpg,cattle_9029,29,train
BeefCattle_Muzzle_database/BeefCattle_Muzzle_Individualized/cattle_9029/cattle_9029_DSCF8557.jpg,cattle_9029,29,train
BeefCattle_Muzzle_database/BeefCattle_Muzzle_Individualized/cattle_9029/cattle_9029_DSCF8566.jpg,cattle_9029,29,train
BeefCattle_Muzzle_database/BeefCattle_Muzzle_Individualized/cattle_9029/cattle_9029_DSCF8545.jpg,cattle_9029,29,train
BeefCattle_Muzzle_database/BeefCattle_Muzzle_Individualized/cattle_9029/cattle_9029_DSCF8547.jpg,cattle_9029,29,train
BeefCattle_Muzzle_database/BeefCattle_Muzzle_Individualized/cattle_9029/cattle_9029_DSCF8549.jpg,cattle_9029,29,train
BeefCattle_Muzzle_database/BeefCattle_Muzzle_Individualized/cattle_9029/cattle_9029_DSCF8570.jpg,cattle_9029,29,train
BeefCattle_Muzzle_database/BeefCattle_Muzzle_Individualized/cattle_9029/cattle_9029_DSCF8550.jpg,cattle_9029,29,train
BeefCattle_Muzzle_database/BeefCattle_Muzzle_Individualized/cattle_9029/cattle_9029_DSCF8569.jpg,cattle_9029,29,train
BeefCattle_Muzzle_database/BeefCattle_Muzzle_Individualized/cattle_9029/cattle_9029_DSCF8563.jpg,cattle_9029,29,train
BeefCattle_Muzzle_database/BeefCattle_Muzzle_Individualized/cattle_9029/cattle_9029_DSCF8573.jpg,cattle_9029,29,train
BeefCattle_Muzzle_database/BeefCattle_Muzzle_Individualized/cattle_9029/cattle_9029_DSCF8553.jpg,cattle_9029,29,train
BeefCattle_Muzzle_database/BeefCattle_Muzzle_Individualized/cattle_9029/cattle_9029_DSCF8562.jpg,cattle_9029,29,train
BeefCattle_Muzzle_database/BeefCattle_Muzzle_Individualized/cattle_9029/cattle_9029_DSCF8551.jpg,cattle_9029,29,train
BeefCattle_Muzzle_database/BeefCattle_Muzzle_Individualized/cattle_9029/cattle_9029_DSCF8560.jpg,cattle_9029,29,train
BeefCattle_Muzzle_database/BeefCattle_Muzzle_Individualized/cattle_9029/cattle_9029_DSCF8565.jpg,cattle_9029,29,train
BeefCattle_Muzzle_database/BeefCattle_Muzzle_Individualized/cattle_9029/cattle_9029_DSCF8567.jpg,cattle_9029,29,val
BeefCattle_Muzzle_database/BeefCattle_Muzzle_Individualized/cattle_9029/cattle_9029_DSCF8554.jpg,cattle_9029,29,val
BeefCattle_Muzzle_database/BeefCattle_Muzzle_Individualized/cattle_9029/cattle_9029_DSCF8572.jpg,cattle_9029,29,val
BeefCattle_Muzzle_database/BeefCattle_Muzzle_Individualized/cattle_9029/cattle_9029_DSCF8564.jpg,cattle_9029,29,val
BeefCattle_Muzzle_database/BeefCattle_Muzzle_Individualized/cattle_9029/cattle_9029_DSCF8568.jpg,cattle_9029,29,test
BeefCattle_Muzzle_database/BeefCattle_Muzzle_Individualized/cattle_9029/cattle_9029_DSCF8561.jpg,cattle_9029,29,test
BeefCattle_Muzzle_database/BeefCattle_Muzzle_Individualized/cattle_9029/cattle_9029_DSCF8548.jpg,cattle_9029,29,test
BeefCattle_Muzzle_database/BeefCattle_Muzzle_Individualized/cattle_9029/cattle_9029_DSCF8571.jpg,cattle_9029,29,test
BeefCattle_Muzzle_database/BeefCattle_Muzzle_Individualized/cattle_9029/cattle_9029_DSCF8558.jpg,cattle_9029,29,test
BeefCattle_Muzzle_database/BeefCattle_Muzzle_Individualized/cattle_9634/cattle_9634_DSCF8600.jpg,cattle_9634,31,train
BeefCattle_Muzzle_database/BeefCattle_Muzzle_Individualized/cattle_9634/cattle_9634_DSCF8607.jpg,cattle_9634,31,train
BeefCattle_Muzzle_database/BeefCattle_Muzzle_Individualized/cattle_9634/cattle_9634_DSCF8602.jpg,cattle_9634,31,train
BeefCattle_Muzzle_database/BeefCattle_Muzzle_Individualized/cattle_9634/cattle_9634_DSCF8615.jpg,cattle_9634,31,train
BeefCattle_Muzzle_database/BeefCattle_Muzzle_Individualized/cattle_9634/cattle_9634_DSCF8592.jpg,cattle_9634,31,train
BeefCattle_Muzzle_database/BeefCattle_Muzzle_Individualized/cattle_9634/cattle_9634_DSCF8591.jpg,cattle_9634,31,train
BeefCattle_Muzzle_database/BeefCattle_Muzzle_Individualized/cattle_9634/cattle_9634_DSCF8595.jpg,cattle_9634,31,train
BeefCattle_Muzzle_database/BeefCattle_Muzzle_Individualized/cattle_9634/cattle_9634_DSCF8603.jpg,cattle_9634,31,train
BeefCattle_Muzzle_database/BeefCattle_Muzzle_Individualized/cattle_9634/cattle_9634_DSCF8601.jpg,cattle_9634,31,train
BeefCattle_Muzzle_database/BeefCattle_Muzzle_Individualized/cattle_9634/cattle_9634_DSCF8609.jpg,cattle_9634,31,train
BeefCattle_Muzzle_database/BeefCattle_Muzzle_Individualized/cattle_9634/cattle_9634_DSCF8587.jpg,cattle_9634,31,train
BeefCattle_Muzzle_database/BeefCattle_Muzzle_Individualized/cattle_9634/cattle_9634_DSCF8619.jpg,cattle_9634,31,train
BeefCattle_Muzzle_database/BeefCattle_Muzzle_Individualized/cattle_9634/cattle_9634_DSCF8610.jpg,cattle_9634,31,train
BeefCattle_Muzzle_database/BeefCattle_Muzzle_Individualized/cattle_9634/cattle_9634_DSCF8613.jpg,cattle_9634,31,train
BeefCattle_Muzzle_database/BeefCattle_Muzzle_Individualized/cattle_9634/cattle_9634_DSCF8612.jpg,cattle_9634,31,train
BeefCattle_Muzzle_database/BeefCattle_Muzzle_Individualized/cattle_9634/cattle_9634_DSCF8604.jpg,cattle_9634,31,train
BeefCattle_Muzzle_database/BeefCattle_Muzzle_Individualized/cattle_9634/cattle_9634_DSCF8593.jpg,cattle_9634,31,train
BeefCattle_Muzzle_database/BeefCattle_Muzzle_Individualized/cattle_9634/cattle_9634_DSCF8594.jpg,cattle_9634,31,train
BeefCattle_Muzzle_database/BeefCattle_Muzzle_Individualized/cattle_9634/cattle_9634_DSCF8616.jpg,cattle_9634,31,train
BeefCattle_Muzzle_database/BeefCattle_Muzzle_Individualized/cattle_9634/cattle_9634_DSCF8614.jpg,cattle_9634,31,train
BeefCattle_Muzzle_database/BeefCattle_Muzzle_Individualized/cattle_9634/cattle_9634_DSCF8606.jpg,cattle_9634,31,train
BeefCattle_Muzzle_database/BeefCattle_Muzzle_Individualized/cattle_9634/cattle_9634_DSCF8617.jpg,cattle_9634,31,val
BeefCattle_Muzzle_database/BeefCattle_Muzzle_Individualized/cattle_9634/cattle_9634_DSCF8590.jpg,cattle_9634,31,val
BeefCattle_Muzzle_database/BeefCattle_Muzzle_Individualized/cattle_9634/cattle_9634_DSCF8605.jpg,cattle_9634,31,val
BeefCattle_Muzzle_database/BeefCattle_Muzzle_Individualized/cattle_9634/cattle_9634_DSCF8618.jpg,cattle_9634,31,val
BeefCattle_Muzzle_database/BeefCattle_Muzzle_Individualized/cattle_9634/cattle_9634_DSCF8608.jpg,cattle_9634,31,test
BeefCattle_Muzzle_database/BeefCattle_Muzzle_Individualized/cattle_9634/cattle_9634_DSCF8589.jpg,cattle_9634,31,test
BeefCattle_Muzzle_database/BeefCattle_Muzzle_Individualized/cattle_9634/cattle_9634_DSCF8588.jpg,cattle_9634,31,test
BeefCattle_Muzzle_database/BeefCattle_Muzzle_Individualized/cattle_9634/cattle_9634_DSCF8611.jpg,cattle_9634,31,test
BeefCattle_Muzzle_database/BeefCattle_Muzzle_Individualized/cattle_9634/cattle_9634_DSCF8620.jpg,cattle_9634,31,test
BeefCattle_Muzzle_database/BeefCattle_Muzzle_Individualized/cattle_9634/cattle_9634_DSCF8586.jpg,cattle_9634,31,test
BeefCattle_Muzzle_database/BeefCattle_Muzzle_Individualized/cattle_9635/cattle_9635_DSCF8603.jpg,cattle_9635,8,train
BeefCattle_Muzzle_database/BeefCattle_Muzzle_Individualized/cattle_9635/cattle_9635_DSCF8604.jpg,cattle_9635,8,train
BeefCattle_Muzzle_database/BeefCattle_Muzzle_Individualized/cattle_9635/cattle_9635_DSCF8602.jpg,cattle_9635,8,train
BeefCattle_Muzzle_database/BeefCattle_Muzzle_Individualized/cattle_9635/cattle_9635_DSCF8607.jpg,cattle_9635,8,train
BeefCattle_Muzzle_database/BeefCattle_Muzzle_Individualized/cattle_9635/cattle_9635_DSCF8605.jpg,cattle_9635,8,train
BeefCattle_Muzzle_database/BeefCattle_Muzzle_Individualized/cattle_9635/cattle_9635_DSCF8600.jpg,cattle_9635,8,val
BeefCattle_Muzzle_database/BeefCattle_Muzzle_Individualized/cattle_9635/cattle_9635_DSCF8606.jpg,cattle_9635,8,test
BeefCattle_Muzzle_database/BeefCattle_Muzzle_Individualized/cattle_9635/cattle_9635_DSCF8601.jpg,cattle_9635,8,test
BeefCattle_Muzzle_database/BeefCattle_Muzzle_Individualized/cattle_9736/cattle_9736_DSCF8515.jpg,cattle_9736,18,train
BeefCattle_Muzzle_database/BeefCattle_Muzzle_Individualized/cattle_9736/cattle_9736_DSCF8528.jpg,cattle_9736,18,train
BeefCattle_Muzzle_database/BeefCattle_Muzzle_Individualized/cattle_9736/cattle_9736_DSCF8522.jpg,cattle_9736,18,train
BeefCattle_Muzzle_database/BeefCattle_Muzzle_Individualized/cattle_9736/cattle_9736_DSCF8523.jpg,cattle_9736,18,train
BeefCattle_Muzzle_database/BeefCattle_Muzzle_Individualized/cattle_9736/cattle_9736_DSCF8530.jpg,cattle_9736,18,train
BeefCattle_Muzzle_database/BeefCattle_Muzzle_Individualized/cattle_9736/cattle_9736_DSCF8521.jpg,cattle_9736,18,train
BeefCattle_Muzzle_database/BeefCattle_Muzzle_Individualized/cattle_9736/cattle_9736_DSCF8518.jpg,cattle_9736,18,train
BeefCattle_Muzzle_database/BeefCattle_Muzzle_Individualized/cattle_9736/cattle_9736_DSCF8527.jpg,cattle_9736,18,train
BeefCattle_Muzzle_database/BeefCattle_Muzzle_Individualized/cattle_9736/cattle_9736_DSCF8517.jpg,cattle_9736,18,train
BeefCattle_Muzzle_database/BeefCattle_Muzzle_Individualized/cattle_9736/cattle_9736_DSCF8532.jpg,cattle_9736,18,train
BeefCattle_Muzzle_database/BeefCattle_Muzzle_Individualized/cattle_9736/cattle_9736_DSCF8520.jpg,cattle_9736,18,train
BeefCattle_Muzzle_database/BeefCattle_Muzzle_Individualized/cattle_9736/cattle_9736_DSCF8516.jpg,cattle_9736,18,train
BeefCattle_Muzzle_database/BeefCattle_Muzzle_Individualized/cattle_9736/cattle_9736_DSCF8531.jpg,cattle_9736,18,val
BeefCattle_Muzzle_database/BeefCattle_Muzzle_Individualized/cattle_9736/cattle_9736_DSCF8519.jpg,cattle_9736,18,val
BeefCattle_Muzzle_database/BeefCattle_Muzzle_Individualized/cattle_9736/cattle_9736_DSCF8524.jpg,cattle_9736,18,test
BeefCattle_Muzzle_database/BeefCattle_Muzzle_Individualized/cattle_9736/cattle_9736_DSCF8529.jpg,cattle_9736,18,test
BeefCattle_Muzzle_database/BeefCattle_Muzzle_Individualized/cattle_9736/cattle_9736_DSCF8526.jpg,cattle_9736,18,test
BeefCattle_Muzzle_database/BeefCattle_Muzzle_Individualized/cattle_9736/cattle_9736_DSCF8525.jpg,cattle_9736,18,test
BeefCattle_Muzzle_database/BeefCattle_Muzzle_Individualized/cattle_9742/cattle_9742_DSCF8523.jpg,cattle_9742,19,train
BeefCattle_Muzzle_database/BeefCattle_Muzzle_Individualized/cattle_9742/cattle_9742_DSCF8526.jpg,cattle_9742,19,train
BeefCattle_Muzzle_database/BeefCattle_Muzzle_Individualized/cattle_9742/cattle_9742_DSCF8531.jpg,cattle_9742,19,train
BeefCattle_Muzzle_database/BeefCattle_Muzzle_Individualized/cattle_9742/cattle_9742_DSCF8532.jpg,cattle_9742,19,train
BeefCattle_Muzzle_database/BeefCattle_Muzzle_Individualized/cattle_9742/cattle_9742_DSCF8530.jpg,cattle_9742,19,train
BeefCattle_Muzzle_database/BeefCattle_Muzzle_Individualized/cattle_9742/cattle_9742_DSCF8529.jpg,cattle_9742,19,train
BeefCattle_Muzzle_database/BeefCattle_Muzzle_Individualized/cattle_9742/cattle_9742_DSCF8524.jpg,cattle_9742,19,train
BeefCattle_Muzzle_database/BeefCattle_Muzzle_Individualized/cattle_9742/cattle_9742_DSCF8522.jpg,cattle_9742,19,train
BeefCattle_Muzzle_database/BeefCattle_Muzzle_Individualized/cattle_9742/cattle_9742_DSCF8521.jpg,cattle_9742,19,train
BeefCattle_Muzzle_database/BeefCattle_Muzzle_Individualized/cattle_9742/cattle_9742_DSCF8520.jpg,cattle_9742,19,train
BeefCattle_Muzzle_database/BeefCattle_Muzzle_Individualized/cattle_9742/cattle_9742_DSCF8515.jpg,cattle_9742,19,train
BeefCattle_Muzzle_database/BeefCattle_Muzzle_Individualized/cattle_9742/cattle_9742_DSCF8516.jpg,cattle_9742,19,train
BeefCattle_Muzzle_database/BeefCattle_Muzzle_Individualized/cattle_9742/cattle_9742_DSCF8502.jpg,cattle_9742,19,train
BeefCattle_Muzzle_database/BeefCattle_Muzzle_Individualized/cattle_9742/cattle_9742_DSCF8528.jpg,cattle_9742,19,val
BeefCattle_Muzzle_database/BeefCattle_Muzzle_Individualized/cattle_9742/cattle_9742_DSCF8525.jpg,cattle_9742,19,val
BeefCattle_Muzzle_database/BeefCattle_Muzzle_Individualized/cattle_9742/cattle_9742_DSCF8518.jpg,cattle_9742,19,test
BeefCattle_Muzzle_database/BeefCattle_Muzzle_Individualized/cattle_9742/cattle_9742_DSCF8517.jpg,cattle_9742,19,test
BeefCattle_Muzzle_database/BeefCattle_Muzzle_Individualized/cattle_9742/cattle_9742_DSCF8519.jpg,cattle_9742,19,test
BeefCattle_Muzzle_database/BeefCattle_Muzzle_Individualized/cattle_9742/cattle_9742_DSCF8527.jpg,cattle_9742,19,test
BeefCattle_Muzzle_database/BeefCattle_Muzzle_Individualized/cattle_9773/cattle_9773_DSCF8542.jpg,cattle_9773,10,train
BeefCattle_Muzzle_database/BeefCattle_Muzzle_Individualized/cattle_9773/cattle_9773_DSCF8534.jpg,cattle_9773,10,train
BeefCattle_Muzzle_database/BeefCattle_Muzzle_Individualized/cattle_9773/cattle_9773_DSCF8537.jpg,cattle_9773,10,train
BeefCattle_Muzzle_database/BeefCattle_Muzzle_Individualized/cattle_9773/cattle_9773_DSCF8539.jpg,cattle_9773,10,train
BeefCattle_Muzzle_database/BeefCattle_Muzzle_Individualized/cattle_9773/cattle_9773_DSCF8538.jpg,cattle_9773,10,train
BeefCattle_Muzzle_database/BeefCattle_Muzzle_Individualized/cattle_9773/cattle_9773_DSCF8536.jpg,cattle_9773,10,train
BeefCattle_Muzzle_database/BeefCattle_Muzzle_Individualized/cattle_9773/cattle_9773_DSCF8533.jpg,cattle_9773,10,train
BeefCattle_Muzzle_database/BeefCattle_Muzzle_Individualized/cattle_9773/cattle_9773_DSCF8541.jpg,cattle_9773,10,val
BeefCattle_Muzzle_database/BeefCattle_Muzzle_Individualized/cattle_9773/cattle_9773_DSCF8540.jpg,cattle_9773,10,test
BeefCattle_Muzzle_database/BeefCattle_Muzzle_Individualized/cattle_9773/cattle_9773_DSCF8535.jpg,cattle_9773,10,test
BeefCattle_Muzzle_database/BeefCattle_Muzzle_Individualized/cattle_9798/cattle_9798_DSCF8513.jpg,cattle_9798,42,train
BeefCattle_Muzzle_database/BeefCattle_Muzzle_Individualized/cattle_9798/cattle_9798_DSCF8511.jpg,cattle_9798,42,train
BeefCattle_Muzzle_database/BeefCattle_Muzzle_Individualized/cattle_9798/cattle_9798_DSCF8568.jpg,cattle_9798,42,train
BeefCattle_Muzzle_database/BeefCattle_Muzzle_Individualized/cattle_9798/cattle_9798_DSCF8562.jpg,cattle_9798,42,train
BeefCattle_Muzzle_database/BeefCattle_Muzzle_Individualized/cattle_9798/cattle_9798_DSCF8560.jpg,cattle_9798,42,train
BeefCattle_Muzzle_database/BeefCattle_Muzzle_Individualized/cattle_9798/cattle_9798_DSCF8565.jpg,cattle_9798,42,train
BeefCattle_Muzzle_database/BeefCattle_Muzzle_Individualized/cattle_9798/cattle_9798_DSCF8543.jpg,cattle_9798,42,train
BeefCattle_Muzzle_database/BeefCattle_Muzzle_Individualized/cattle_9798/cattle_9798_DSCF8512.jpg,cattle_9798,42,train
BeefCattle_Muzzle_database/BeefCattle_Muzzle_Individualized/cattle_9798/cattle_9798_DSCF8506.jpg,cattle_9798,42,train
BeefCattle_Muzzle_database/BeefCattle_Muzzle_Individualized/cattle_9798/cattle_9798_DSCF8537.jpg,cattle_9798,42,train
BeefCattle_Muzzle_database/BeefCattle_Muzzle_Individualized/cattle_9798/cattle_9798_DSCF8571.jpg,cattle_9798,42,train
BeefCattle_Muzzle_database/BeefCattle_Muzzle_Individualized/cattle_9798/cattle_9798_DSCF8539.jpg,cattle_9798,42,train
BeefCattle_Muzzle_database/BeefCattle_Muzzle_Individualized/cattle_9798/cattle_9798_DSCF8505.jpg,cattle_9798,42,train
BeefCattle_Muzzle_database/BeefCattle_Muzzle_Individualized/cattle_9798/cattle_9798_DSCF8564.jpg,cattle_9798,42,train
BeefCattle_Muzzle_database/BeefCattle_Muzzle_Individualized/cattle_9798/cattle_9798_DSCF8534.jpg,cattle_9798,42,train
BeefCattle_Muzzle_database/BeefCattle_Muzzle_Individualized/cattle_9798/cattle_9798_DSCF8567.jpg,cattle_9798,42,train
BeefCattle_Muzzle_database/BeefCattle_Muzzle_Individualized/cattle_9798/cattle_9798_DSCF8508.jpg,cattle_9798,42,train
BeefCattle_Muzzle_database/BeefCattle_Muzzle_Individualized/cattle_9798/cattle_9798_DSCF8579.jpg,cattle_9798,42,train
BeefCattle_Muzzle_database/BeefCattle_Muzzle_Individualized/cattle_9798/cattle_9798_DSCF8504.jpg,cattle_9798,42,train
BeefCattle_Muzzle_database/BeefCattle_Muzzle_Individualized/cattle_9798/cattle_9798_DSCF8540.jpg,cattle_9798,42,train
BeefCattle_Muzzle_database/BeefCattle_Muzzle_Individualized/cattle_9798/cattle_9798_DSCF8538.jpg,cattle_9798,42,train
BeefCattle_Muzzle_database/BeefCattle_Muzzle_Individualized/cattle_9798/cattle_9798_DSCF8507.jpg,cattle_9798,42,train
BeefCattle_Muzzle_database/BeefCattle_Muzzle_Individualized/cattle_9798/cattle_9798_DSCF8533.jpg,cattle_9798,42,train
BeefCattle_Muzzle_database/BeefCattle_Muzzle_Individualized/cattle_9798/cattle_9798_DSCF8580.jpg,cattle_9798,42,train
BeefCattle_Muzzle_database/BeefCattle_Muzzle_Individualized/cattle_9798/cattle_9798_DSCF8561.jpg,cattle_9798,42,train
BeefCattle_Muzzle_database/BeefCattle_Muzzle_Individualized/cattle_9798/cattle_9798_DSCF8566.jpg,cattle_9798,42,train
BeefCattle_Muzzle_database/BeefCattle_Muzzle_Individualized/cattle_9798/cattle_9798_DSCF8514.jpg,cattle_9798,42,train
BeefCattle_Muzzle_database/BeefCattle_Muzzle_Individualized/cattle_9798/cattle_9798_DSCF8536.jpg,cattle_9798,42,train
BeefCattle_Muzzle_database/BeefCattle_Muzzle_Individualized/cattle_9798/cattle_9798_DSCF8510.jpg,cattle_9798,42,train
BeefCattle_Muzzle_database/BeefCattle_Muzzle_Individualized/cattle_9798/cattle_9798_DSCF8544.jpg,cattle_9798,42,val
BeefCattle_Muzzle_database/BeefCattle_Muzzle_Individualized/cattle_9798/cattle_9798_DSCF8570.jpg,cattle_9798,42,val
BeefCattle_Muzzle_database/BeefCattle_Muzzle_Individualized/cattle_9798/cattle_9798_DSCF8563.jpg,cattle_9798,42,val
BeefCattle_Muzzle_database/BeefCattle_Muzzle_Individualized/cattle_9798/cattle_9798_DSCF8509.jpg,cattle_9798,42,val
BeefCattle_Muzzle_database/BeefCattle_Muzzle_Individualized/cattle_9798/cattle_9798_DSCF8578.jpg,cattle_9798,42,val
BeefCattle_Muzzle_database/BeefCattle_Muzzle_Individualized/cattle_9798/cattle_9798_DSCF8542.jpg,cattle_9798,42,val
BeefCattle_Muzzle_database/BeefCattle_Muzzle_Individualized/cattle_9798/cattle_9798_DSCF8535.jpg,cattle_9798,42,test
BeefCattle_Muzzle_database/BeefCattle_Muzzle_Individualized/cattle_9798/cattle_9798_DSCF8573.jpg,cattle_9798,42,test
BeefCattle_Muzzle_database/BeefCattle_Muzzle_Individualized/cattle_9798/cattle_9798_DSCF8572.jpg,cattle_9798,42,test
BeefCattle_Muzzle_database/BeefCattle_Muzzle_Individualized/cattle_9798/cattle_9798_DSCF8569.jpg,cattle_9798,42,test
BeefCattle_Muzzle_database/BeefCattle_Muzzle_Individualized/cattle_9798/cattle_9798_DSCF8503.jpg,cattle_9798,42,test
BeefCattle_Muzzle_database/BeefCattle_Muzzle_Individualized/cattle_9798/cattle_9798_DSCF8541.jpg,cattle_9798,42,test
BeefCattle_Muzzle_database/BeefCattle_Muzzle_Individualized/cattle_9798/cattle_9798_DSCF8581.jpg,cattle_9798,42,test
BeefCattle_Muzzle_database/BeefCattle_Muzzle_Individualized/cattle_9801/cattle_9801_DSCF8588.jpg,cattle_9801,10,train
BeefCattle_Muzzle_database/BeefCattle_Muzzle_Individualized/cattle_9801/cattle_9801_DSCF8593.jpg,cattle_9801,10,train
BeefCattle_Muzzle_database/BeefCattle_Muzzle_Individualized/cattle_9801/cattle_9801_DSCF8586.jpg,cattle_9801,10,train
BeefCattle_Muzzle_database/BeefCattle_Muzzle_Individualized/cattle_9801/cattle_9801_DSCF8591.jpg,cattle_9801,10,train
BeefCattle_Muzzle_database/BeefCattle_Muzzle_Individualized/cattle_9801/cattle_9801_DSCF8590.jpg,cattle_9801,10,train
BeefCattle_Muzzle_database/BeefCattle_Muzzle_Individualized/cattle_9801/cattle_9801_DSCF8595.jpg,cattle_9801,10,train
BeefCattle_Muzzle_database/BeefCattle_Muzzle_Individualized/cattle_9801/cattle_9801_DSCF8594.jpg,cattle_9801,10,train
BeefCattle_Muzzle_database/BeefCattle_Muzzle_Individualized/cattle_9801/cattle_9801_DSCF8587.jpg,cattle_9801,10,val
BeefCattle_Muzzle_database/BeefCattle_Muzzle_Individualized/cattle_9801/cattle_9801_DSCF8589.jpg,cattle_9801,10,test
BeefCattle_Muzzle_database/BeefCattle_Muzzle_Individualized/cattle_9801/cattle_9801_DSCF8592.jpg,cattle_9801,10,test
